Data Acquisition Time,District LGD Code,District,rainfall,river_water_level,groundwater_level
2024-05-13 11:15:00,568,Chennai,5.5,10.065,-5.36
2024-05-13 11:20:00,568,Chennai,5.5,10.065,-5.36
2024-05-13 11:25:00,568,Chennai,5.5,10.065,-5.36
2024-05-13 11:30:00,568,Chennai,5.5,10.065,-5.36
2024-05-13 11:35:00,568,Chennai,5.5,10.065,-5.36
2024-05-13 11:40:00,568,Chennai,5.5,10.065,-5.36
2024-05-13 11:45:00,568,Chennai,5.5,10.065,-5.36
2024-05-13 11:50:00,568,Chennai,5.5,10.065,-5.36
2024-05-13 11:55:00,568,Chennai,5.5,10.065,-5.36
2024-05-13 12:00:00,568,Chennai,5.5,10.065,-5.36
2024-05-16 07:00:00,568,Chennai,0.75,10.064,-5.31
2024-05-16 08:00:00,568,Chennai,0.75,10.064,-5.31
2024-05-16 11:00:00,568,Chennai,0.5,10.065,-5.37
2024-05-16 12:00:00,568,Chennai,1.25,10.064,-5.37
2024-05-16 13:00:00,568,Chennai,2.0,10.065,-5.37
2024-05-16 14:00:00,568,Chennai,0.75,10.064,-5.37
2024-05-16 15:00:00,568,Chennai,0.5,10.064,-5.37
2024-05-16 19:00:00,568,Chennai,0.5,10.063,-5.38
2024-05-17 11:00:00,568,Chennai,14.0,10.064,-5.36
2024-05-17 12:00:00,568,Chennai,1.5,10.064,-5.36
2024-05-19 01:00:00,568,Chennai,6.0,10.064,-5.32
2024-05-19 02:00:00,568,Chennai,5.0,10.064,-5.32
2024-05-20 05:00:00,568,Chennai,0.5,10.064,-5.29
2024-05-20 06:00:00,568,Chennai,0.5,10.065,-5.29
2024-05-20 07:00:00,568,Chennai,5.5,10.064,-5.29
2024-05-20 08:00:00,568,Chennai,0.5,10.064,-5.29
2024-05-21 04:00:00,568,Chennai,0.5,10.064,-5.3
2024-05-21 05:00:00,568,Chennai,1.5,10.064,-5.3
2024-05-21 07:00:00,568,Chennai,0.5,10.064,-5.3
2024-05-21 15:00:00,568,Chennai,0.5,10.064,-5.34
2024-05-21 16:00:00,568,Chennai,3.5,10.065,-5.37
2024-05-21 18:00:00,568,Chennai,0.5,10.064,-5.37
2024-05-22 11:00:00,568,Chennai,0.5,10.065,-5.35
2024-05-22 12:00:00,568,Chennai,2.0,10.064,-5.35
2024-05-22 20:00:00,568,Chennai,0.5,10.064,-5.38
2024-06-02 00:00:00,568,Chennai,1.5,10.069,-5.37
2024-06-02 01:00:00,568,Chennai,0.5,10.064,-5.37
2024-06-04 19:00:00,568,Chennai,5.0,10.063,-5.44
2024-06-04 20:00:00,568,Chennai,0.5,10.065,-5.44
2024-06-05 16:00:00,568,Chennai,28.0,10.065,-5.29
2024-06-05 17:00:00,568,Chennai,5.25,10.065,-5.29
2024-06-05 19:00:00,568,Chennai,0.5,10.063,-5.29
2024-06-05 22:00:00,568,Chennai,0.5,10.066,-5.26
2024-06-06 21:00:00,568,Chennai,8.25,10.063,-5.32
2024-06-06 22:00:00,568,Chennai,2.0,10.061,-5.25
2024-06-06 23:00:00,568,Chennai,2.5,10.064,-5.25
2024-06-07 00:00:00,568,Chennai,0.75,10.062,-5.25
2024-06-07 02:00:00,568,Chennai,0.75,10.062,-5.25
2024-06-07 03:00:00,568,Chennai,2.5,10.063,-5.25
2024-06-07 07:00:00,568,Chennai,0.5,10.062,-5.23
2024-06-10 18:00:00,568,Chennai,9.75,10.063,-5.29
2024-06-10 19:00:00,568,Chennai,0.5,10.062,-5.29
2024-06-10 20:00:00,568,Chennai,0.5,10.063,-5.29
2024-06-11 21:00:00,568,Chennai,1.0,10.064,-5.32
2024-06-11 22:00:00,568,Chennai,10.25,10.063,-5.22
2024-06-12 00:00:00,568,Chennai,0.5,10.065,-5.22
2024-06-12 02:00:00,568,Chennai,0.5,10.063,-5.22
2024-06-12 03:00:00,568,Chennai,0.5,10.065,-5.22
2024-06-12 23:00:00,568,Chennai,3.5,10.064,-5.13
2024-06-13 00:00:00,568,Chennai,5.75,10.064,-5.13
2024-06-13 02:00:00,568,Chennai,0.5,10.064,-5.13
2024-06-13 18:00:00,568,Chennai,1.0,10.064,-5.2
2024-06-13 19:00:00,568,Chennai,2.5,10.064,-5.2
2024-06-16 23:00:00,568,Chennai,1.5,10.063,-5.1
2024-06-17 10:00:00,568,Chennai,0.5,10.065,-5.17
2024-06-18 02:00:00,568,Chennai,4.25,10.065,-5.12
2024-06-18 03:00:00,568,Chennai,21.0,10.063,-5.12
2024-06-18 04:00:00,568,Chennai,2.5,10.064,-5.07
2024-06-18 05:00:00,568,Chennai,0.5,10.062,-5.07
2024-06-18 22:00:00,568,Chennai,4.5,10.064,-4.93
2024-06-18 23:00:00,568,Chennai,39.25,10.064,-4.93
2024-06-19 00:00:00,568,Chennai,0.75,10.063,-4.93
2024-06-19 01:00:00,568,Chennai,0.75,10.064,-4.93
2024-06-19 02:00:00,568,Chennai,0.5,10.064,-4.93
2024-06-19 16:00:00,568,Chennai,2.0,10.064,-4.93
2024-06-20 22:00:00,568,Chennai,13.75,10.064,-4.78
2024-06-21 19:00:00,568,Chennai,0.5,10.065,-4.85
2024-06-23 22:00:00,568,Chennai,0.5,10.064,-4.79
2024-06-25 21:00:00,568,Chennai,3.5,10.065,-4.9
2024-06-25 22:00:00,568,Chennai,0.5,10.064,-4.85
2024-07-03 22:00:00,568,Chennai,34.0,10.064,-4.76
2024-07-03 23:00:00,568,Chennai,3.0,10.065,-4.76
2024-07-04 00:00:00,568,Chennai,1.75,10.063,-4.76
2024-07-05 23:00:00,568,Chennai,6.25,10.065,-4.62
2024-07-06 00:00:00,568,Chennai,22.75,10.065,-4.62
2024-07-06 01:00:00,568,Chennai,3.75,10.065,-4.62
2024-07-06 02:00:00,568,Chennai,0.5,10.064,-4.62
2024-07-06 03:00:00,568,Chennai,0.5,10.065,-4.62
2024-07-07 18:00:00,568,Chennai,6.25,10.064,-4.46
2024-07-07 21:00:00,568,Chennai,1.0,10.064,-4.46
2024-07-07 22:00:00,568,Chennai,0.5,10.065,-4.45
2024-07-07 23:00:00,568,Chennai,0.5,10.065,-4.45
2024-07-08 02:00:00,568,Chennai,0.5,10.064,-4.45
2024-07-08 03:00:00,568,Chennai,0.5,10.065,-4.45
2024-07-09 05:00:00,568,Chennai,0.5,10.065,-4.49
2024-07-09 07:00:00,568,Chennai,0.5,10.064,-4.49
2024-07-11 01:00:00,568,Chennai,3.5,10.064,-4.54
2024-07-11 04:00:00,568,Chennai,0.5,10.064,-4.52
2024-07-11 05:00:00,568,Chennai,1.0,10.064,-4.52
2024-07-11 06:00:00,568,Chennai,1.25,10.064,-4.52
2024-07-11 07:00:00,568,Chennai,0.5,10.064,-4.52
2024-07-12 21:00:00,568,Chennai,1.5,10.065,-4.62
2024-07-12 22:00:00,568,Chennai,14.5,10.065,-4.48
2024-07-12 23:00:00,568,Chennai,2.75,10.065,-4.48
2024-07-13 00:00:00,568,Chennai,11.75,10.064,-4.48
2024-07-13 01:00:00,568,Chennai,3.75,10.064,-4.48
2024-07-13 02:00:00,568,Chennai,3.25,10.065,-4.48
2024-07-13 03:00:00,568,Chennai,0.75,10.064,-4.48
2024-07-13 05:00:00,568,Chennai,0.5,10.064,-4.41
2024-07-13 06:00:00,568,Chennai,1.0,10.064,-4.41
2024-07-14 14:00:00,568,Chennai,0.5,10.064,-4.39
2024-07-14 23:00:00,568,Chennai,0.5,10.064,-4.38
2024-07-15 03:00:00,568,Chennai,0.5,10.065,-4.38
2024-07-15 05:00:00,568,Chennai,0.5,10.064,-4.38
2024-07-15 13:00:00,568,Chennai,0.5,10.064,-4.44
2024-07-15 14:00:00,568,Chennai,0.5,10.064,-4.44
2024-07-15 15:00:00,568,Chennai,0.75,10.064,-4.44
2024-07-15 16:00:00,568,Chennai,0.5,10.065,-4.48
2024-07-18 18:00:00,568,Chennai,10.0,10.064,-4.52
2024-07-18 19:00:00,568,Chennai,0.75,10.064,-4.52
2024-07-19 13:30:00,568,Chennai,1.0,10.064,-4.55
2024-07-19 14:00:00,568,Chennai,1.0,10.064,-4.55
2024-07-23 20:00:00,568,Chennai,2.0,10.065,-4.64
2024-07-23 21:00:00,568,Chennai,9.0,10.064,-4.64
2024-07-30 21:00:00,568,Chennai,11.5,10.064,-4.74
2024-07-30 23:00:00,568,Chennai,0.5,10.064,-4.7
2024-08-02 22:00:00,568,Chennai,1.0,10.065,-4.76
2024-08-02 23:00:00,568,Chennai,0.5,10.065,-4.76
2024-08-03 23:00:00,568,Chennai,13.5,10.065,-4.75
2024-08-04 00:00:00,568,Chennai,2.0,10.064,-4.75
2024-08-04 01:00:00,568,Chennai,0.75,10.064,-4.75
2024-08-04 18:00:00,568,Chennai,14.5,10.065,-4.75
2024-08-04 19:00:00,568,Chennai,3.5,10.064,-4.75
2024-08-04 21:00:00,568,Chennai,0.5,10.065,-4.75
2024-08-05 01:00:00,568,Chennai,2.0,10.065,-4.73
2024-08-05 02:00:00,568,Chennai,7.0,10.064,-4.73
2024-08-05 03:00:00,568,Chennai,5.5,10.064,-4.73
2024-08-05 04:00:00,568,Chennai,16.25,10.065,-4.59
2024-08-05 05:00:00,568,Chennai,12.5,10.064,-4.59
2024-08-05 06:00:00,568,Chennai,10.75,10.065,-4.59
2024-08-05 07:00:00,568,Chennai,3.25,10.064,-4.59
2024-08-05 08:00:00,568,Chennai,1.5,10.064,-4.59
2024-08-06 20:00:00,568,Chennai,14.5,10.064,-4.5
2024-08-06 21:00:00,568,Chennai,9.75,10.065,-4.5
2024-08-06 22:00:00,568,Chennai,1.5,10.065,-4.42
2024-08-07 03:00:00,568,Chennai,2.0,10.064,-4.42
2024-08-07 04:00:00,568,Chennai,1.5,10.064,-4.41
2024-08-08 04:00:00,568,Chennai,0.5,10.065,-4.43
2024-08-08 15:00:00,568,Chennai,1.5,10.064,-4.49
2024-08-08 16:00:00,568,Chennai,0.5,10.065,-4.54
2024-08-09 14:00:00,568,Chennai,1.0,10.065,-4.47
2024-08-12 06:00:00,568,Chennai,7.0,10.064,-4.49
2024-08-12 09:00:00,568,Chennai,0.5,10.064,-4.49
2024-08-15 03:00:00,568,Chennai,1.0,10.064,-4.56
2024-08-15 07:00:00,568,Chennai,0.5,10.064,-4.55
2024-08-28 05:00:00,568,Chennai,0.5,10.065,-4.73
2024-08-28 06:00:00,568,Chennai,0.5,10.064,-4.73
2024-08-28 08:00:00,568,Chennai,0.5,10.065,-4.73
2024-08-30 21:00:00,568,Chennai,16.5,10.064,-4.86
2024-08-30 22:00:00,568,Chennai,3.0,10.064,-4.75
2024-08-30 23:00:00,568,Chennai,0.75,10.065,-4.75
2024-08-31 00:00:00,568,Chennai,0.5,10.064,-4.75
2024-08-31 03:00:00,568,Chennai,0.5,10.065,-4.75
2024-09-01 14:00:00,568,Chennai,1.5,10.064,-4.73
2024-09-03 01:00:00,568,Chennai,9.5,10.065,-4.78
2024-09-03 02:00:00,568,Chennai,17.5,10.064,-4.78
2024-09-03 07:00:00,568,Chennai,0.5,10.064,-4.67
2024-09-03 08:00:00,568,Chennai,0.5,10.065,-4.67
2024-09-03 21:00:00,568,Chennai,1.5,10.065,-4.74
2024-09-03 22:00:00,568,Chennai,2.0,10.065,-4.64
2024-09-03 23:00:00,568,Chennai,1.25,10.065,-4.64
2024-09-04 00:00:00,568,Chennai,1.0,10.065,-4.64
2024-09-06 00:00:00,568,Chennai,0.5,10.064,-4.65
2024-09-06 02:00:00,568,Chennai,1.0,10.064,-4.65
2024-09-06 03:00:00,568,Chennai,0.5,10.064,-4.65
2024-09-06 04:00:00,568,Chennai,2.0,10.064,-4.63
2024-09-06 06:00:00,568,Chennai,1.0,10.064,-4.63
2024-09-06 07:00:00,568,Chennai,0.75,10.065,-4.63
2024-09-07 03:00:00,568,Chennai,6.75,10.064,-4.66
2024-09-07 04:00:00,568,Chennai,0.5,10.064,-4.61
2024-09-21 00:00:00,568,Chennai,8.5,10.066,-4.84
2024-09-21 01:00:00,568,Chennai,5.75,10.065,-4.84
2024-09-21 02:00:00,568,Chennai,1.5,10.064,-4.84
2024-09-21 03:00:00,568,Chennai,3.0,10.064,-4.84
2024-09-21 04:00:00,568,Chennai,3.75,10.064,-4.81
2024-09-21 05:00:00,568,Chennai,2.25,10.065,-4.81
2024-09-21 06:00:00,568,Chennai,2.25,10.064,-4.81
2024-09-21 07:00:00,568,Chennai,1.25,10.065,-4.81
2024-09-24 01:00:00,568,Chennai,13.0,10.065,-4.83
2024-09-24 02:00:00,568,Chennai,11.75,10.065,-4.83
2024-09-24 03:00:00,568,Chennai,1.5,10.064,-4.83
2024-09-24 04:00:00,568,Chennai,0.75,10.065,-4.73
2024-09-24 17:00:00,568,Chennai,2.75,10.064,-4.8
2024-09-24 18:00:00,568,Chennai,0.5,10.065,-4.8
2024-09-24 19:00:00,568,Chennai,0.5,10.065,-4.8
2024-09-25 18:00:00,568,Chennai,7.0,10.064,-4.8
2024-09-25 19:00:00,568,Chennai,0.5,10.065,-4.8
2024-10-03 16:00:00,568,Chennai,4.5,10.064,-4.58
2024-10-03 17:00:00,568,Chennai,0.5,10.065,-4.58
2024-10-07 21:35:00,568,Chennai,0.5,10.064,-4.58
2024-10-07 21:40:00,568,Chennai,0.5,10.064,-4.58
2024-10-07 21:45:00,568,Chennai,0.5,10.064,-4.58
2024-10-07 21:50:00,568,Chennai,0.5,10.064,-4.58
2024-10-07 21:55:00,568,Chennai,0.5,10.064,-4.58
2024-10-07 22:00:00,568,Chennai,0.5,10.064,-4.58
2024-10-08 01:45:00,568,Chennai,0.5,10.065,-4.58
2024-10-08 01:50:00,568,Chennai,1.0,10.065,-4.58
2024-10-08 01:55:00,568,Chennai,1.0,10.065,-4.58
2024-10-08 02:00:00,568,Chennai,1.0,10.065,-4.58
2024-10-08 02:30:00,568,Chennai,0.5,10.065,-4.58
2024-10-08 02:35:00,568,Chennai,1.5,10.065,-4.58
2024-10-08 02:40:00,568,Chennai,3.5,10.065,-4.58
2024-10-08 02:45:00,568,Chennai,4.5,10.065,-4.58
2024-10-08 02:50:00,568,Chennai,5.5,10.065,-4.58
2024-10-08 03:00:00,568,Chennai,1.0,10.065,-4.58
2024-10-08 06:00:00,568,Chennai,25.5,10.064,-4.56
2024-10-09 01:25:00,568,Chennai,0.5,10.065,-4.6
2024-10-09 01:30:00,568,Chennai,0.5,10.065,-4.6
2024-10-09 01:35:00,568,Chennai,0.5,10.064,-4.6
2024-10-09 01:40:00,568,Chennai,0.5,10.064,-4.6
2024-10-09 01:45:00,568,Chennai,0.5,10.064,-4.6
2024-10-09 01:50:00,568,Chennai,0.5,10.064,-4.6
2024-10-09 01:55:00,568,Chennai,0.5,10.064,-4.6
2024-10-09 02:00:00,568,Chennai,0.5,10.064,-4.6
2024-10-09 03:20:00,568,Chennai,0.5,10.064,-4.58
2024-10-09 03:25:00,568,Chennai,0.5,10.064,-4.58
2024-10-09 03:30:00,568,Chennai,0.5,10.064,-4.58
2024-10-09 03:35:00,568,Chennai,0.5,10.065,-4.58
2024-10-09 03:40:00,568,Chennai,0.5,10.065,-4.58
2024-10-09 03:45:00,568,Chennai,0.5,10.065,-4.58
2024-10-09 03:50:00,568,Chennai,0.5,10.065,-4.58
2024-10-09 03:55:00,568,Chennai,0.5,10.065,-4.58
2024-10-09 04:00:00,568,Chennai,0.5,10.065,-4.58
2024-10-09 05:15:00,568,Chennai,0.5,10.065,-4.58
2024-10-09 05:20:00,568,Chennai,1.5,10.065,-4.58
2024-10-09 05:25:00,568,Chennai,2.0,10.065,-4.58
2024-10-09 05:30:00,568,Chennai,2.0,10.065,-4.58
2024-10-09 05:35:00,568,Chennai,2.0,10.065,-4.58
2024-10-09 05:40:00,568,Chennai,2.0,10.065,-4.58
2024-10-09 05:45:00,568,Chennai,2.0,10.065,-4.58
2024-10-09 05:50:00,568,Chennai,2.0,10.065,-4.58
2024-10-09 05:55:00,568,Chennai,2.0,10.065,-4.58
2024-10-09 06:00:00,568,Chennai,2.0,10.065,-4.58
2024-10-09 06:25:00,568,Chennai,0.5,10.065,-4.58
2024-10-09 06:30:00,568,Chennai,0.5,10.065,-4.58
2024-10-09 06:35:00,568,Chennai,0.5,10.064,-4.58
2024-10-09 06:40:00,568,Chennai,0.5,10.064,-4.58
2024-10-09 06:45:00,568,Chennai,0.5,10.064,-4.58
2024-10-09 06:50:00,568,Chennai,0.5,10.064,-4.58
2024-10-09 06:55:00,568,Chennai,0.5,10.064,-4.58
2024-10-09 07:00:00,568,Chennai,0.5,10.064,-4.58
2024-10-09 09:45:00,568,Chennai,1.0,10.065,-4.61
2024-10-09 09:50:00,568,Chennai,3.5,10.065,-4.61
2024-10-09 09:55:00,568,Chennai,4.5,10.065,-4.61
2024-10-09 10:00:00,568,Chennai,4.75,10.065,-4.61
2024-10-10 03:00:00,568,Chennai,0.5,10.065,-4.6
2024-10-10 04:00:00,568,Chennai,12.0,10.064,-4.58
2024-10-10 05:00:00,568,Chennai,4.0,10.064,-4.58
2024-10-10 06:00:00,568,Chennai,4.5,10.065,-4.58
2024-10-10 07:00:00,568,Chennai,0.5,10.065,-4.58
2024-10-10 10:00:00,568,Chennai,0.5,10.064,-4.63
2024-10-10 11:00:00,568,Chennai,0.5,10.064,-4.63
2024-10-11 03:20:00,568,Chennai,0.5,10.064,-4.58
2024-10-11 03:25:00,568,Chennai,0.5,10.064,-4.58
2024-10-11 03:30:00,568,Chennai,0.5,10.064,-4.58
2024-10-11 03:35:00,568,Chennai,0.5,10.064,-4.58
2024-10-11 03:40:00,568,Chennai,0.5,10.064,-4.58
2024-10-11 03:45:00,568,Chennai,0.5,10.064,-4.58
2024-10-11 03:50:00,568,Chennai,0.5,10.064,-4.58
2024-10-11 03:55:00,568,Chennai,0.5,10.064,-4.58
2024-10-11 04:00:00,568,Chennai,0.5,10.064,-4.58
2024-10-11 08:00:00,568,Chennai,0.5,10.063,-4.58
2024-10-11 09:00:00,568,Chennai,0.5,10.064,-4.58
2024-10-12 02:00:00,568,Chennai,5.5,10.064,-4.58
2024-10-12 05:30:00,568,Chennai,0.5,10.065,-4.58
2024-10-12 05:35:00,568,Chennai,4.5,10.065,-4.58
2024-10-12 05:40:00,568,Chennai,10.0,10.065,-4.58
2024-10-12 05:45:00,568,Chennai,13.5,10.065,-4.58
2024-10-12 05:50:00,568,Chennai,14.5,10.065,-4.58
2024-10-12 06:00:00,568,Chennai,12.75,10.065,-4.58
2024-10-12 06:05:00,568,Chennai,1.0,10.064,-4.58
2024-10-12 06:15:00,568,Chennai,3.0,10.064,-4.58
2024-10-12 06:20:00,568,Chennai,3.0,10.064,-4.58
2024-10-12 06:25:00,568,Chennai,3.0,10.064,-4.58
2024-10-12 06:30:00,568,Chennai,3.0,10.064,-4.58
2024-10-12 06:35:00,568,Chennai,3.0,10.064,-4.58
2024-10-12 06:40:00,568,Chennai,3.0,10.064,-4.58
2024-10-12 06:45:00,568,Chennai,3.0,10.064,-4.58
2024-10-12 06:50:00,568,Chennai,3.0,10.064,-4.58
2024-10-12 06:55:00,568,Chennai,3.0,10.064,-4.58
2024-10-12 07:00:00,568,Chennai,3.0,10.064,-4.58
2024-10-12 08:00:00,568,Chennai,1.0,10.064,-4.58
2024-10-13 06:00:00,568,Chennai,1.5,10.065,-4.55
2024-10-13 14:30:00,568,Chennai,2.5,10.065,-4.56
2024-10-14 01:30:00,568,Chennai,0.5,10.064,-4.55
2024-10-14 02:00:00,568,Chennai,4.25,10.065,-4.55
2024-10-14 02:30:00,568,Chennai,11.0,10.065,-4.55
2024-10-14 03:00:00,568,Chennai,24.5,10.065,-4.55
2024-10-14 03:30:00,568,Chennai,6.0,10.065,-4.44
2024-10-14 04:00:00,568,Chennai,6.5,10.065,-4.44
2024-10-14 04:30:00,568,Chennai,3.0,10.065,-4.44
2024-10-14 05:00:00,568,Chennai,5.25,10.065,-4.44
2024-10-14 05:30:00,568,Chennai,1.0,10.064,-4.44
2024-10-14 06:00:00,568,Chennai,0.75,10.064,-4.44
2024-10-14 10:55:00,568,Chennai,0.5,10.064,-4.49
2024-10-14 11:05:00,568,Chennai,0.5,10.064,-4.49
2024-10-14 11:10:00,568,Chennai,0.5,10.064,-4.49
2024-10-14 11:30:00,568,Chennai,0.5,10.064,-4.49
2024-10-14 12:00:00,568,Chennai,0.5,10.064,-4.49
2024-10-14 12:15:00,568,Chennai,0.5,10.064,-4.49
2024-10-14 12:30:00,568,Chennai,0.5,10.064,-4.49
2024-10-14 13:00:00,568,Chennai,0.5,10.065,-4.49
2024-10-14 18:30:00,568,Chennai,0.5,10.064,-4.51
2024-10-14 19:00:00,568,Chennai,0.75,10.065,-4.51
2024-10-14 21:00:00,568,Chennai,3.25,10.064,-4.51
2024-10-14 21:30:00,568,Chennai,0.5,10.064,-4.37
2024-10-14 22:00:00,568,Chennai,0.5,10.064,-4.37
2024-10-14 22:30:00,568,Chennai,0.75,10.064,-4.37
2024-10-14 23:00:00,568,Chennai,10.75,10.064,-4.37
2024-10-14 23:30:00,568,Chennai,31.25,10.064,-4.37
2024-10-15 00:00:00,568,Chennai,33.25,10.064,-4.37
2024-10-15 00:30:00,568,Chennai,0.75,10.064,-4.37
2024-10-15 01:00:00,568,Chennai,1.0,10.064,-4.37
2024-10-15 03:00:00,568,Chennai,1.0,10.065,-4.37
2024-10-15 03:30:00,568,Chennai,1.0,10.065,-4.21
2024-10-15 04:00:00,568,Chennai,1.0,10.064,-4.21
2024-10-15 07:00:00,568,Chennai,3.5,10.064,-4.21
2024-10-15 07:30:00,568,Chennai,8.0,10.064,-4.21
2024-10-15 08:00:00,568,Chennai,8.5,10.062,-4.21
2024-10-15 09:00:00,568,Chennai,3.5,10.062,-4.21
2024-10-15 09:30:00,568,Chennai,13.5,10.062,-3.97
2024-10-15 10:00:00,568,Chennai,24.75,10.063,-3.97
2024-10-15 10:30:00,568,Chennai,26.75,10.063,-3.97
2024-10-15 11:00:00,568,Chennai,56.25,10.061,-3.97
2024-10-15 11:30:00,568,Chennai,3.0,10.061,-3.97
2024-10-15 12:00:00,568,Chennai,9.75,10.062,-3.97
2024-10-15 12:30:00,568,Chennai,1.5,10.062,-3.97
2024-10-15 13:00:00,568,Chennai,3.0,10.061,-3.97
2024-10-15 13:30:00,568,Chennai,10.25,10.061,-3.97
2024-10-15 14:00:00,568,Chennai,14.0,10.062,-3.97
2024-10-15 14:30:00,568,Chennai,2.0,10.062,-3.97
2024-10-15 15:00:00,568,Chennai,3.0,10.061,-3.97
2024-10-15 15:30:00,568,Chennai,2.5,10.061,-3.76
2024-10-15 16:00:00,568,Chennai,3.25,10.062,-3.76
2024-10-15 16:30:00,568,Chennai,1.0,10.062,-3.76
2024-10-15 17:00:00,568,Chennai,1.75,10.062,-3.76
2024-10-15 17:30:00,568,Chennai,1.0,10.062,-3.76
2024-10-15 18:00:00,568,Chennai,2.0,10.062,-3.76
2024-10-15 18:30:00,568,Chennai,2.25,10.062,-3.76
2024-10-15 19:00:00,568,Chennai,5.5,10.062,-3.76
2024-10-15 19:30:00,568,Chennai,4.5,10.062,-3.76
2024-10-15 20:00:00,568,Chennai,8.75,10.062,-3.76
2024-10-15 20:30:00,568,Chennai,1.5,10.062,-3.76
2024-10-15 21:00:00,568,Chennai,1.5,10.061,-3.76
2024-10-15 21:30:00,568,Chennai,0.5,10.061,-3.64
2024-10-15 22:00:00,568,Chennai,0.5,10.06,-3.64
2024-10-15 23:00:00,568,Chennai,1.5,10.06,-3.64
2024-10-15 23:30:00,568,Chennai,0.5,10.06,-3.64
2024-10-16 00:00:00,568,Chennai,1.5,10.059,-3.64
2024-10-16 00:30:00,568,Chennai,0.5,10.059,-3.64
2024-10-16 01:00:00,568,Chennai,0.5,10.059,-3.64
2024-10-16 01:30:00,568,Chennai,0.5,10.059,-3.64
2024-10-16 02:00:00,568,Chennai,1.0,10.059,-3.64
2024-10-16 02:30:00,568,Chennai,0.5,10.059,-3.64
2024-10-16 03:00:00,568,Chennai,0.75,10.06,-3.64
2024-10-16 03:30:00,568,Chennai,0.5,10.06,-3.61
2024-10-16 04:00:00,568,Chennai,1.0,10.06,-3.61
2024-10-16 04:30:00,568,Chennai,0.5,10.06,-3.61
2024-10-16 05:00:00,568,Chennai,0.75,10.06,-3.61
2024-10-16 05:30:00,568,Chennai,0.5,10.06,-3.61
2024-10-16 06:00:00,568,Chennai,0.5,10.06,-3.61
2024-10-16 06:30:00,568,Chennai,1.5,10.06,-3.61
2024-10-16 07:00:00,568,Chennai,2.0,10.06,-3.61
2024-10-16 07:30:00,568,Chennai,0.5,10.06,-3.61
2024-10-16 08:00:00,568,Chennai,0.75,10.059,-3.61
2024-10-18 03:00:00,568,Chennai,3.0,10.063,-3.63
2024-10-18 07:00:00,568,Chennai,11.0,10.063,-3.63
2024-10-18 08:00:00,568,Chennai,8.5,10.064,-3.63
2024-10-19 04:00:00,568,Chennai,28.0,10.063,-3.55
2024-10-19 05:00:00,568,Chennai,0.5,10.063,-3.55
2024-10-20 04:00:00,568,Chennai,11.5,10.061,-3.51
2024-10-20 05:00:00,568,Chennai,22.0,10.06,-3.51
2024-10-20 06:00:00,568,Chennai,1.5,10.058,-3.51
2024-10-20 11:00:00,568,Chennai,1.0,10.064,-3.5
2024-10-21 06:00:00,568,Chennai,0.75,10.054,-3.51
2024-10-21 10:00:00,568,Chennai,0.5,10.062,-3.55
2024-10-29 18:00:00,568,Chennai,3.5,10.064,-3.89
2024-10-30 13:00:00,568,Chennai,1.5,10.065,-3.88
2024-10-30 14:00:00,568,Chennai,3.25,10.064,-3.88
2024-10-30 15:00:00,568,Chennai,0.5,10.064,-3.88
2024-11-02 04:00:00,568,Chennai,1.5,10.065,-3.87
2024-11-02 08:00:00,568,Chennai,1.0,10.064,-3.87
2024-11-02 09:00:00,568,Chennai,0.5,10.064,-3.87
2024-11-03 05:00:00,568,Chennai,6.0,10.065,-3.81
2024-11-03 06:00:00,568,Chennai,7.0,10.065,-3.81
2024-11-03 07:00:00,568,Chennai,0.5,10.064,-3.81
2024-11-04 05:00:00,568,Chennai,0.5,10.065,-3.82
2024-11-04 06:00:00,568,Chennai,3.75,10.064,-3.82
2024-11-04 07:00:00,568,Chennai,0.5,10.065,-3.82
2024-11-06 15:00:00,568,Chennai,1.0,10.064,-3.93
2024-11-06 21:00:00,568,Chennai,2.0,10.064,-3.95
2024-11-06 22:00:00,568,Chennai,6.25,10.064,-3.89
2024-11-07 00:00:00,568,Chennai,0.5,10.065,-3.89
2024-11-07 01:00:00,568,Chennai,1.5,10.065,-3.89
2024-11-07 03:00:00,568,Chennai,2.5,10.064,-3.89
2024-11-07 07:00:00,568,Chennai,1.0,10.065,-3.88
2024-11-07 08:00:00,568,Chennai,3.0,10.065,-3.88
2024-11-07 09:00:00,568,Chennai,1.0,10.065,-3.88
2024-11-07 10:00:00,568,Chennai,1.0,10.065,-3.88
2024-11-07 11:00:00,568,Chennai,0.75,10.064,-3.88
2024-11-07 12:00:00,568,Chennai,3.25,10.064,-3.88
2024-11-07 13:00:00,568,Chennai,0.75,10.064,-3.88
2024-11-07 14:00:00,568,Chennai,2.0,10.064,-3.88
2024-11-07 19:00:00,568,Chennai,0.5,10.064,-3.86
2024-11-11 23:00:00,568,Chennai,4.75,10.064,-3.88
2024-11-12 00:00:00,568,Chennai,0.5,10.064,-3.88
2024-11-12 02:00:00,568,Chennai,2.0,10.065,-3.88
2024-11-12 03:00:00,568,Chennai,1.0,10.065,-3.88
2024-11-12 04:00:00,568,Chennai,4.5,10.064,-3.88
2024-11-12 05:00:00,568,Chennai,12.25,10.065,-3.88
2024-11-12 06:00:00,568,Chennai,7.0,10.065,-3.88
2024-11-12 07:00:00,568,Chennai,5.5,10.065,-3.88
2024-11-12 08:00:00,568,Chennai,2.25,10.065,-3.88
2024-11-12 09:00:00,568,Chennai,3.75,10.065,-3.88
2024-11-12 10:00:00,568,Chennai,2.0,10.064,-3.75
2024-11-12 11:00:00,568,Chennai,2.0,10.064,-3.75
2024-11-12 12:00:00,568,Chennai,0.5,10.065,-3.75
2024-11-12 18:00:00,568,Chennai,1.5,10.065,-3.75
2024-11-13 00:00:00,568,Chennai,0.5,10.065,-3.72
2024-11-13 01:00:00,568,Chennai,1.25,10.065,-3.72
2024-11-13 02:00:00,568,Chennai,1.0,10.064,-3.72
2024-11-13 03:00:00,568,Chennai,1.5,10.064,-3.72
2024-11-13 04:00:00,568,Chennai,0.75,10.064,-3.69
2024-11-13 05:00:00,568,Chennai,0.75,10.064,-3.69
2024-11-13 06:00:00,568,Chennai,0.5,10.064,-3.69
2024-11-13 11:00:00,568,Chennai,0.5,10.064,-3.72
2024-11-13 18:00:00,568,Chennai,0.5,10.064,-3.73
2024-11-14 01:00:00,568,Chennai,0.5,10.064,-3.7
2024-11-14 02:00:00,568,Chennai,2.75,10.064,-3.7
2024-11-14 03:00:00,568,Chennai,3.25,10.064,-3.7
2024-11-14 17:00:00,568,Chennai,2.0,10.065,-3.65
2024-11-14 18:00:00,568,Chennai,2.0,10.065,-3.65
2024-11-14 23:00:00,568,Chennai,2.75,10.065,-3.65
2024-11-15 00:00:00,568,Chennai,5.25,10.065,-3.65
2024-11-15 02:00:00,568,Chennai,1.0,10.065,-3.65
2024-11-15 03:00:00,568,Chennai,1.0,10.065,-3.65
2024-11-15 04:00:00,568,Chennai,2.5,10.064,-3.65
2024-11-15 06:00:00,568,Chennai,2.0,10.064,-3.65
2024-11-15 07:00:00,568,Chennai,1.5,10.065,-3.65
2024-11-15 08:00:00,568,Chennai,0.5,10.064,-3.65
2024-11-16 01:00:00,568,Chennai,9.0,10.065,-3.64
2024-11-16 08:00:00,568,Chennai,1.0,10.064,-3.65
2024-11-16 13:00:00,568,Chennai,0.5,10.064,-3.67
2024-11-16 17:00:00,568,Chennai,0.5,10.064,-3.66
2024-11-16 18:00:00,568,Chennai,4.0,10.065,-3.66
2024-11-16 19:00:00,568,Chennai,0.5,10.065,-3.66
2024-11-25 23:00:00,568,Chennai,8.5,10.065,-3.83
2024-11-26 05:00:00,568,Chennai,1.0,10.064,-3.83
2024-11-26 10:00:00,568,Chennai,1.5,10.065,-3.78
2024-11-26 11:00:00,568,Chennai,30.75,10.065,-3.78
2024-11-26 12:00:00,568,Chennai,11.75,10.064,-3.78
2024-11-26 13:00:00,568,Chennai,3.25,10.064,-3.78
2024-11-26 14:00:00,568,Chennai,1.5,10.064,-3.78
2024-11-26 15:00:00,568,Chennai,0.5,10.064,-3.78
2024-11-26 21:00:00,568,Chennai,1.5,10.065,-3.72
2024-11-26 22:00:00,568,Chennai,3.25,10.064,-3.67
2024-11-29 00:00:00,568,Chennai,3.25,10.065,-3.69
2024-11-29 01:00:00,568,Chennai,7.25,10.064,-3.69
2024-11-29 02:00:00,568,Chennai,12.0,10.065,-3.69
2024-11-29 03:00:00,568,Chennai,15.25,10.064,-3.69
2024-11-29 04:00:00,568,Chennai,7.0,10.064,-3.51
2024-11-29 05:00:00,568,Chennai,5.5,10.065,-3.51
2024-11-29 06:00:00,568,Chennai,1.5,10.064,-3.51
2024-11-29 09:00:00,568,Chennai,1.0,10.065,-3.51
2024-11-29 13:00:00,568,Chennai,1.5,10.065,-3.52
2024-11-29 14:00:00,568,Chennai,1.0,10.065,-3.52
2024-11-29 15:00:00,568,Chennai,0.5,10.065,-3.52
2024-11-29 20:00:00,568,Chennai,4.0,10.065,-3.53
2024-11-29 21:00:00,568,Chennai,2.0,10.064,-3.53
2024-11-29 22:00:00,568,Chennai,0.5,10.065,-3.46
2024-11-30 01:00:00,568,Chennai,3.25,10.065,-3.46
2024-11-30 02:00:00,568,Chennai,1.0,10.065,-3.46
2024-11-30 03:00:00,568,Chennai,1.5,10.065,-3.46
2024-11-30 04:00:00,568,Chennai,1.75,10.065,-3.39
2024-11-30 05:00:00,568,Chennai,4.25,10.055,-3.39
2024-11-30 06:00:00,568,Chennai,12.0,10.055,-3.39
2024-11-30 07:00:00,568,Chennai,12.75,10.055,-3.39
2024-11-30 08:00:00,568,Chennai,12.75,10.055,-3.39
2024-11-30 09:00:00,568,Chennai,26.0,10.055,-3.39
2024-11-30 10:00:00,568,Chennai,22.5,10.055,-3.08
2024-11-30 11:00:00,568,Chennai,4.0,10.061,-3.08
2024-11-30 12:00:00,568,Chennai,3.25,10.064,-3.08
2024-11-30 13:00:00,568,Chennai,15.5,10.04,-3.08
2024-11-30 14:00:00,568,Chennai,6.75,10.04,-3.08
2024-11-30 15:00:00,568,Chennai,2.5,10.04,-3.08
2024-11-30 17:00:00,568,Chennai,1.0,10.048,-2.98
2024-12-01 00:00:00,568,Chennai,0.5,10.049,-2.98
2024-12-01 13:00:00,568,Chennai,0.5,10.048,-2.98
2024-12-01 14:00:00,568,Chennai,1.5,10.054,-2.98
2024-12-01 19:00:00,568,Chennai,1.0,10.054,-3.07
2024-12-01 22:00:00,568,Chennai,0.5,10.056,-3.07
2024-12-01 23:00:00,568,Chennai,0.5,10.056,-3.07
2024-12-02 00:00:00,568,Chennai,0.5,10.056,-3.07
2024-12-02 02:00:00,568,Chennai,0.5,10.056,-3.07
2024-12-04 20:00:00,568,Chennai,0.75,10.043,-3.25
2024-12-04 21:00:00,568,Chennai,2.0,10.039,-3.25
2024-12-05 05:00:00,568,Chennai,0.5,10.047,-3.24
2024-12-11 10:00:00,568,Chennai,8.5,10.06,-3.49
2024-12-11 12:00:00,568,Chennai,0.5,10.061,-3.49
2024-12-11 14:00:00,568,Chennai,0.5,10.061,-3.49
2024-12-11 15:00:00,568,Chennai,1.25,10.058,-3.49
2024-12-11 16:00:00,568,Chennai,0.75,10.06,-3.53
2024-12-11 18:00:00,568,Chennai,0.5,10.06,-3.53
2024-12-11 20:00:00,568,Chennai,0.5,10.056,-3.53
2024-12-11 22:00:00,568,Chennai,1.25,10.051,-3.48
2024-12-11 23:00:00,568,Chennai,0.75,10.049,-3.48
2024-12-12 00:00:00,568,Chennai,0.5,10.051,-3.48
2024-12-12 02:00:00,568,Chennai,10.0,10.055,-3.48
2024-12-12 03:00:00,568,Chennai,3.5,10.057,-3.48
2024-12-12 04:00:00,568,Chennai,0.5,10.06,-3.39
2024-12-12 05:00:00,568,Chennai,0.5,10.062,-3.39
2024-12-12 06:00:00,568,Chennai,11.75,10.061,-3.39
2024-12-12 07:00:00,568,Chennai,2.0,10.061,-3.39
2024-12-12 08:00:00,568,Chennai,2.5,10.06,-3.39
2024-12-12 09:00:00,568,Chennai,2.25,10.061,-3.39
2024-12-12 10:00:00,568,Chennai,2.5,10.062,-3.31
2024-12-12 11:00:00,568,Chennai,4.5,10.061,-3.31
2024-12-12 12:00:00,568,Chennai,29.0,10.06,-3.31
2024-12-12 13:00:00,568,Chennai,5.5,10.056,-3.31
2024-12-12 17:00:00,568,Chennai,3.0,10.062,-3.25
2024-12-12 18:00:00,568,Chennai,0.5,10.062,-3.25
2024-12-12 19:00:00,568,Chennai,1.5,10.062,-3.25
2024-12-18 11:00:00,568,Chennai,0.75,10.064,-3.44
2024-12-18 12:00:00,568,Chennai,0.5,10.064,-3.44
2024-12-18 13:00:00,568,Chennai,2.0,10.063,-3.44
2024-12-18 14:00:00,568,Chennai,5.5,10.063,-3.44
2024-12-18 14:05:00,568,Chennai,1.0,10.063,-3.44
2024-12-18 15:00:00,568,Chennai,6.0,10.063,-3.44
2024-12-18 16:00:00,568,Chennai,13.0,10.062,-3.35
2024-12-18 17:00:00,568,Chennai,3.75,10.063,-3.35
2024-12-18 18:00:00,568,Chennai,0.5,10.064,-3.35
2024-12-18 21:00:00,568,Chennai,0.5,10.063,-3.35
2024-12-18 22:00:00,568,Chennai,0.5,10.064,-3.32
2024-12-19 01:00:00,568,Chennai,0.5,10.063,-3.32
2024-12-19 02:00:00,568,Chennai,0.5,10.063,-3.32
2024-12-19 03:00:00,568,Chennai,0.5,10.062,-3.32
2024-12-19 08:00:00,568,Chennai,1.25,10.062,-3.31
2024-12-19 09:00:00,568,Chennai,2.75,10.063,-3.31
2024-12-20 06:00:00,568,Chennai,0.5,10.064,-3.32
2024-12-20 07:00:00,568,Chennai,3.0,10.063,-3.32
2024-12-24 09:00:00,568,Chennai,0.5,10.065,-3.45
2024-12-24 10:00:00,568,Chennai,0.5,10.064,-3.49
2024-12-25 17:00:00,568,Chennai,0.75,10.064,-3.51
2024-12-25 18:00:00,568,Chennai,0.5,10.064,-3.51
2024-12-26 02:00:00,568,Chennai,1.0,10.063,-3.51
2024-12-26 03:00:00,568,Chennai,2.25,10.064,-3.51
2024-12-26 04:00:00,568,Chennai,4.0,10.063,-3.49
2024-12-26 05:00:00,568,Chennai,3.25,10.063,-3.49
2024-12-26 06:00:00,568,Chennai,0.5,10.063,-3.49
2024-12-26 08:00:00,568,Chennai,1.0,10.062,-3.49
2024-12-26 23:00:00,568,Chennai,0.75,10.064,-3.51
2024-12-27 00:00:00,568,Chennai,0.5,10.064,-3.51
2024-12-27 01:00:00,568,Chennai,1.0,10.064,-3.51
2024-12-27 02:00:00,568,Chennai,10.5,10.063,-3.51
2024-12-27 03:00:00,568,Chennai,13.75,10.064,-3.51
2024-12-27 04:00:00,568,Chennai,3.5,10.064,-3.41
2024-12-27 06:00:00,568,Chennai,3.0,10.063,-3.41
2024-12-29 21:00:00,568,Chennai,0.5,10.064,-3.5
2024-12-30 00:00:00,568,Chennai,1.0,10.064,-3.5
2024-12-30 01:00:00,568,Chennai,0.5,10.064,-3.5
2025-01-05 10:00:00,568,Chennai,0.5,10.064,-3.71
2025-01-10 17:00:00,568,Chennai,0.5,10.064,-3.87
2025-01-12 23:00:00,568,Chennai,1.5,10.064,-3.89
2025-01-13 01:00:00,568,Chennai,3.75,10.064,-3.89
2025-01-13 02:00:00,568,Chennai,1.0,10.063,-3.89
2025-01-13 10:00:00,568,Chennai,1.5,10.063,-3.89
2025-01-18 22:00:00,568,Chennai,0.75,10.064,-3.99
2025-01-19 00:00:00,568,Chennai,0.5,10.063,-3.99
2025-01-19 02:00:00,568,Chennai,1.5,10.063,-3.99
2025-01-19 03:00:00,568,Chennai,0.5,10.063,-3.99
2025-01-19 04:00:00,568,Chennai,2.5,10.063,-3.92
2025-01-19 05:00:00,568,Chennai,7.0,10.063,-3.92
2025-01-19 06:00:00,568,Chennai,4.0,10.062,-3.92
2025-01-19 07:00:00,568,Chennai,0.5,10.062,-3.92
2025-01-19 10:00:00,568,Chennai,0.5,10.062,-3.88
2025-03-11 09:00:00,568,Chennai,1.0,10.064,-4.76
2025-03-11 13:00:00,568,Chennai,12.5,10.064,-4.81
2025-03-11 14:00:00,568,Chennai,1.5,10.065,-4.81
2025-03-11 15:00:00,568,Chennai,1.0,10.064,-4.81
2025-03-11 16:00:00,568,Chennai,0.5,10.065,-4.72
2025-03-11 21:00:00,568,Chennai,6.25,10.064,-4.72
2025-04-16 12:00:00,568,Chennai,51.0,10.064,-5.04
2025-04-16 13:00:00,568,Chennai,5.0,10.064,-5.04
2025-04-16 14:00:00,568,Chennai,0.5,10.065,-5.04
2025-04-17 12:45:00,568,Chennai,3.0,10.064,-5.0
2025-04-17 12:50:00,568,Chennai,3.0,10.064,-5.0
2025-04-17 12:55:00,568,Chennai,3.0,10.064,-5.0
2025-04-17 13:00:00,568,Chennai,3.0,10.064,-5.0
2025-05-04 17:00:00,568,Chennai,5.5,10.065,-5.11
2025-05-04 20:00:00,568,Chennai,0.5,10.065,-5.11
2025-05-04 21:00:00,568,Chennai,1.0,10.065,-5.11
2025-05-07 00:00:00,568,Chennai,0.5,10.065,-5.15
2025-05-07 01:00:00,568,Chennai,1.0,10.065,-5.15
2025-05-12 18:00:00,568,Chennai,2.5,10.065,-5.22
2025-08-10 18:00:00,568,Chennai,0.5,10.065,-4.91
2025-08-10 19:00:00,568,Chennai,1.5,10.065,-4.91
2025-08-11 03:00:00,568,Chennai,0.5,10.065,-4.9
2025-08-11 14:00:00,568,Chennai,1.5,10.065,-4.96
2025-08-16 16:00:00,568,Chennai,2.0,10.065,-4.94
2025-08-16 17:00:00,568,Chennai,2.5,10.065,-4.94
2025-08-16 21:00:00,568,Chennai,3.0,10.065,-4.94
2025-08-17 19:00:00,568,Chennai,1.0,10.065,-4.93
2025-08-17 20:00:00,568,Chennai,0.5,10.065,-4.93
2025-08-17 21:00:00,568,Chennai,2.0,10.065,-4.93
2025-08-17 22:00:00,568,Chennai,1.0,10.065,-4.92
2025-08-17 23:00:00,568,Chennai,0.5,10.065,-4.92
2025-08-22 05:00:00,568,Chennai,2.5,3.25,-4.98
2025-08-22 06:00:00,568,Chennai,40.75,3.25,-4.98
2025-08-22 07:00:00,568,Chennai,5.5,3.25,-4.98
2025-08-22 20:00:00,568,Chennai,0.5,3.25,-5.06
2025-08-22 21:00:00,568,Chennai,0.5,3.25,-5.06
2025-08-23 03:00:00,568,Chennai,15.0,3.25,-5.0
2025-08-23 04:00:00,568,Chennai,40.5,3.25,-4.84
2025-08-23 05:00:00,568,Chennai,5.5,3.25,-4.84
2025-08-23 06:00:00,568,Chennai,3.75,3.25,-4.84
2025-08-23 07:00:00,568,Chennai,4.25,3.25,-4.84
2025-08-23 08:00:00,568,Chennai,1.5,3.25,-4.84
2025-09-01 00:00:00,568,Chennai,4.5,3.25,-4.66
2025-09-01 01:00:00,568,Chennai,1.0,3.25,-4.66
2025-09-01 02:00:00,568,Chennai,0.75,3.25,-4.66
2025-09-17 04:00:00,568,Chennai,28.0,3.25,-4.36
2025-09-17 05:00:00,568,Chennai,3.25,3.25,-4.36
2025-09-18 19:00:00,568,Chennai,1.25,3.25,-4.39
2025-09-18 20:00:00,568,Chennai,10.25,3.25,-4.39
2025-09-18 21:00:00,568,Chennai,2.0,3.25,-4.39
2025-09-18 22:00:00,568,Chennai,0.5,3.25,-4.39
2025-09-20 02:00:00,568,Chennai,18.0,3.261,-4.39
2025-09-20 03:00:00,568,Chennai,4.0,3.25,-4.39
2025-09-20 04:00:00,568,Chennai,2.0,3.25,-4.25
2025-09-20 05:00:00,568,Chennai,0.5,3.25,-4.25
2025-09-20 06:00:00,568,Chennai,0.5,3.25,-4.25
2025-09-20 07:00:00,568,Chennai,1.0,3.25,-4.25
2025-09-20 08:00:00,568,Chennai,0.75,3.25,-4.25
2025-09-20 09:00:00,568,Chennai,0.5,3.25,-4.25
2025-09-21 23:00:00,568,Chennai,2.0,3.25,-4.23
2025-09-22 02:00:00,568,Chennai,0.5,3.25,-4.23
2025-09-22 23:00:00,568,Chennai,1.0,3.25,-4.3
2025-09-24 01:00:00,568,Chennai,2.5,3.25,-4.3
2025-09-24 10:00:00,568,Chennai,0.5,3.276,-4.32
2025-09-26 19:00:00,568,Chennai,1.75,3.25,-4.41
2025-09-26 21:00:00,568,Chennai,1.0,3.25,-4.41
2025-09-27 06:00:00,568,Chennai,0.5,3.292,-4.37
2025-09-30 03:00:00,568,Chennai,4.5,3.25,-4.44
2025-09-30 04:00:00,568,Chennai,1.25,3.257,-4.4
2025-09-30 05:00:00,568,Chennai,0.5,3.267,-4.4
2025-09-30 06:00:00,568,Chennai,0.5,3.257,-4.4
2025-09-30 07:00:00,568,Chennai,0.5,3.266,-4.4
2025-10-02 03:00:00,568,Chennai,0.5,3.282,-4.4
2025-10-03 00:00:00,568,Chennai,1.75,3.27,-4.42
2025-10-03 02:00:00,568,Chennai,14.75,3.271,-4.42
2025-10-03 03:00:00,568,Chennai,2.5,3.274,-4.42
2025-10-03 04:00:00,568,Chennai,1.5,3.273,-4.39
2025-10-03 06:00:00,568,Chennai,0.5,3.283,-4.39
2025-10-03 07:00:00,568,Chennai,0.5,3.25,-4.39
2025-10-04 03:00:00,568,Chennai,0.5,3.282,-4.42
2025-10-05 15:00:00,568,Chennai,4.0,3.25,-4.39
2025-11-17 04:00:00,568,Chennai,1.0,3.25,-3.39
2025-11-17 07:00:00,568,Chennai,0.5,3.25,-3.39
2025-11-17 08:00:00,568,Chennai,0.5,3.25,-3.39
2025-11-17 12:00:00,568,Chennai,1.0,3.25,-3.39
2025-11-17 14:00:00,568,Chennai,0.5,3.25,-3.39
2025-11-17 15:00:00,568,Chennai,1.75,3.25,-3.39
2025-11-17 16:00:00,568,Chennai,0.75,3.25,-3.39
2025-11-17 19:00:00,568,Chennai,0.5,3.25,-3.39
2025-11-17 21:00:00,568,Chennai,0.5,3.25,-3.39
2025-11-17 22:00:00,568,Chennai,0.5,3.25,-3.39
2025-11-18 00:00:00,568,Chennai,0.75,3.25,-3.39
2025-11-18 07:00:00,568,Chennai,0.5,3.25,-3.39
2025-11-18 13:00:00,568,Chennai,0.5,3.25,-3.39
2025-11-18 14:00:00,568,Chennai,1.0,3.25,-3.39
2025-11-18 16:00:00,568,Chennai,1.75,3.25,-3.39
2025-11-18 17:00:00,568,Chennai,3.5,3.25,-3.39
2025-11-18 19:00:00,568,Chennai,1.0,3.25,-3.39
2025-11-18 20:00:00,568,Chennai,2.75,3.25,-3.39
2025-11-19 01:00:00,568,Chennai,0.5,3.25,-3.39
2025-11-21 03:00:00,568,Chennai,0.75,3.25,-3.39
2025-11-21 04:00:00,568,Chennai,0.5,3.25,-3.39
2025-11-21 06:00:00,568,Chennai,3.5,3.25,-3.39
2025-11-21 16:00:00,568,Chennai,0.75,3.25,-3.37
2025-11-21 17:00:00,568,Chennai,1.0,3.25,-3.37
2025-11-21 18:00:00,568,Chennai,0.5,3.25,-3.37
2025-11-21 20:00:00,568,Chennai,0.5,3.25,-3.37
2025-11-21 22:00:00,568,Chennai,0.75,3.25,-3.38
2025-11-21 23:00:00,568,Chennai,0.5,3.25,-3.38
2025-11-22 00:00:00,568,Chennai,1.0,3.25,-3.38
2025-11-22 03:00:00,568,Chennai,0.5,3.25,-3.38
2025-11-23 03:00:00,568,Chennai,1.0,3.25,-3.36
2025-11-23 04:00:00,568,Chennai,0.5,3.25,-3.34
2025-11-30 00:00:00,568,Chennai,2.75,3.25,-3.83
2025-11-30 01:00:00,568,Chennai,1.0,3.25,-3.83
2025-11-30 04:00:00,568,Chennai,1.5,3.25,-3.83
2025-11-30 06:00:00,568,Chennai,0.5,3.25,-3.83
2025-11-30 08:00:00,568,Chennai,0.5,3.25,-3.83
2025-11-30 09:00:00,568,Chennai,1.0,3.25,-3.83
2025-11-30 10:00:00,568,Chennai,0.5,3.25,-3.83
2025-11-30 11:00:00,568,Chennai,0.5,3.25,-3.83
2025-11-30 19:00:00,568,Chennai,1.0,3.25,-3.83
2025-11-30 20:00:00,568,Chennai,0.5,3.25,-3.83
2025-11-30 21:00:00,568,Chennai,1.5,3.25,-3.83
2025-11-30 23:00:00,568,Chennai,0.5,3.25,-3.83
2025-12-01 00:00:00,568,Chennai,0.5,3.25,-3.83
2025-12-01 01:00:00,568,Chennai,0.5,3.25,-3.83
2025-12-01 02:00:00,568,Chennai,1.5,3.25,-3.83
2025-12-01 03:00:00,568,Chennai,0.75,3.25,-3.83
2025-12-01 04:00:00,568,Chennai,0.5,3.25,-3.82
2025-12-01 05:00:00,568,Chennai,0.75,3.25,-3.82
2025-12-01 06:00:00,568,Chennai,0.5,3.25,-3.82
2025-12-01 07:00:00,568,Chennai,0.5,3.25,-3.82
2025-12-01 08:00:00,568,Chennai,1.5,3.25,-3.82
2025-12-01 09:00:00,568,Chennai,13.75,3.25,-3.82
2025-12-01 10:00:00,568,Chennai,7.25,3.25,-3.79
2025-12-01 11:00:00,568,Chennai,10.5,3.25,-3.79
2025-12-01 12:00:00,568,Chennai,14.25,3.25,-3.79
2025-12-01 13:00:00,568,Chennai,5.0,3.25,-3.79
2025-12-01 14:00:00,568,Chennai,8.0,3.25,-3.79
2025-12-01 15:00:00,568,Chennai,12.5,3.25,-3.79
2025-12-01 16:00:00,568,Chennai,11.0,3.25,-3.65
2025-12-01 17:00:00,568,Chennai,0.5,3.25,-3.65
2025-12-01 19:00:00,568,Chennai,1.25,3.25,-3.65
2025-12-01 20:00:00,568,Chennai,18.75,3.25,-3.65
2025-12-01 21:00:00,568,Chennai,1.25,3.25,-3.65
2025-12-01 22:00:00,568,Chennai,0.5,3.25,-3.48
2025-12-01 23:00:00,568,Chennai,1.5,3.25,-3.48
2025-12-02 00:00:00,568,Chennai,3.25,3.25,-3.48
2025-12-02 01:00:00,568,Chennai,2.25,3.25,-3.48
2025-12-02 02:00:00,568,Chennai,7.25,3.25,-3.48
2025-12-02 03:00:00,568,Chennai,16.5,3.25,-3.48
2025-12-02 04:00:00,568,Chennai,10.25,3.25,-3.3
2025-12-02 05:00:00,568,Chennai,0.5,3.25,-3.3
2025-12-02 06:00:00,568,Chennai,0.5,3.25,-3.3
2025-12-02 07:00:00,568,Chennai,0.5,3.25,-3.3
2025-12-02 08:00:00,568,Chennai,1.0,3.25,-3.3
2025-12-02 09:00:00,568,Chennai,0.5,3.25,-3.3
2025-12-02 10:00:00,568,Chennai,5.0,3.25,-3.27
2025-12-02 11:00:00,568,Chennai,3.75,3.25,-3.27
2025-12-02 12:00:00,568,Chennai,3.25,3.25,-3.27
2025-12-02 14:00:00,568,Chennai,0.5,3.25,-3.27
2025-12-02 15:00:00,568,Chennai,1.25,3.25,-3.27
2025-12-02 16:00:00,568,Chennai,1.0,3.25,-3.29
2025-12-02 18:00:00,568,Chennai,0.5,3.25,-3.29
2025-12-02 19:00:00,568,Chennai,1.5,3.25,-3.29
2025-12-02 20:00:00,568,Chennai,1.5,3.25,-3.29
2025-12-02 21:00:00,568,Chennai,1.0,3.25,-3.29
2025-12-02 23:00:00,568,Chennai,0.5,3.25,-3.23
2025-12-03 00:00:00,568,Chennai,0.5,3.25,-3.23
2025-12-03 01:00:00,568,Chennai,0.5,3.25,-3.23
2025-12-03 02:00:00,568,Chennai,1.25,3.25,-3.23
2025-12-03 03:00:00,568,Chennai,1.25,3.25,-3.23
2025-12-03 04:00:00,568,Chennai,7.25,3.25,-3.16
2025-12-03 05:00:00,568,Chennai,1.0,3.25,-3.16
2025-12-03 06:00:00,568,Chennai,1.0,3.25,-3.16
2025-12-03 07:00:00,568,Chennai,0.75,3.25,-3.16
2025-12-03 08:00:00,568,Chennai,1.5,3.25,-3.16
2025-12-03 09:00:00,568,Chennai,0.75,3.25,-3.16
2025-12-03 10:00:00,568,Chennai,4.0,3.25,-3.19
2025-12-03 11:00:00,568,Chennai,0.5,3.25,-3.19
2025-12-03 13:00:00,568,Chennai,1.0,3.25,-3.19
2025-12-03 15:00:00,568,Chennai,0.5,3.25,-3.19
2025-12-03 16:00:00,568,Chennai,0.5,3.25,-3.13
2025-12-03 17:00:00,568,Chennai,0.5,3.25,-3.13
2025-12-03 18:00:00,568,Chennai,4.0,3.25,-3.13
2025-12-03 19:00:00,568,Chennai,0.75,3.25,-3.13
2025-12-03 20:00:00,568,Chennai,1.5,3.25,-3.13
2025-12-03 21:00:00,568,Chennai,1.25,3.25,-3.13
2025-12-03 22:00:00,568,Chennai,0.5,3.25,-3.1
2025-12-03 23:00:00,568,Chennai,0.5,3.25,-3.1
2025-12-04 00:00:00,568,Chennai,0.5,3.25,-3.1
2025-12-04 01:00:00,568,Chennai,0.5,3.25,-3.1
2025-12-04 07:00:00,568,Chennai,0.5,3.25,-3.12
2025-12-04 08:00:00,568,Chennai,0.5,3.25,-3.12
2025-12-04 10:00:00,568,Chennai,0.5,3.25,-3.14
2025-12-04 12:00:00,568,Chennai,4.5,3.25,-3.14
2025-12-04 13:00:00,568,Chennai,6.5,3.25,-3.14
2025-12-04 14:00:00,568,Chennai,0.5,3.25,-3.14
2025-12-04 18:00:00,568,Chennai,0.5,3.25,-3.15
2025-12-04 23:00:00,568,Chennai,0.5,3.25,-3.08
2025-12-05 01:00:00,568,Chennai,1.0,3.25,-3.08
2025-12-05 02:00:00,568,Chennai,0.5,3.25,-3.08
2025-12-05 03:00:00,568,Chennai,1.5,3.25,-3.08
2025-12-05 04:00:00,568,Chennai,1.5,3.25,-3.08
2025-12-05 05:00:00,568,Chennai,1.25,3.25,-3.08
2025-12-05 06:00:00,568,Chennai,1.5,3.25,-3.08
2025-12-05 07:00:00,568,Chennai,1.5,3.25,-3.08
2025-12-05 08:00:00,568,Chennai,1.5,3.25,-3.08
2025-12-05 09:00:00,568,Chennai,1.0,3.25,-3.08
2025-12-05 10:00:00,568,Chennai,1.0,3.25,-3.11
2025-12-05 11:00:00,568,Chennai,1.0,3.25,-3.11
2025-12-05 12:00:00,568,Chennai,1.5,3.25,-3.11
2025-12-05 13:00:00,568,Chennai,2.5,3.25,-3.11
2025-12-05 14:00:00,568,Chennai,10.5,3.25,-3.11
2025-12-05 15:00:00,568,Chennai,10.0,3.25,-3.11
2025-12-05 16:00:00,568,Chennai,7.0,3.25,-3.13
2025-12-05 17:00:00,568,Chennai,2.5,3.25,-3.13
2025-12-16 11:00:00,568,Chennai,3.5,3.25,-3.34
2025-12-16 12:00:00,568,Chennai,0.5,3.25,-3.34
2025-12-16 13:00:00,568,Chennai,1.0,3.25,-3.34
2025-12-16 14:00:00,568,Chennai,7.0,3.25,-3.34
2025-12-16 18:00:00,568,Chennai,0.5,3.25,-3.32
2026-01-01 00:00:00,568,Chennai,0.5,3.25,-3.6645
2026-01-01 01:00:00,568,Chennai,0.5,3.25,-3.6645
2026-01-01 02:00:00,568,Chennai,2.0,3.25,-3.6645
2026-01-01 03:00:00,568,Chennai,1.5,3.25,-3.6645
2026-01-01 06:00:00,568,Chennai,0.5,3.25,-3.50575
2026-01-01 07:00:00,568,Chennai,4.0,3.25,-3.50575
2026-01-01 08:00:00,568,Chennai,2.5,3.25,-3.50575
2026-01-01 09:00:00,568,Chennai,0.5,3.25,-3.50575
2026-01-23 19:00:00,568,Chennai,4.5,3.25,-4.0675
2026-01-23 20:00:00,568,Chennai,1.0,3.696,-4.0675
2026-01-24 02:00:00,568,Chennai,0.5,3.533,-3.985
2026-01-24 06:00:00,568,Chennai,1.5,3.446,-3.88575
2026-01-24 07:00:00,568,Chennai,1.0,3.79,-3.88575
2026-01-24 16:00:00,568,Chennai,9.5,3.25,-4.030749999999999
2026-01-24 17:00:00,568,Chennai,0.5,3.25,-4.030749999999999
2026-01-25 04:00:00,568,Chennai,0.5,3.25,-3.852
2026-01-25 05:00:00,568,Chennai,1.0,3.327,-3.852
2026-01-25 06:00:00,568,Chennai,5.5,3.25,-3.852
2026-01-25 07:00:00,568,Chennai,3.5,3.25,-3.852
2026-01-25 09:00:00,568,Chennai,0.5,3.515,-3.852
2026-01-25 10:00:00,568,Chennai,0.5,3.25,-4.04275
2026-01-25 19:00:00,568,Chennai,5.5,3.632,-4.0825
2026-01-25 20:00:00,568,Chennai,14.5,3.25,-4.0825
2026-01-25 21:00:00,568,Chennai,7.0,3.25,-4.0825
2026-01-26 00:00:00,568,Chennai,0.5,3.867,-3.8615
2026-01-26 04:00:00,568,Chennai,0.5,3.743,-3.766
2026-01-26 06:00:00,568,Chennai,0.5,3.664,-3.766
2026-03-18 23:30:00,568,Chennai,0.5,19.93,-3.8465
2026-03-19 00:00:00,568,Chennai,0.5,3.25,-3.8465
2026-03-19 02:30:00,568,Chennai,5.0,3.25,-3.8465
2026-03-19 03:00:00,568,Chennai,29.0,3.25,-3.8465
2026-03-19 03:30:00,568,Chennai,2.0,3.25,-3.70275
2026-03-19 04:00:00,568,Chennai,2.5,3.25,-3.70275
2022-03-04 13:00:00,570,Cuddalore,1.0,1.497,-12.994285714285716
2022-03-06 19:00:00,570,Cuddalore,1.0,1.69,-12.958142857142857
2022-03-06 20:00:00,570,Cuddalore,1.1666666666666667,1.698,-12.958142857142857
2022-03-06 21:00:00,570,Cuddalore,0.5,1.702,-12.958142857142857
2022-03-06 22:00:00,570,Cuddalore,0.5,1.705,-12.912285714285716
2022-03-06 23:00:00,570,Cuddalore,1.0,1.704,-12.912285714285716
2022-03-07 01:00:00,570,Cuddalore,0.5,1.698,-12.912285714285716
2022-03-07 02:00:00,570,Cuddalore,0.8333333333333334,1.7,-12.912285714285716
2022-03-07 03:00:00,570,Cuddalore,2.1666666666666665,1.694,-12.912285714285716
2022-03-07 04:00:00,570,Cuddalore,0.5,1.704,-12.890285714285714
2022-03-07 05:00:00,570,Cuddalore,1.25,1.699,-12.890285714285714
2022-03-07 06:00:00,570,Cuddalore,1.8333333333333333,1.711,-12.890285714285714
2022-03-07 07:00:00,570,Cuddalore,1.5,1.699,-12.890285714285714
2022-03-07 08:00:00,570,Cuddalore,1.8333333333333333,1.702,-12.890285714285714
2022-03-07 09:00:00,570,Cuddalore,6.333333333333333,1.673,-12.890285714285714
2022-03-07 10:00:00,570,Cuddalore,2.833333333333333,1.644,-12.877142857142855
2022-03-07 11:00:00,570,Cuddalore,0.6666666666666666,1.635,-12.877142857142855
2022-03-07 12:00:00,570,Cuddalore,1.25,1.641,-12.877142857142855
2022-03-07 13:00:00,570,Cuddalore,3.0,1.643,-12.877142857142855
2022-03-07 14:00:00,570,Cuddalore,0.5,1.631,-12.877142857142855
2022-03-07 15:00:00,570,Cuddalore,7.0,1.636,-12.877142857142855
2022-03-07 16:00:00,570,Cuddalore,1.5,1.668,-12.880714285714284
2022-03-22 09:00:00,570,Cuddalore,0.5,17.753,-13.395
2022-03-29 10:55:00,570,Cuddalore,2.0,17.753,-13.55414285714286
2022-03-29 11:00:00,570,Cuddalore,2.0,17.753,-13.55414285714286
2022-04-09 02:00:00,570,Cuddalore,5.5,17.753,-14.514333333333331
2022-04-09 03:00:00,570,Cuddalore,2.0,17.754,-14.514333333333331
2022-04-10 01:00:00,570,Cuddalore,7.5,17.753,-14.570166666666664
2022-04-10 02:00:00,570,Cuddalore,2.833333333333333,17.753,-14.570166666666664
2022-04-10 03:00:00,570,Cuddalore,6.25,17.753,-14.570166666666664
2022-04-10 04:00:00,570,Cuddalore,0.5,17.754,-14.564833333333333
2022-04-10 05:00:00,570,Cuddalore,0.5,17.753,-14.564833333333333
2022-04-11 03:00:00,570,Cuddalore,0.5,17.753,-14.528333333333334
2022-04-11 04:00:00,570,Cuddalore,1.0,17.753,-14.519666666666666
2022-04-11 06:00:00,570,Cuddalore,1.1666666666666667,17.753,-14.519666666666666
2022-04-11 07:00:00,570,Cuddalore,1.0,17.753,-14.519666666666666
2022-04-11 10:00:00,570,Cuddalore,0.5,17.754,-14.5125
2022-04-11 11:00:00,570,Cuddalore,3.0,17.753,-14.5125
2022-04-11 13:00:00,570,Cuddalore,0.5,17.753,-14.5125
2022-04-12 16:00:00,570,Cuddalore,3.0,17.753,-14.442166666666669
2022-04-13 11:00:00,570,Cuddalore,9.5,17.754,-14.433666666666667
2022-04-13 12:00:00,570,Cuddalore,4.0,17.753,-14.433666666666667
2022-04-17 02:00:00,570,Cuddalore,2.0,17.753,-14.456833333333334
2022-04-17 03:00:00,570,Cuddalore,4.0,17.753,-14.456833333333334
2022-04-17 04:00:00,570,Cuddalore,10.0,17.754,-14.450666666666663
2022-04-17 05:00:00,570,Cuddalore,0.5,17.754,-14.450666666666663
2022-04-17 06:00:00,570,Cuddalore,0.75,17.753,-14.450666666666663
2022-04-17 22:00:00,570,Cuddalore,7.0,17.753,-14.511
2022-04-18 01:00:00,570,Cuddalore,0.5,17.753,-14.511
2022-04-23 13:00:00,570,Cuddalore,2.0,17.754,-14.803833333333335
2022-06-05 21:00:00,570,Cuddalore,0.5,17.753,-13.934666666666669
2022-06-07 00:00:00,570,Cuddalore,7.5,17.753,-14.006833333333333
2022-06-07 01:00:00,570,Cuddalore,6.0,17.753,-14.006833333333333
2022-06-07 02:00:00,570,Cuddalore,0.5,17.753,-14.006833333333333
2022-06-07 12:00:00,570,Cuddalore,0.5,17.753,-14.009166666666667
2022-06-08 13:00:00,570,Cuddalore,0.5,17.753,-13.841
2022-06-14 18:00:00,570,Cuddalore,0.5,17.753,-14.374333333333333
2022-06-14 20:00:00,570,Cuddalore,0.5,17.753,-14.374333333333333
2022-06-15 23:00:00,570,Cuddalore,6.5,17.759,-14.563666666666665
2022-06-16 00:00:00,570,Cuddalore,0.8333333333333334,17.759,-14.563666666666665
2022-06-16 01:00:00,570,Cuddalore,0.5,17.729,-14.563666666666665
2022-06-16 02:00:00,570,Cuddalore,0.5,17.754,-14.563666666666665
2022-06-16 03:00:00,570,Cuddalore,0.5,17.754,-14.563666666666665
2022-06-19 23:00:00,570,Cuddalore,1.0,17.753,-14.1215
2022-06-30 03:00:00,570,Cuddalore,0.5,17.753,-14.464666666666666
2022-06-30 17:00:00,570,Cuddalore,3.0,17.753,-14.459799999999998
2022-07-01 17:00:00,570,Cuddalore,3.5,17.754,-14.4968
2022-07-01 18:00:00,570,Cuddalore,0.5,17.754,-14.4968
2022-07-01 21:00:00,570,Cuddalore,1.0,17.754,-14.4968
2022-07-01 23:00:00,570,Cuddalore,0.5,17.754,-14.5016
2022-07-02 17:00:00,570,Cuddalore,2.25,17.753,-14.633333333333333
2022-07-02 18:00:00,570,Cuddalore,2.5,17.753,-14.633333333333333
2022-07-03 01:00:00,570,Cuddalore,0.5,17.753,-14.622333333333332
2022-07-03 19:00:00,570,Cuddalore,5.5,17.753,-14.5615
2022-07-07 09:00:00,570,Cuddalore,0.5,17.753,-14.3884
2022-07-07 18:00:00,570,Cuddalore,13.5,17.753,-14.400166666666664
2022-07-07 19:00:00,570,Cuddalore,0.5,17.754,-14.400166666666664
2022-07-10 18:00:00,570,Cuddalore,6.5,17.753,-14.5875
2022-07-11 03:00:00,570,Cuddalore,0.5,17.754,-14.6255
2022-07-27 01:00:00,570,Cuddalore,26.5,17.752,-14.472833333333334
2022-07-27 02:00:00,570,Cuddalore,23.0,17.753,-14.472833333333334
2022-07-27 03:00:00,570,Cuddalore,6.333333333333333,17.753,-14.472833333333334
2022-07-27 04:00:00,570,Cuddalore,9.375,17.753,-14.417500000000002
2022-07-27 05:00:00,570,Cuddalore,9.833333333333334,17.753,-14.417500000000002
2022-07-27 06:00:00,570,Cuddalore,4.833333333333333,17.754,-14.417500000000002
2022-07-27 07:00:00,570,Cuddalore,2.5,17.753,-14.417500000000002
2022-07-27 08:00:00,570,Cuddalore,0.5,17.753,-14.417500000000002
2022-07-30 15:00:00,570,Cuddalore,8.0,17.753,-14.108666666666666
2022-07-30 16:00:00,570,Cuddalore,8.0,17.754,-14.091
2022-07-31 11:00:00,570,Cuddalore,0.5,17.754,-14.2948
2022-08-01 01:00:00,570,Cuddalore,9.5,17.754,-14.033499999999998
2022-08-01 02:00:00,570,Cuddalore,2.0,17.753,-14.033499999999998
2022-08-01 03:00:00,570,Cuddalore,0.5,17.753,-14.033499999999998
2022-08-01 04:00:00,570,Cuddalore,1.5,17.753,-14.015
2022-08-01 16:00:00,570,Cuddalore,4.5,17.754,-14.2368
2022-08-01 17:00:00,570,Cuddalore,10.25,17.754,-14.2368
2022-08-01 18:00:00,570,Cuddalore,24.0,17.754,-14.2368
2022-08-01 19:00:00,570,Cuddalore,2.5,17.753,-14.2368
2022-08-03 17:00:00,570,Cuddalore,14.0,17.753,-13.827333333333334
2022-08-03 19:00:00,570,Cuddalore,0.5,17.754,-13.827333333333334
2022-08-04 08:00:00,570,Cuddalore,0.5,17.753,-14.0832
2022-08-04 09:00:00,570,Cuddalore,0.5,17.753,-14.0832
2022-08-04 17:00:00,570,Cuddalore,2.5,17.753,-13.732666666666669
2022-08-04 18:00:00,570,Cuddalore,1.75,17.753,-13.732666666666669
2022-08-04 19:00:00,570,Cuddalore,1.0,17.754,-13.732666666666669
2022-08-05 23:00:00,570,Cuddalore,0.5,17.753,-15.61285714285714
2022-08-12 20:00:00,570,Cuddalore,3.0,17.753,-15.626714285714286
2022-08-12 21:00:00,570,Cuddalore,0.5,17.754,-15.626714285714286
2022-08-16 15:00:00,570,Cuddalore,0.5,17.753,-15.713142857142856
2022-08-16 17:00:00,570,Cuddalore,1.5,17.753,-15.715857142857145
2022-08-18 01:00:00,570,Cuddalore,7.0,17.753,-15.704285714285716
2022-08-18 04:00:00,570,Cuddalore,0.5,17.752,-15.688571428571429
2022-08-19 03:00:00,570,Cuddalore,0.5,17.754,-15.669142857142855
2022-08-19 04:00:00,570,Cuddalore,12.0,17.753,-15.654142857142856
2022-08-19 05:00:00,570,Cuddalore,3.5,17.753,-15.654142857142856
2022-08-19 06:00:00,570,Cuddalore,20.5,17.753,-15.654142857142856
2022-08-19 07:00:00,570,Cuddalore,1.75,17.754,-15.654142857142856
2022-08-19 08:00:00,570,Cuddalore,1.3333333333333333,17.754,-15.654142857142856
2022-08-19 09:00:00,570,Cuddalore,1.25,17.755,-15.654142857142856
2022-08-19 10:00:00,570,Cuddalore,10.5,17.752,-15.638142857142856
2022-08-21 21:00:00,570,Cuddalore,4.5,17.755,-16.162666666666667
2022-08-21 22:00:00,570,Cuddalore,0.5,17.753,-16.161833333333334
2022-08-21 23:00:00,570,Cuddalore,20.5,17.749,-16.161833333333334
2022-08-22 00:00:00,570,Cuddalore,5.5,17.754,-16.161833333333334
2022-08-22 02:00:00,570,Cuddalore,0.5,17.753,-16.161833333333334
2022-08-22 06:00:00,570,Cuddalore,0.5,17.756,-15.529
2022-08-22 16:00:00,570,Cuddalore,0.5,17.753,-16.1375
2022-08-23 16:00:00,570,Cuddalore,3.0,17.754,-15.477428571428572
2022-08-23 17:00:00,570,Cuddalore,18.0,17.754,-15.477428571428572
2022-08-23 18:00:00,570,Cuddalore,2.75,17.753,-15.477428571428572
2022-08-23 19:00:00,570,Cuddalore,1.0,17.754,-15.477428571428572
2022-08-23 20:00:00,570,Cuddalore,0.5,17.752,-15.477428571428572
2022-08-23 21:00:00,570,Cuddalore,0.5,17.754,-15.477428571428572
2022-08-23 22:00:00,570,Cuddalore,0.5,17.753,-15.477714285714285
2022-08-24 01:00:00,570,Cuddalore,11.0,17.754,-15.477714285714285
2022-08-24 02:00:00,570,Cuddalore,1.25,17.754,-15.477714285714285
2022-08-24 04:00:00,570,Cuddalore,1.0,17.753,-15.451714285714289
2022-08-25 14:00:00,570,Cuddalore,26.25,17.753,-16.048666666666666
2022-08-25 15:00:00,570,Cuddalore,12.0,17.751,-16.048666666666666
2022-08-25 19:00:00,570,Cuddalore,0.5,17.754,-15.36957142857143
2022-08-26 16:00:00,570,Cuddalore,6.0,17.754,-15.9945
2022-08-26 17:00:00,570,Cuddalore,0.5,17.752,-15.9945
2022-08-26 18:00:00,570,Cuddalore,2.5,17.754,-15.9945
2022-08-26 19:00:00,570,Cuddalore,1.5,17.755,-15.9945
2022-08-26 20:00:00,570,Cuddalore,2.0,17.752,-15.9945
2022-08-27 18:00:00,570,Cuddalore,6.5,17.753,-15.269428571428572
2022-08-27 19:00:00,570,Cuddalore,3.0,17.752,-15.269428571428572
2022-08-27 20:00:00,570,Cuddalore,1.0,17.753,-15.269428571428572
2022-08-27 22:00:00,570,Cuddalore,1.0,17.754,-15.259285714285712
2022-08-28 03:00:00,570,Cuddalore,0.5,17.752,-15.259285714285712
2022-08-28 21:00:00,570,Cuddalore,0.5,17.753,-15.179
2022-08-29 14:00:00,570,Cuddalore,0.5,17.753,-15.122142857142856
2022-08-29 15:00:00,570,Cuddalore,0.5,17.754,-15.122142857142856
2022-08-30 09:00:00,570,Cuddalore,3.5,17.754,-15.037571428571429
2022-08-30 10:00:00,570,Cuddalore,0.5,17.754,-15.033
2022-08-31 06:00:00,570,Cuddalore,0.5,17.754,-15.712166666666668
2022-08-31 09:00:00,570,Cuddalore,1.75,17.752,-15.712166666666668
2022-08-31 11:00:00,570,Cuddalore,0.5,17.754,-15.713333333333331
2022-08-31 12:00:00,570,Cuddalore,0.5,17.755,-15.713333333333331
2022-08-31 13:00:00,570,Cuddalore,0.5,17.754,-15.713333333333331
2022-08-31 14:00:00,570,Cuddalore,0.5,17.753,-15.713333333333331
2022-08-31 15:00:00,570,Cuddalore,8.0,17.752,-15.713333333333331
2022-08-31 16:00:00,570,Cuddalore,0.75,17.753,-14.977285714285712
2022-09-01 08:00:00,570,Cuddalore,0.5,17.754,-14.952857142857145
2022-09-01 09:00:00,570,Cuddalore,0.5,17.755,-14.952857142857145
2022-09-01 10:00:00,570,Cuddalore,4.666666666666667,17.754,-14.938
2022-09-01 11:00:00,570,Cuddalore,7.333333333333333,17.753,-14.938
2022-09-01 12:00:00,570,Cuddalore,12.666666666666666,17.754,-14.938
2022-09-01 13:00:00,570,Cuddalore,1.1666666666666667,17.752,-14.938
2022-09-01 14:00:00,570,Cuddalore,1.0,17.754,-14.938
2022-09-01 15:00:00,570,Cuddalore,1.0,17.751,-14.938
2022-09-01 16:00:00,570,Cuddalore,0.5,17.752,-14.909857142857144
2022-09-01 17:00:00,570,Cuddalore,0.5,17.753,-14.909857142857144
2022-09-01 19:00:00,570,Cuddalore,0.5,17.752,-14.909857142857144
2022-09-01 22:00:00,570,Cuddalore,0.5,17.753,-14.878857142857145
2022-10-30 06:00:00,570,Cuddalore,0.5,0.211,-10.651
2022-10-30 08:00:00,570,Cuddalore,0.5,0.211,-10.651
2022-10-30 09:00:00,570,Cuddalore,0.5,0.211,-10.651
2022-10-30 10:00:00,570,Cuddalore,0.5,0.211,-10.62125
2022-10-30 11:00:00,570,Cuddalore,1.5,0.211,-10.62125
2022-10-30 12:00:00,570,Cuddalore,1.0,0.211,-10.62125
2022-10-30 13:00:00,570,Cuddalore,1.0,0.189,-10.62125
2022-10-30 14:00:00,570,Cuddalore,0.5,0.185,-10.62125
2022-10-30 15:00:00,570,Cuddalore,0.5,0.185,-10.62125
2022-10-30 18:00:00,570,Cuddalore,0.5,0.013,-14.436571428571428
2022-10-30 20:00:00,570,Cuddalore,0.5,0.013,-14.436571428571428
2022-10-30 21:00:00,570,Cuddalore,0.5,0.042,-14.436571428571428
2022-10-30 22:00:00,570,Cuddalore,0.5,0.423,-14.397142857142857
2022-10-30 23:00:00,570,Cuddalore,1.5,0.745,-14.397142857142857
2022-10-31 00:00:00,570,Cuddalore,0.5,1.262,-14.397142857142857
2022-10-31 01:00:00,570,Cuddalore,0.5,1.017,-14.397142857142857
2022-10-31 02:00:00,570,Cuddalore,3.0,0.975,-14.397142857142857
2022-10-31 03:00:00,570,Cuddalore,4.0,1.304,-14.397142857142857
2022-10-31 04:00:00,570,Cuddalore,1.5,1.384,-16.306800000000003
2022-10-31 05:00:00,570,Cuddalore,1.5,1.393,-16.306800000000003
2022-10-31 06:00:00,570,Cuddalore,3.0,1.437,-16.306800000000003
2022-10-31 07:00:00,570,Cuddalore,1.5,1.455,-16.306800000000003
2022-10-31 09:00:00,570,Cuddalore,0.5,1.451,-16.306800000000003
2022-10-31 10:00:00,570,Cuddalore,0.5,1.442,-16.2976
2022-10-31 11:00:00,570,Cuddalore,1.5,1.449,-16.2976
2022-10-31 12:00:00,570,Cuddalore,1.0,1.522,-16.2976
2022-10-31 13:00:00,570,Cuddalore,1.5,1.336,-16.2976
2022-10-31 14:00:00,570,Cuddalore,2.0,1.306,-16.2976
2022-10-31 15:00:00,570,Cuddalore,3.5,1.247,-16.2976
2022-10-31 16:00:00,570,Cuddalore,3.0,1.183,-14.358571428571429
2022-10-31 17:00:00,570,Cuddalore,3.0,1.153,-14.358571428571429
2022-11-01 04:00:00,570,Cuddalore,4.75,1.291,-14.295142857142858
2022-11-01 05:00:00,570,Cuddalore,1.5,1.31,-14.295142857142858
2022-11-01 06:00:00,570,Cuddalore,0.5,1.206,-14.295142857142858
2022-11-01 07:00:00,570,Cuddalore,0.5,1.275,-14.295142857142858
2022-11-01 10:00:00,570,Cuddalore,0.5,1.234,-14.279714285714286
2022-11-01 11:00:00,570,Cuddalore,0.5,1.338,-14.279714285714286
2022-11-01 15:00:00,570,Cuddalore,0.5,1.291,-14.279714285714286
2022-11-01 16:00:00,570,Cuddalore,0.5,1.296,-14.260000000000002
2022-11-01 17:00:00,570,Cuddalore,0.5,1.314,-14.260000000000002
2022-11-01 18:00:00,570,Cuddalore,1.0,1.307,-14.260000000000002
2022-11-01 19:00:00,570,Cuddalore,0.5,1.317,-14.260000000000002
2022-11-01 20:00:00,570,Cuddalore,0.5,1.332,-14.260000000000002
2022-11-01 21:00:00,570,Cuddalore,0.5,1.324,-14.260000000000002
2022-11-01 22:00:00,570,Cuddalore,0.5,1.33,-14.239714285714284
2022-11-02 00:00:00,570,Cuddalore,0.5,1.32,-14.239714285714284
2022-11-02 01:00:00,570,Cuddalore,0.5,1.348,-14.239714285714284
2022-11-02 04:00:00,570,Cuddalore,0.5,1.342,-14.218285714285717
2022-11-02 05:00:00,570,Cuddalore,0.5,1.307,-14.218285714285717
2022-11-02 06:00:00,570,Cuddalore,0.5,1.316,-14.218285714285717
2022-11-02 07:00:00,570,Cuddalore,0.5,1.32,-14.218285714285717
2022-11-02 08:00:00,570,Cuddalore,0.5,1.222,-14.218285714285717
2022-11-02 10:00:00,570,Cuddalore,0.5,1.338,-14.210714285714284
2022-11-02 11:00:00,570,Cuddalore,0.5,1.217,-14.210714285714284
2022-11-02 12:00:00,570,Cuddalore,1.0,1.327,-14.210714285714284
2022-11-02 17:00:00,570,Cuddalore,0.5,1.3,-14.7795
2022-11-02 18:00:00,570,Cuddalore,0.8333333333333334,1.323,-14.7795
2022-11-02 19:00:00,570,Cuddalore,6.0,1.323,-14.7795
2022-11-02 20:00:00,570,Cuddalore,1.0,1.323,-14.7795
2022-11-02 22:00:00,570,Cuddalore,3.6666666666666665,1.393,-14.749166666666667
2022-11-02 23:00:00,570,Cuddalore,4.5,1.261,-14.749166666666667
2022-11-03 00:00:00,570,Cuddalore,1.6666666666666667,1.258,-14.749166666666667
2022-11-03 01:00:00,570,Cuddalore,2.5,1.224,-14.749166666666667
2022-11-03 02:00:00,570,Cuddalore,3.0,1.189,-14.749166666666667
2022-11-03 03:00:00,570,Cuddalore,3.0,1.273,-14.749166666666667
2022-11-03 04:00:00,570,Cuddalore,4.75,1.18,-14.10742857142857
2022-11-03 05:00:00,570,Cuddalore,8.166666666666666,1.199,-14.10742857142857
2022-11-03 06:00:00,570,Cuddalore,6.333333333333333,1.338,-14.10742857142857
2022-11-03 07:00:00,570,Cuddalore,7.5,1.363,-14.10742857142857
2022-11-03 08:00:00,570,Cuddalore,5.625,1.258,-14.10742857142857
2022-11-03 09:00:00,570,Cuddalore,1.8333333333333333,1.384,-14.10742857142857
2022-11-03 10:00:00,570,Cuddalore,2.833333333333333,1.371,-14.102428571428572
2022-11-03 11:00:00,570,Cuddalore,7.5,1.333,-14.102428571428572
2022-11-03 12:00:00,570,Cuddalore,3.25,1.347,-14.102428571428572
2022-11-03 13:00:00,570,Cuddalore,3.5,1.297,-14.102428571428572
2022-11-03 14:00:00,570,Cuddalore,3.0,1.26,-14.102428571428572
2022-11-03 15:00:00,570,Cuddalore,1.0,1.344,-14.102428571428572
2022-11-03 16:00:00,570,Cuddalore,1.0,1.258,-14.072428571428572
2022-11-03 17:00:00,570,Cuddalore,0.5,1.278,-14.072428571428572
2022-11-03 18:00:00,570,Cuddalore,0.5,1.299,-14.072428571428572
2022-11-03 19:00:00,570,Cuddalore,1.5,1.402,-14.072428571428572
2022-11-04 16:00:00,570,Cuddalore,5.0,1.296,-13.987857142857145
2022-11-04 17:00:00,570,Cuddalore,3.0,1.296,-13.987857142857145
2022-11-04 18:00:00,570,Cuddalore,1.0,1.289,-13.987857142857145
2022-11-04 23:00:00,570,Cuddalore,6.0,1.304,-13.975142857142858
2022-11-05 00:00:00,570,Cuddalore,0.5,1.474,-13.975142857142858
2022-11-05 01:00:00,570,Cuddalore,3.0,1.478,-13.975142857142858
2022-11-05 03:00:00,570,Cuddalore,3.5,1.335,-13.975142857142858
2022-11-05 06:00:00,570,Cuddalore,0.5,1.376,-13.92842857142857
2022-11-05 07:00:00,570,Cuddalore,3.0,1.325,-13.92842857142857
2022-11-05 08:00:00,570,Cuddalore,6.0,1.323,-13.92842857142857
2022-11-09 14:00:00,570,Cuddalore,0.5,1.284,-13.745142857142858
2022-11-09 15:00:00,570,Cuddalore,3.5,1.302,-13.745142857142858
2022-11-10 16:00:00,570,Cuddalore,0.5,1.295,-13.683857142857144
2022-11-10 17:00:00,570,Cuddalore,0.5,1.318,-13.683857142857144
2022-11-10 21:00:00,570,Cuddalore,2.0,1.411,-13.683857142857144
2022-11-10 22:00:00,570,Cuddalore,3.0,1.436,-13.663285714285715
2022-11-10 23:00:00,570,Cuddalore,1.0,1.395,-13.663285714285715
2022-11-11 02:00:00,570,Cuddalore,0.5,1.417,-13.663285714285715
2022-11-11 04:00:00,570,Cuddalore,2.5,1.463,-13.63114285714286
2022-11-11 05:00:00,570,Cuddalore,6.5,1.435,-13.63114285714286
2022-11-11 06:00:00,570,Cuddalore,3.375,1.44,-13.63114285714286
2022-11-11 07:00:00,570,Cuddalore,9.25,1.414,-13.63114285714286
2022-11-11 08:00:00,570,Cuddalore,4.25,1.418,-13.63114285714286
2022-11-11 09:00:00,570,Cuddalore,3.25,1.429,-13.63114285714286
2022-11-11 10:00:00,570,Cuddalore,8.166666666666666,1.455,-13.589857142857142
2022-11-11 11:00:00,570,Cuddalore,3.1666666666666665,1.453,-13.589857142857142
2022-11-11 12:00:00,570,Cuddalore,3.75,1.364,-13.589857142857142
2022-11-11 13:00:00,570,Cuddalore,4.25,1.407,-13.589857142857142
2022-11-11 14:00:00,570,Cuddalore,1.625,1.407,-13.589857142857142
2022-11-11 15:00:00,570,Cuddalore,4.0,1.431,-13.589857142857142
2022-11-11 16:00:00,570,Cuddalore,1.75,1.414,-14.209333333333332
2022-11-11 17:00:00,570,Cuddalore,2.1666666666666665,1.421,-14.209333333333332
2022-11-11 18:00:00,570,Cuddalore,1.0,1.401,-14.209333333333332
2022-11-11 19:00:00,570,Cuddalore,2.25,1.419,-14.209333333333332
2022-11-11 20:00:00,570,Cuddalore,4.0,1.428,-14.209333333333332
2022-11-11 21:00:00,570,Cuddalore,1.5,1.419,-14.209333333333332
2022-11-11 22:00:00,570,Cuddalore,2.1666666666666665,1.439,-14.149833333333332
2022-11-11 23:00:00,570,Cuddalore,1.8333333333333333,1.422,-14.149833333333332
2022-11-12 00:00:00,570,Cuddalore,21.0,1.41,-14.149833333333332
2022-11-12 01:00:00,570,Cuddalore,10.0,1.41,-14.149833333333332
2022-11-12 02:00:00,570,Cuddalore,1.75,1.44,-14.149833333333332
2022-11-12 03:00:00,570,Cuddalore,1.1666666666666667,1.305,-14.149833333333332
2022-11-12 04:00:00,570,Cuddalore,1.3333333333333333,1.42,-13.473285714285714
2022-11-12 05:00:00,570,Cuddalore,3.25,1.42,-13.473285714285714
2022-11-12 06:00:00,570,Cuddalore,8.5,1.43,-13.473285714285714
2022-11-12 07:00:00,570,Cuddalore,4.25,1.427,-13.473285714285714
2022-11-12 08:00:00,570,Cuddalore,0.5,1.417,-13.473285714285714
2022-11-12 09:00:00,570,Cuddalore,0.5,1.369,-13.473285714285714
2022-11-12 12:00:00,570,Cuddalore,1.0,1.34,-13.461857142857143
2022-11-12 13:00:00,570,Cuddalore,1.0,1.334,-13.461857142857143
2022-11-12 14:00:00,570,Cuddalore,0.5,1.344,-13.461857142857143
2022-11-12 15:00:00,570,Cuddalore,1.0,1.349,-13.461857142857143
2022-11-12 16:00:00,570,Cuddalore,1.0,1.382,-13.435285714285714
2022-11-12 17:00:00,570,Cuddalore,0.5,1.374,-13.435285714285714
2022-11-12 23:00:00,570,Cuddalore,0.5,1.371,-13.409
2022-11-13 00:00:00,570,Cuddalore,0.5,1.394,-13.409
2022-11-13 04:00:00,570,Cuddalore,2.25,1.429,-13.37857142857143
2022-11-13 05:00:00,570,Cuddalore,0.5,1.429,-13.37857142857143
2022-11-13 06:00:00,570,Cuddalore,0.5,1.429,-13.37857142857143
2022-11-13 10:00:00,570,Cuddalore,3.25,1.428,-13.360142857142858
2022-11-13 11:00:00,570,Cuddalore,2.5,1.428,-13.360142857142858
2022-11-13 12:00:00,570,Cuddalore,0.6666666666666666,1.411,-13.360142857142858
2022-11-13 14:00:00,570,Cuddalore,0.5,1.343,-13.360142857142858
2022-11-13 23:00:00,570,Cuddalore,0.5,1.463,-13.314000000000002
2022-11-14 02:00:00,570,Cuddalore,0.5,1.431,-13.314000000000002
2022-11-14 05:00:00,570,Cuddalore,0.5,1.455,-13.292428571428571
2022-11-14 08:00:00,570,Cuddalore,0.5,1.388,-13.292428571428571
2022-11-14 11:00:00,570,Cuddalore,0.5,1.292,-13.293857142857144
2022-11-14 14:00:00,570,Cuddalore,0.5,1.22,-13.293857142857144
2022-11-14 16:00:00,570,Cuddalore,0.5,1.241,-13.277571428571427
2022-11-14 18:00:00,570,Cuddalore,0.5,1.308,-13.277571428571427
2022-11-14 21:00:00,570,Cuddalore,0.5,1.333,-13.277571428571427
2022-11-14 23:00:00,570,Cuddalore,1.5,1.293,-13.244142857142858
2022-11-15 01:00:00,570,Cuddalore,0.5,1.354,-13.244142857142858
2022-11-15 03:00:00,570,Cuddalore,0.5,1.488,-13.244142857142858
2022-11-15 06:00:00,570,Cuddalore,0.5,1.395,-13.22342857142857
2022-11-15 08:00:00,570,Cuddalore,0.5,1.33,-13.22342857142857
2022-11-15 10:00:00,570,Cuddalore,0.5,1.302,-13.217714285714283
2022-11-15 11:00:00,570,Cuddalore,0.5,1.291,-13.217714285714283
2022-11-15 13:00:00,570,Cuddalore,0.5,1.309,-13.217714285714283
2022-11-15 15:00:00,570,Cuddalore,0.5,1.382,-13.217714285714283
2022-11-15 16:00:00,570,Cuddalore,0.5,1.356,-13.882333333333332
2022-11-15 18:00:00,570,Cuddalore,0.5,1.4,-13.882333333333332
2022-11-15 20:00:00,570,Cuddalore,0.5,1.422,-13.882333333333332
2022-11-15 21:00:00,570,Cuddalore,0.5,1.439,-13.882333333333332
2022-11-15 23:00:00,570,Cuddalore,0.5,1.456,-13.860333333333331
2022-11-16 01:00:00,570,Cuddalore,0.5,1.444,-13.860333333333331
2022-11-16 03:00:00,570,Cuddalore,0.5,1.427,-13.860333333333331
2022-11-16 04:00:00,570,Cuddalore,0.5,1.41,-13.844833333333334
2022-11-16 06:00:00,570,Cuddalore,0.5,1.426,-13.844833333333334
2022-11-16 08:00:00,570,Cuddalore,0.5,1.407,-13.844833333333334
2022-11-16 09:00:00,570,Cuddalore,0.5,1.373,-13.844833333333334
2022-11-16 11:00:00,570,Cuddalore,0.5,1.31,-13.864
2022-11-16 13:00:00,570,Cuddalore,0.5,1.268,-13.864
2022-11-16 15:00:00,570,Cuddalore,0.5,1.309,-13.864
2022-11-16 17:00:00,570,Cuddalore,0.5,1.386,-13.165285714285714
2022-11-16 19:00:00,570,Cuddalore,0.5,1.364,-13.165285714285714
2022-11-16 21:00:00,570,Cuddalore,0.5,1.413,-13.165285714285714
2022-11-17 00:00:00,570,Cuddalore,0.5,1.452,-13.153142857142855
2022-11-17 02:00:00,570,Cuddalore,0.5,1.375,-13.153142857142855
2022-11-17 05:00:00,570,Cuddalore,0.5,1.436,-13.139142857142858
2022-11-17 08:00:00,570,Cuddalore,0.5,1.414,-13.139142857142858
2022-11-17 11:00:00,570,Cuddalore,0.5,1.378,-13.154571428571428
2022-11-17 13:00:00,570,Cuddalore,0.5,1.355,-13.154571428571428
2022-11-17 16:00:00,570,Cuddalore,0.5,1.307,-13.819833333333332
2022-11-17 18:00:00,570,Cuddalore,0.5,1.33,-13.819833333333332
2022-11-17 21:00:00,570,Cuddalore,0.5,1.392,-13.819833333333332
2022-11-17 23:00:00,570,Cuddalore,0.5,1.42,-13.804
2022-11-18 01:00:00,570,Cuddalore,0.5,1.442,-13.804
2022-11-18 03:00:00,570,Cuddalore,0.5,1.454,-13.804
2022-11-18 07:00:00,570,Cuddalore,0.5,1.469,-13.120142857142858
2022-11-18 09:00:00,570,Cuddalore,0.5,1.409,-13.120142857142858
2022-11-18 12:00:00,570,Cuddalore,0.5,1.397,-13.149857142857142
2022-11-18 13:00:00,570,Cuddalore,0.5,1.414,-13.149857142857142
2022-11-18 16:00:00,570,Cuddalore,0.5,1.407,-13.145
2022-11-18 18:00:00,570,Cuddalore,0.5,1.395,-13.145
2022-11-18 19:00:00,570,Cuddalore,0.5,1.422,-13.145
2022-11-18 21:00:00,570,Cuddalore,0.5,1.449,-13.145
2022-11-18 23:00:00,570,Cuddalore,0.5,1.453,-13.121
2022-11-19 00:00:00,570,Cuddalore,0.5,1.477,-13.121
2022-11-19 02:00:00,570,Cuddalore,0.5,1.48,-13.121
2022-11-19 04:00:00,570,Cuddalore,0.5,1.484,-13.754333333333332
2022-11-19 06:00:00,570,Cuddalore,0.5,1.492,-13.754333333333332
2022-11-19 08:00:00,570,Cuddalore,0.5,1.445,-13.754333333333332
2022-11-19 09:00:00,570,Cuddalore,0.5,1.429,-13.754333333333332
2022-11-19 11:00:00,570,Cuddalore,0.5,1.392,-13.770666666666664
2022-11-19 13:00:00,570,Cuddalore,0.5,1.36,-13.770666666666664
2022-11-19 14:00:00,570,Cuddalore,0.5,1.35,-13.770666666666664
2022-11-19 16:00:00,570,Cuddalore,0.5,1.403,-13.119428571428571
2022-11-19 18:00:00,570,Cuddalore,0.5,1.412,-13.119428571428571
2022-11-19 19:00:00,570,Cuddalore,0.5,1.444,-13.119428571428571
2022-11-19 21:00:00,570,Cuddalore,0.5,1.465,-13.119428571428571
2022-11-19 23:00:00,570,Cuddalore,0.5,1.466,-13.093428571428571
2022-11-20 00:00:00,570,Cuddalore,0.5,1.466,-13.093428571428571
2022-11-20 02:00:00,570,Cuddalore,0.5,1.443,-13.093428571428571
2022-11-20 04:00:00,570,Cuddalore,0.5,1.466,-13.072428571428572
2022-11-20 06:00:00,570,Cuddalore,0.5,1.48,-13.072428571428572
2022-11-20 08:00:00,570,Cuddalore,0.5,1.468,-13.072428571428572
2022-11-20 10:00:00,570,Cuddalore,0.5,1.414,-13.105714285714283
2022-11-20 11:00:00,570,Cuddalore,0.5,1.382,-13.105714285714283
2022-11-20 12:00:00,570,Cuddalore,0.5,1.387,-13.105714285714283
2022-11-20 13:00:00,570,Cuddalore,0.5,1.373,-13.105714285714283
2022-11-20 14:00:00,570,Cuddalore,0.5,1.337,-13.105714285714283
2022-11-20 15:00:00,570,Cuddalore,0.5,1.293,-13.105714285714283
2022-11-20 16:00:00,570,Cuddalore,0.5,1.381,-13.082571428571429
2022-11-20 18:00:00,570,Cuddalore,0.5,1.44,-13.082571428571429
2022-11-20 19:00:00,570,Cuddalore,0.5,1.442,-13.082571428571429
2022-11-20 20:00:00,570,Cuddalore,1.0,1.454,-13.082571428571429
2022-11-20 21:00:00,570,Cuddalore,0.5,1.439,-13.082571428571429
2022-11-20 22:00:00,570,Cuddalore,0.5,1.444,-13.07514285714286
2022-11-20 23:00:00,570,Cuddalore,0.5,1.45,-13.07514285714286
2022-11-21 00:00:00,570,Cuddalore,0.5,1.461,-13.07514285714286
2022-11-21 01:00:00,570,Cuddalore,0.5,1.463,-13.07514285714286
2022-11-21 02:00:00,570,Cuddalore,0.5,1.474,-13.07514285714286
2022-11-21 03:00:00,570,Cuddalore,0.5,1.472,-13.07514285714286
2022-11-21 04:00:00,570,Cuddalore,1.0,1.472,-13.051142857142858
2022-11-21 05:00:00,570,Cuddalore,0.5,1.439,-13.051142857142858
2022-11-21 06:00:00,570,Cuddalore,0.5,1.43,-13.051142857142858
2022-11-21 07:00:00,570,Cuddalore,0.5,1.441,-13.051142857142858
2022-11-21 08:00:00,570,Cuddalore,0.5,1.426,-13.051142857142858
2022-11-21 09:00:00,570,Cuddalore,1.0,1.375,-13.051142857142858
2022-11-21 10:00:00,570,Cuddalore,0.5,1.372,-13.103285714285716
2022-11-21 11:00:00,570,Cuddalore,1.0,1.364,-13.103285714285716
2022-11-21 12:00:00,570,Cuddalore,0.5,1.335,-13.103285714285716
2022-11-21 13:00:00,570,Cuddalore,1.0,1.319,-13.103285714285716
2022-11-21 14:00:00,570,Cuddalore,1.0,1.334,-13.103285714285716
2022-11-21 15:00:00,570,Cuddalore,0.5,1.357,-13.103285714285716
2022-11-21 16:00:00,570,Cuddalore,0.5,1.398,-13.064428571428572
2022-11-21 17:00:00,570,Cuddalore,0.5,1.41,-13.064428571428572
2022-11-21 18:00:00,570,Cuddalore,1.0,1.439,-13.064428571428572
2022-11-21 19:00:00,570,Cuddalore,1.0,1.442,-13.064428571428572
2022-11-21 20:00:00,570,Cuddalore,0.5,1.462,-13.064428571428572
2022-11-21 21:00:00,570,Cuddalore,1.0,1.473,-13.064428571428572
2022-11-21 22:00:00,570,Cuddalore,0.5,1.478,-13.056857142857142
2022-11-21 23:00:00,570,Cuddalore,0.5,1.47,-13.056857142857142
2022-11-22 00:00:00,570,Cuddalore,0.5,1.477,-13.056857142857142
2022-11-22 01:00:00,570,Cuddalore,1.0,1.467,-13.056857142857142
2022-11-22 02:00:00,570,Cuddalore,0.5,1.479,-13.056857142857142
2022-11-22 03:00:00,570,Cuddalore,1.0,1.477,-13.056857142857142
2022-11-22 04:00:00,570,Cuddalore,1.0,1.487,-13.041857142857143
2022-11-22 05:00:00,570,Cuddalore,0.5,1.471,-13.041857142857143
2022-11-22 06:00:00,570,Cuddalore,1.0,1.481,-13.041857142857143
2022-11-22 07:00:00,570,Cuddalore,0.5,1.491,-13.041857142857143
2022-11-22 08:00:00,570,Cuddalore,1.0,1.478,-13.041857142857143
2022-11-22 09:00:00,570,Cuddalore,0.5,1.465,-13.041857142857143
2022-11-22 10:00:00,570,Cuddalore,0.5,1.463,-13.099142857142857
2022-11-22 11:00:00,570,Cuddalore,0.5,1.433,-13.099142857142857
2022-11-22 12:00:00,570,Cuddalore,1.0,1.392,-13.099142857142857
2022-11-22 13:00:00,570,Cuddalore,0.5,1.404,-13.099142857142857
2022-11-22 14:00:00,570,Cuddalore,0.5,1.394,-13.099142857142857
2022-11-22 15:00:00,570,Cuddalore,0.5,1.392,-13.099142857142857
2022-11-22 16:00:00,570,Cuddalore,0.5,1.404,-13.075
2022-11-22 17:00:00,570,Cuddalore,0.5,1.414,-13.075
2022-11-22 18:00:00,570,Cuddalore,0.5,1.439,-13.075
2022-11-22 19:00:00,570,Cuddalore,0.5,1.465,-13.075
2022-11-22 20:00:00,570,Cuddalore,0.5,1.46,-13.075
2022-11-22 21:00:00,570,Cuddalore,0.5,1.48,-13.075
2022-11-22 22:00:00,570,Cuddalore,0.5,1.477,-13.068142857142858
2022-11-22 23:00:00,570,Cuddalore,0.5,1.462,-13.068142857142858
2022-11-23 00:00:00,570,Cuddalore,0.5,1.478,-13.068142857142858
2022-11-23 02:00:00,570,Cuddalore,0.5,1.496,-13.068142857142858
2022-11-23 03:00:00,570,Cuddalore,0.5,1.49,-13.068142857142858
2022-11-23 04:00:00,570,Cuddalore,0.5,1.494,-13.054857142857143
2022-11-23 05:00:00,570,Cuddalore,1.0,1.502,-13.054857142857143
2022-11-23 06:00:00,570,Cuddalore,0.75,1.501,-13.054857142857143
2022-11-23 07:00:00,570,Cuddalore,0.75,1.499,-13.054857142857143
2022-11-23 09:00:00,570,Cuddalore,0.5,1.422,-13.054857142857143
2022-11-23 10:00:00,570,Cuddalore,0.5,1.385,-13.122857142857145
2022-11-23 11:00:00,570,Cuddalore,1.0,1.359,-13.122857142857145
2022-11-23 12:00:00,570,Cuddalore,0.5,1.344,-13.122857142857145
2022-11-23 13:00:00,570,Cuddalore,0.5,1.332,-13.122857142857145
2022-11-23 14:00:00,570,Cuddalore,1.0,1.393,-13.122857142857145
2022-11-23 16:00:00,570,Cuddalore,0.5,1.418,-13.12142857142857
2022-11-23 17:00:00,570,Cuddalore,0.5,1.446,-13.12142857142857
2022-11-23 18:00:00,570,Cuddalore,1.25,1.47,-13.12142857142857
2022-11-23 19:00:00,570,Cuddalore,0.5,1.48,-13.12142857142857
2022-11-23 20:00:00,570,Cuddalore,0.5,1.466,-13.12142857142857
2022-11-23 21:00:00,570,Cuddalore,1.0,1.47,-13.12142857142857
2022-11-23 22:00:00,570,Cuddalore,0.5,1.494,-13.107285714285714
2022-11-23 23:00:00,570,Cuddalore,1.0,1.483,-13.107285714285714
2022-11-24 00:00:00,570,Cuddalore,0.5,1.478,-13.107285714285714
2022-11-24 01:00:00,570,Cuddalore,0.5,1.47,-13.107285714285714
2022-11-24 02:00:00,570,Cuddalore,1.0,1.457,-13.107285714285714
2022-11-24 03:00:00,570,Cuddalore,1.5,1.474,-13.107285714285714
2022-11-24 04:00:00,570,Cuddalore,1.0,1.474,-13.094857142857142
2022-11-24 05:00:00,570,Cuddalore,0.75,1.487,-13.094857142857142
2022-11-24 06:00:00,570,Cuddalore,0.5,1.493,-13.094857142857142
2022-11-27 02:00:00,570,Cuddalore,2.5,1.45,-13.13642857142857
2022-11-28 08:00:00,570,Cuddalore,0.5,1.517,-13.121142857142855
2022-11-28 16:00:00,570,Cuddalore,0.5,1.444,-13.726166666666666
2022-12-01 03:00:00,570,Cuddalore,1.0,1.434,-15.0388
2022-12-01 04:00:00,570,Cuddalore,2.0,1.44,-11.9795
2022-12-02 11:40:00,570,Cuddalore,0.5,1.124,-13.09442857142857
2022-12-02 11:45:00,570,Cuddalore,0.5,1.124,-13.09442857142857
2022-12-02 11:50:00,570,Cuddalore,0.5,1.124,-13.09442857142857
2022-12-02 11:55:00,570,Cuddalore,1.0,1.124,-13.09442857142857
2022-12-02 12:00:00,570,Cuddalore,1.0,1.124,-13.09442857142857
2022-12-03 10:00:00,570,Cuddalore,1.0,1.218,-13.672666666666666
2022-12-03 16:00:00,570,Cuddalore,0.5,1.245,-13.124857142857143
2022-12-04 02:00:00,570,Cuddalore,1.0,1.345,-13.100714285714286
2022-12-04 03:00:00,570,Cuddalore,5.5,1.345,-13.100714285714286
2022-12-04 04:00:00,570,Cuddalore,1.75,1.345,-13.082714285714284
2022-12-04 06:00:00,570,Cuddalore,3.5,1.345,-13.082714285714284
2022-12-04 07:00:00,570,Cuddalore,5.5,1.345,-13.082714285714284
2022-12-04 08:00:00,570,Cuddalore,1.0,1.345,-13.082714285714284
2022-12-04 09:00:00,570,Cuddalore,1.0,1.321,-13.082714285714284
2022-12-04 10:00:00,570,Cuddalore,1.0,1.325,-13.135142857142856
2022-12-04 11:00:00,570,Cuddalore,1.5,1.332,-13.135142857142856
2022-12-04 12:00:00,570,Cuddalore,1.0,1.317,-13.135142857142856
2022-12-04 13:00:00,570,Cuddalore,15.0,1.322,-13.135142857142856
2022-12-04 14:00:00,570,Cuddalore,1.0,1.354,-13.135142857142856
2022-12-04 15:00:00,570,Cuddalore,0.5,1.345,-13.135142857142856
2022-12-04 16:00:00,570,Cuddalore,1.0,1.364,-13.078714285714286
2022-12-04 17:00:00,570,Cuddalore,0.5,1.365,-13.078714285714286
2022-12-04 18:00:00,570,Cuddalore,0.75,1.369,-13.078714285714286
2022-12-04 19:00:00,570,Cuddalore,1.0,1.373,-13.078714285714286
2022-12-04 20:00:00,570,Cuddalore,0.6666666666666666,1.379,-13.078714285714286
2022-12-04 21:00:00,570,Cuddalore,0.5,1.385,-13.078714285714286
2022-12-04 22:00:00,570,Cuddalore,1.0,1.389,-13.032428571428571
2022-12-04 23:00:00,570,Cuddalore,0.75,1.392,-13.032428571428571
2022-12-05 00:00:00,570,Cuddalore,0.5,1.394,-13.032428571428571
2022-12-05 01:00:00,570,Cuddalore,0.5,1.4,-13.032428571428571
2022-12-05 02:00:00,570,Cuddalore,0.5,1.405,-13.032428571428571
2022-12-05 03:00:00,570,Cuddalore,1.0,1.409,-13.032428571428571
2022-12-05 04:00:00,570,Cuddalore,0.5,1.411,-12.986428571428572
2022-12-05 05:00:00,570,Cuddalore,0.5,1.402,-12.986428571428572
2022-12-05 06:00:00,570,Cuddalore,1.0,1.402,-12.986428571428572
2022-12-05 07:00:00,570,Cuddalore,0.5,1.408,-12.986428571428572
2022-12-05 08:00:00,570,Cuddalore,0.5,1.402,-12.986428571428572
2022-12-05 09:00:00,570,Cuddalore,0.5,1.394,-12.986428571428572
2022-12-05 10:00:00,570,Cuddalore,0.5,1.378,-12.997142857142858
2022-12-05 11:00:00,570,Cuddalore,0.5,1.369,-12.997142857142858
2022-12-05 12:00:00,570,Cuddalore,0.5,1.354,-12.997142857142858
2022-12-05 13:00:00,570,Cuddalore,0.5,1.353,-12.997142857142858
2022-12-05 14:00:00,570,Cuddalore,0.5,1.352,-12.997142857142858
2022-12-05 16:00:00,570,Cuddalore,0.5,1.372,-12.952428571428571
2022-12-05 17:00:00,570,Cuddalore,0.5,1.401,-12.952428571428571
2022-12-05 18:00:00,570,Cuddalore,0.5,1.41,-12.952428571428571
2022-12-05 19:00:00,570,Cuddalore,0.5,1.412,-12.952428571428571
2022-12-05 20:00:00,570,Cuddalore,0.5,1.42,-12.952428571428571
2022-12-05 22:00:00,570,Cuddalore,0.5,1.435,-12.93557142857143
2022-12-05 23:00:00,570,Cuddalore,0.5,1.436,-12.93557142857143
2022-12-06 00:00:00,570,Cuddalore,0.5,1.437,-12.93557142857143
2022-12-06 01:00:00,570,Cuddalore,0.5,1.443,-12.93557142857143
2022-12-06 02:00:00,570,Cuddalore,0.5,1.446,-12.93557142857143
2022-12-06 03:00:00,570,Cuddalore,0.5,1.448,-12.93557142857143
2022-12-06 04:00:00,570,Cuddalore,0.5,1.444,-12.895
2022-12-06 05:00:00,570,Cuddalore,0.5,1.453,-12.895
2022-12-06 06:00:00,570,Cuddalore,0.5,1.454,-12.895
2022-12-06 07:00:00,570,Cuddalore,0.5,1.461,-12.895
2022-12-06 08:00:00,570,Cuddalore,0.5,1.445,-12.895
2022-12-06 09:00:00,570,Cuddalore,0.5,1.426,-12.895
2022-12-06 11:00:00,570,Cuddalore,0.5,1.412,-12.911
2022-12-06 12:00:00,570,Cuddalore,0.5,1.415,-12.911
2022-12-06 13:00:00,570,Cuddalore,0.5,1.405,-12.911
2022-12-06 15:00:00,570,Cuddalore,0.5,1.41,-12.911
2022-12-06 17:00:00,570,Cuddalore,0.5,1.429,-12.856285714285717
2022-12-06 18:00:00,570,Cuddalore,0.5,1.448,-12.856285714285717
2022-12-06 20:00:00,570,Cuddalore,0.5,1.454,-12.856285714285717
2022-12-06 22:00:00,570,Cuddalore,0.5,1.458,-12.837285714285716
2022-12-07 00:00:00,570,Cuddalore,0.5,1.455,-12.837285714285716
2022-12-07 01:00:00,570,Cuddalore,0.5,1.459,-12.837285714285716
2022-12-07 03:00:00,570,Cuddalore,0.5,1.455,-12.837285714285716
2022-12-07 05:00:00,570,Cuddalore,0.5,1.457,-12.802285714285714
2022-12-07 07:00:00,570,Cuddalore,0.5,1.465,-12.802285714285714
2022-12-07 09:00:00,570,Cuddalore,0.5,1.437,-12.802285714285714
2022-12-07 13:00:00,570,Cuddalore,0.5,1.404,-12.809285714285716
2022-12-08 16:00:00,570,Cuddalore,1.0,1.495,-12.701285714285715
2022-12-08 18:00:00,570,Cuddalore,0.5,1.484,-12.701285714285715
2022-12-08 21:00:00,570,Cuddalore,0.75,1.485,-12.701285714285715
2022-12-08 22:00:00,570,Cuddalore,0.5,1.38,-12.668857142857144
2022-12-08 23:00:00,570,Cuddalore,0.5,1.385,-12.668857142857144
2022-12-09 00:00:00,570,Cuddalore,1.0,1.505,-12.668857142857144
2022-12-09 02:00:00,570,Cuddalore,0.5,1.479,-12.668857142857144
2022-12-09 04:00:00,570,Cuddalore,0.5,1.465,-12.629857142857144
2022-12-09 05:00:00,570,Cuddalore,0.5,1.473,-12.629857142857144
2022-12-09 09:00:00,570,Cuddalore,0.5,1.445,-12.629857142857144
2022-12-09 12:00:00,570,Cuddalore,1.0,1.489,-12.617428571428572
2022-12-09 13:00:00,570,Cuddalore,0.75,1.48,-12.617428571428572
2022-12-09 14:00:00,570,Cuddalore,0.5,1.491,-12.617428571428572
2022-12-09 15:00:00,570,Cuddalore,0.5,1.468,-12.617428571428572
2022-12-09 16:00:00,570,Cuddalore,0.5,1.447,-12.588142857142858
2022-12-09 20:00:00,570,Cuddalore,0.5,1.454,-12.588142857142858
2022-12-09 21:00:00,570,Cuddalore,0.5,1.45,-12.588142857142858
2022-12-09 22:00:00,570,Cuddalore,2.5,1.455,-12.569428571428572
2022-12-09 23:00:00,570,Cuddalore,4.75,1.457,-12.569428571428572
2022-12-10 00:00:00,570,Cuddalore,10.75,1.466,-12.569428571428572
2022-12-10 01:00:00,570,Cuddalore,3.0,1.487,-12.569428571428572
2022-12-10 02:00:00,570,Cuddalore,0.75,1.488,-12.569428571428572
2022-12-10 03:00:00,570,Cuddalore,2.0,1.487,-12.569428571428572
2022-12-10 04:00:00,570,Cuddalore,3.5,1.495,-12.548714285714285
2022-12-10 05:00:00,570,Cuddalore,1.8333333333333333,1.502,-12.548714285714285
2022-12-10 06:00:00,570,Cuddalore,3.0,1.497,-12.548714285714285
2022-12-10 07:00:00,570,Cuddalore,0.5,1.495,-12.548714285714285
2022-12-10 08:00:00,570,Cuddalore,0.5,1.494,-12.548714285714285
2022-12-10 12:00:00,570,Cuddalore,0.5,1.409,-12.552428571428573
2022-12-10 14:00:00,570,Cuddalore,0.5,1.462,-12.552428571428573
2022-12-10 16:00:00,570,Cuddalore,0.5,1.491,-12.533142857142858
2022-12-10 18:00:00,570,Cuddalore,0.5,1.496,-12.533142857142858
2022-12-11 01:00:00,570,Cuddalore,0.5,1.504,-12.515142857142855
2022-12-11 09:00:00,570,Cuddalore,0.5,1.418,-12.503857142857145
2022-12-11 15:00:00,570,Cuddalore,0.5,1.391,-12.502714285714283
2022-12-11 20:00:00,570,Cuddalore,0.5,1.429,-13.081166666666666
2022-12-12 02:00:00,570,Cuddalore,0.5,1.429,-13.051166666666669
2022-12-12 04:00:00,570,Cuddalore,2.6666666666666665,1.434,-13.044
2022-12-12 07:00:00,570,Cuddalore,0.5,1.522,-13.044
2022-12-12 12:00:00,570,Cuddalore,0.5,1.452,-13.034
2022-12-12 13:00:00,570,Cuddalore,2.25,1.472,-13.034
2022-12-12 14:00:00,570,Cuddalore,11.75,1.446,-13.034
2022-12-12 18:00:00,570,Cuddalore,0.5,1.479,-12.413
2022-12-12 21:00:00,570,Cuddalore,0.5,1.489,-12.413
2022-12-12 22:00:00,570,Cuddalore,5.0,1.481,-12.402142857142858
2022-12-12 23:00:00,570,Cuddalore,0.5,1.494,-12.402142857142858
2022-12-13 01:00:00,570,Cuddalore,0.5,1.48,-12.402142857142858
2022-12-13 03:00:00,570,Cuddalore,1.0,1.47,-12.402142857142858
2022-12-13 05:00:00,570,Cuddalore,0.5,1.47,-12.39257142857143
2022-12-13 06:00:00,570,Cuddalore,0.5,1.473,-12.39257142857143
2022-12-13 07:00:00,570,Cuddalore,1.5,1.471,-12.39257142857143
2022-12-13 08:00:00,570,Cuddalore,6.25,1.456,-12.39257142857143
2022-12-13 09:00:00,570,Cuddalore,3.25,1.415,-12.39257142857143
2022-12-13 11:00:00,570,Cuddalore,2.0,1.391,-12.379571428571428
2022-12-13 12:00:00,570,Cuddalore,0.5,1.418,-12.379571428571428
2022-12-13 13:00:00,570,Cuddalore,13.0,1.417,-12.379571428571428
2022-12-13 17:00:00,570,Cuddalore,0.5,1.426,-12.368428571428572
2022-12-13 20:00:00,570,Cuddalore,0.5,1.414,-12.368428571428572
2022-12-14 01:00:00,570,Cuddalore,0.5,1.413,-12.345571428571429
2022-12-14 05:00:00,570,Cuddalore,0.5,1.33,-12.331714285714286
2022-12-14 09:00:00,570,Cuddalore,0.5,1.363,-12.331714285714286
2022-12-14 14:00:00,570,Cuddalore,0.5,1.34,-12.31857142857143
2022-12-14 18:00:00,570,Cuddalore,0.5,1.41,-12.307714285714283
2022-12-14 21:00:00,570,Cuddalore,0.5,1.451,-12.307714285714283
2022-12-15 00:00:00,570,Cuddalore,0.5,1.46,-12.285571428571428
2022-12-15 03:00:00,570,Cuddalore,0.5,1.467,-12.285571428571428
2022-12-15 07:00:00,570,Cuddalore,0.5,1.479,-12.271
2022-12-15 09:00:00,570,Cuddalore,0.5,1.458,-12.271
2022-12-15 12:00:00,570,Cuddalore,0.5,1.403,-12.274571428571427
2022-12-15 15:00:00,570,Cuddalore,0.5,1.358,-12.274571428571427
2022-12-15 18:00:00,570,Cuddalore,0.5,1.403,-12.266
2022-12-15 22:00:00,570,Cuddalore,0.5,1.415,-12.237142857142857
2022-12-16 06:00:00,570,Cuddalore,0.5,1.465,-12.222142857142856
2022-12-16 12:00:00,570,Cuddalore,0.5,1.369,-12.226
2022-12-16 18:00:00,570,Cuddalore,0.5,1.395,-12.225857142857144
2022-12-16 22:00:00,570,Cuddalore,0.5,1.45,-12.231428571428571
2022-12-17 05:00:00,570,Cuddalore,0.5,1.465,-12.230714285714283
2022-12-17 12:00:00,570,Cuddalore,0.5,1.399,-12.258142857142856
2022-12-17 22:00:00,570,Cuddalore,0.5,1.472,-12.249285714285715
2022-12-18 07:00:00,570,Cuddalore,0.5,1.488,-12.240142857142857
2022-12-18 13:00:00,570,Cuddalore,0.5,1.427,-12.280142857142858
2022-12-18 17:00:00,570,Cuddalore,0.5,1.412,-12.287285714285716
2022-12-18 23:00:00,570,Cuddalore,0.5,1.467,-12.308285714285716
2022-12-19 03:00:00,570,Cuddalore,0.5,1.521,-12.308285714285716
2022-12-19 05:00:00,570,Cuddalore,0.5,1.491,-12.294571428571428
2022-12-19 06:00:00,570,Cuddalore,0.5,1.438,-12.294571428571428
2022-12-19 08:00:00,570,Cuddalore,0.5,1.453,-12.294571428571428
2022-12-19 09:00:00,570,Cuddalore,0.5,1.362,-12.294571428571428
2022-12-19 11:00:00,570,Cuddalore,0.5,1.465,-12.330714285714285
2022-12-19 13:00:00,570,Cuddalore,0.5,1.341,-12.330714285714285
2022-12-19 15:00:00,570,Cuddalore,0.5,1.402,-12.330714285714285
2022-12-19 17:00:00,570,Cuddalore,0.5,1.425,-12.877
2022-12-19 20:00:00,570,Cuddalore,0.5,1.441,-12.877
2022-12-20 00:00:00,570,Cuddalore,0.5,1.453,-12.860833333333334
2022-12-20 03:00:00,570,Cuddalore,0.5,1.448,-12.860833333333334
2022-12-20 07:00:00,570,Cuddalore,0.5,1.452,-12.263
2022-12-20 11:00:00,570,Cuddalore,0.5,1.4,-12.289
2022-12-20 13:00:00,570,Cuddalore,0.5,1.389,-12.289
2022-12-20 14:00:00,570,Cuddalore,0.5,1.403,-12.289
2022-12-20 15:00:00,570,Cuddalore,0.5,1.412,-12.289
2022-12-20 17:00:00,570,Cuddalore,0.5,1.427,-12.274571428571427
2022-12-20 18:00:00,570,Cuddalore,0.5,1.434,-12.274571428571427
2022-12-20 21:00:00,570,Cuddalore,0.5,1.459,-12.274571428571427
2022-12-20 23:00:00,570,Cuddalore,0.5,1.464,-12.269000000000002
2022-12-21 02:00:00,570,Cuddalore,0.5,1.473,-12.269000000000002
2022-12-21 05:00:00,570,Cuddalore,0.5,1.478,-12.791666666666666
2022-12-21 08:00:00,570,Cuddalore,0.5,1.477,-12.791666666666666
2022-12-21 10:00:00,570,Cuddalore,0.5,1.457,-12.860166666666666
2022-12-21 11:00:00,570,Cuddalore,1.0,1.439,-12.860166666666666
2022-12-21 12:00:00,570,Cuddalore,1.0,1.435,-12.860166666666666
2022-12-21 13:00:00,570,Cuddalore,0.5,1.428,-12.860166666666666
2022-12-21 14:00:00,570,Cuddalore,0.5,1.423,-12.860166666666666
2022-12-21 15:00:00,570,Cuddalore,0.5,1.441,-12.860166666666666
2022-12-21 17:00:00,570,Cuddalore,0.5,1.468,-12.271857142857144
2022-12-21 18:00:00,570,Cuddalore,0.5,1.487,-12.271857142857144
2022-12-21 19:00:00,570,Cuddalore,0.5,1.496,-12.271857142857144
2022-12-21 21:00:00,570,Cuddalore,0.5,1.505,-12.271857142857144
2022-12-21 23:00:00,570,Cuddalore,0.5,1.502,-12.276142857142858
2022-12-22 01:00:00,570,Cuddalore,0.5,1.511,-12.276142857142858
2022-12-22 03:00:00,570,Cuddalore,0.5,1.51,-12.276142857142858
2022-12-22 05:00:00,570,Cuddalore,0.5,1.513,-12.248285714285714
2022-12-22 06:00:00,570,Cuddalore,0.5,1.517,-12.248285714285714
2022-12-22 07:00:00,570,Cuddalore,1.0,1.517,-12.248285714285714
2022-12-22 08:00:00,570,Cuddalore,0.5,1.5,-12.248285714285714
2022-12-22 09:00:00,570,Cuddalore,0.5,1.475,-12.248285714285714
2022-12-22 10:00:00,570,Cuddalore,1.0,1.464,-12.275428571428572
2022-12-22 11:00:00,570,Cuddalore,0.5,1.448,-12.275428571428572
2022-12-22 12:00:00,570,Cuddalore,1.0,1.446,-12.275428571428572
2022-12-22 13:00:00,570,Cuddalore,0.5,1.443,-12.275428571428572
2022-12-22 14:00:00,570,Cuddalore,0.5,1.436,-12.275428571428572
2022-12-22 15:00:00,570,Cuddalore,0.5,1.446,-12.275428571428572
2022-12-22 16:00:00,570,Cuddalore,1.0,1.454,-12.264857142857142
2022-12-22 17:00:00,570,Cuddalore,0.5,1.46,-12.264857142857142
2022-12-22 18:00:00,570,Cuddalore,0.5,1.476,-12.264857142857142
2022-12-22 19:00:00,570,Cuddalore,0.5,1.489,-12.264857142857142
2022-12-22 20:00:00,570,Cuddalore,0.5,1.502,-12.264857142857142
2022-12-22 22:00:00,570,Cuddalore,0.5,1.503,-12.306571428571427
2022-12-22 23:00:00,570,Cuddalore,0.5,1.508,-12.306571428571427
2022-12-23 00:00:00,570,Cuddalore,0.5,1.505,-12.306571428571427
2022-12-23 01:00:00,570,Cuddalore,0.5,1.505,-12.306571428571427
2022-12-23 02:00:00,570,Cuddalore,0.5,1.51,-12.306571428571427
2022-12-23 03:00:00,570,Cuddalore,0.5,1.515,-12.306571428571427
2022-12-23 04:00:00,570,Cuddalore,0.5,1.517,-12.308142857142856
2022-12-23 05:00:00,570,Cuddalore,0.5,1.514,-12.308142857142856
2022-12-23 07:00:00,570,Cuddalore,0.5,1.511,-12.308142857142856
2022-12-25 07:00:00,570,Cuddalore,0.5,1.395,-12.520142857142858
2022-12-25 08:00:00,570,Cuddalore,0.5,1.474,-12.520142857142858
2022-12-25 09:00:00,570,Cuddalore,1.1666666666666667,1.456,-12.520142857142858
2022-12-25 10:00:00,570,Cuddalore,1.8333333333333333,1.466,-12.506
2022-12-25 11:00:00,570,Cuddalore,2.333333333333333,1.466,-12.506
2022-12-25 12:00:00,570,Cuddalore,2.0,1.474,-12.506
2022-12-25 13:00:00,570,Cuddalore,1.8333333333333333,1.435,-12.506
2022-12-25 14:00:00,570,Cuddalore,0.75,1.447,-12.506
2022-12-25 15:00:00,570,Cuddalore,0.5,1.442,-12.506
2022-12-25 16:00:00,570,Cuddalore,1.0,1.446,-12.495
2022-12-25 17:00:00,570,Cuddalore,0.5,1.46,-12.495
2022-12-25 19:00:00,570,Cuddalore,0.5,1.477,-12.495
2022-12-25 22:00:00,570,Cuddalore,0.5,1.475,-12.440285714285713
2022-12-25 23:00:00,570,Cuddalore,0.5,1.592,-12.440285714285713
2022-12-26 00:00:00,570,Cuddalore,3.0,1.469,-12.440285714285713
2022-12-26 02:00:00,570,Cuddalore,0.5,1.468,-12.440285714285713
2022-12-26 06:00:00,570,Cuddalore,0.5,1.473,-12.408857142857142
2022-12-26 12:00:00,570,Cuddalore,0.5,1.439,-12.386142857142858
2022-12-26 14:00:00,570,Cuddalore,1.0,1.413,-12.386142857142858
2022-12-26 16:00:00,570,Cuddalore,1.0,1.432,-12.38
2022-12-26 17:00:00,570,Cuddalore,0.5,1.448,-12.38
2022-12-26 18:00:00,570,Cuddalore,0.5,1.455,-12.38
2022-12-26 20:00:00,570,Cuddalore,0.5,1.465,-12.38
2022-12-26 22:00:00,570,Cuddalore,0.5,1.452,-12.348
2022-12-27 03:00:00,570,Cuddalore,1.0,1.451,-12.348
2022-12-27 04:00:00,570,Cuddalore,0.5,1.597,-12.329285714285714
2022-12-27 05:00:00,570,Cuddalore,0.5,1.554,-12.329285714285714
2022-12-27 06:00:00,570,Cuddalore,1.5,1.557,-12.329285714285714
2022-12-27 07:00:00,570,Cuddalore,0.5,1.428,-12.329285714285714
2022-12-27 08:00:00,570,Cuddalore,1.0,1.584,-12.329285714285714
2022-12-27 09:00:00,570,Cuddalore,0.5,1.315,-12.329285714285714
2022-12-27 10:00:00,570,Cuddalore,0.5,1.436,-12.332857142857142
2022-12-27 11:00:00,570,Cuddalore,0.5,1.401,-12.332857142857142
2022-12-27 13:00:00,570,Cuddalore,1.5,1.428,-12.332857142857142
2022-12-27 19:00:00,570,Cuddalore,0.5,1.464,-12.8205
2022-12-28 01:00:00,570,Cuddalore,0.5,1.48,-12.781166666666666
2022-12-28 10:00:00,570,Cuddalore,0.5,1.456,-12.763833333333332
2022-12-28 17:00:00,570,Cuddalore,0.5,1.438,-12.230857142857143
2022-12-29 05:00:00,570,Cuddalore,0.5,1.473,-12.200428571428573
2022-12-29 13:00:00,570,Cuddalore,0.5,1.377,-12.19
2022-12-29 20:00:00,570,Cuddalore,0.5,1.457,-10.750166666666669
2022-12-30 01:00:00,570,Cuddalore,0.5,1.476,-10.718833333333334
2022-12-30 06:00:00,570,Cuddalore,0.5,1.477,-10.28
2022-12-30 12:00:00,570,Cuddalore,0.5,1.37,-10.2888
2022-12-30 18:00:00,570,Cuddalore,0.5,1.437,-6.9855
2022-12-31 01:00:00,570,Cuddalore,0.5,1.462,-7.0055000000000005
2022-12-31 10:00:00,570,Cuddalore,0.5,1.424,-6.999
2022-12-31 18:00:00,570,Cuddalore,0.5,1.439,-8.39075
2023-01-01 03:00:00,570,Cuddalore,0.5,1.463,-8.43
2023-01-01 11:00:00,570,Cuddalore,0.5,1.375,-12.335857142857142
2023-01-01 18:00:00,570,Cuddalore,0.5,1.399,-11.514
2023-01-02 09:00:00,570,Cuddalore,0.5,1.414,-12.313714285714283
2023-01-02 16:00:00,570,Cuddalore,0.5,1.368,-12.337428571428571
2023-01-05 10:00:00,570,Cuddalore,1.0,1.447,-12.315
2023-01-05 11:00:00,570,Cuddalore,1.5,1.433,-12.315
2023-01-08 04:00:00,570,Cuddalore,0.5,1.484,-13.202166666666663
2023-01-08 06:00:00,570,Cuddalore,0.5,1.487,-13.202166666666663
2023-01-08 09:00:00,570,Cuddalore,0.5,1.482,-13.202166666666663
2023-01-08 10:00:00,570,Cuddalore,0.5,1.466,-13.2235
2023-01-08 17:00:00,570,Cuddalore,0.5,1.442,-12.810333333333332
2023-01-09 00:00:00,570,Cuddalore,0.5,1.473,-12.773666666666664
2023-01-30 09:00:00,570,Cuddalore,1.5,9.699,-12.242571428571429
2023-01-30 10:00:00,570,Cuddalore,2.5,1.496,-12.274285714285714
2023-01-30 11:00:00,570,Cuddalore,2.5,10.002,-12.274285714285714
2023-01-30 12:00:00,570,Cuddalore,3.25,1.479,-12.274285714285714
2023-01-30 13:00:00,570,Cuddalore,1.25,1.447,-12.274285714285714
2023-01-30 14:00:00,570,Cuddalore,1.5,1.455,-12.274285714285714
2023-01-30 15:00:00,570,Cuddalore,0.5,1.41,-12.274285714285714
2023-01-30 16:00:00,570,Cuddalore,1.0,1.48,-12.242714285714284
2023-01-30 17:00:00,570,Cuddalore,0.5,1.491,-12.242714285714284
2023-01-30 18:00:00,570,Cuddalore,1.0,1.501,-12.242714285714284
2023-01-30 19:00:00,570,Cuddalore,0.5,1.51,-12.242714285714284
2023-01-30 20:00:00,570,Cuddalore,3.0,1.52,-12.242714285714284
2023-02-01 15:00:00,570,Cuddalore,0.5,1.454,-12.215428571428571
2023-02-01 16:00:00,570,Cuddalore,0.5,1.442,-12.178857142857142
2023-02-01 17:00:00,570,Cuddalore,1.5,1.456,-12.178857142857142
2023-02-01 20:00:00,570,Cuddalore,0.5,9.982,-12.178857142857142
2023-02-02 02:00:00,570,Cuddalore,1.0,9.988,-12.16457142857143
2023-02-02 06:00:00,570,Cuddalore,0.5,9.707,-12.148428571428571
2023-02-02 07:00:00,570,Cuddalore,0.5,10.002,-12.148428571428571
2023-02-02 08:00:00,570,Cuddalore,2.5,9.998,-12.148428571428571
2023-02-02 09:00:00,570,Cuddalore,0.75,10.001,-12.148428571428571
2023-02-02 10:00:00,570,Cuddalore,0.5,1.433,-12.172
2023-02-02 12:00:00,570,Cuddalore,0.5,1.42,-12.172
2023-02-02 13:00:00,570,Cuddalore,0.5,1.413,-12.172
2023-02-02 15:00:00,570,Cuddalore,0.5,1.419,-12.172
2023-02-02 17:00:00,570,Cuddalore,0.5,1.441,-12.133714285714284
2023-02-03 00:00:00,570,Cuddalore,0.5,9.694,-12.122142857142858
2023-02-03 01:00:00,570,Cuddalore,1.0,9.992,-12.122142857142858
2023-02-03 13:00:00,570,Cuddalore,6.0,1.418,-12.126857142857144
2023-02-03 16:00:00,570,Cuddalore,1.5,1.45,-12.07942857142857
2023-02-03 18:00:00,570,Cuddalore,0.5,1.471,-12.07942857142857
2023-02-03 23:00:00,570,Cuddalore,0.5,9.692,-12.064285714285717
2023-02-04 00:00:00,570,Cuddalore,0.5,9.699,-12.064285714285717
2023-02-04 01:00:00,570,Cuddalore,0.5,9.997,-12.064285714285717
2023-02-04 02:00:00,570,Cuddalore,0.5,9.997,-12.064285714285717
2023-02-04 03:00:00,570,Cuddalore,0.5,9.997,-12.064285714285717
2023-02-04 04:00:00,570,Cuddalore,0.5,9.997,-12.035428571428572
2023-02-04 06:00:00,570,Cuddalore,0.5,9.997,-12.035428571428572
2023-02-04 07:00:00,570,Cuddalore,0.5,9.994,-12.035428571428572
2023-02-04 09:00:00,570,Cuddalore,0.5,1.472,-12.035428571428572
2023-02-04 10:00:00,570,Cuddalore,0.5,1.472,-12.065
2023-02-04 13:00:00,570,Cuddalore,0.5,0.014,-12.065
2023-02-05 06:00:00,570,Cuddalore,0.5,8.544,-12.011571428571427
2023-02-07 07:00:00,570,Cuddalore,0.5,8.546,-11.939000000000002
2023-02-08 23:00:00,570,Cuddalore,0.5,8.259,-12.519666666666666
2023-02-11 10:00:00,570,Cuddalore,0.5,8.221,-12.557166666666667
2023-03-19 17:00:00,570,Cuddalore,1.0,8.636,-13.274857142857144
2023-03-19 18:00:00,570,Cuddalore,0.5,8.636,-13.274857142857144
2023-03-19 20:00:00,570,Cuddalore,2.25,8.636,-13.274857142857144
2023-03-19 21:00:00,570,Cuddalore,2.5,8.635,-13.274857142857144
2023-03-19 22:00:00,570,Cuddalore,5.75,8.637,-13.256
2023-03-19 23:00:00,570,Cuddalore,6.0,8.636,-13.256
2023-03-20 00:00:00,570,Cuddalore,0.5,8.636,-13.256
2023-03-20 01:00:00,570,Cuddalore,1.0,8.636,-13.256
2023-03-20 02:00:00,570,Cuddalore,0.5,8.636,-13.256
2023-03-20 03:00:00,570,Cuddalore,0.5,8.634,-13.256
2023-03-20 04:00:00,570,Cuddalore,0.5,8.635,-13.189285714285717
2023-03-20 09:00:00,570,Cuddalore,0.5,8.635,-13.189285714285717
2023-03-20 11:00:00,570,Cuddalore,0.5,8.634,-13.191571428571429
2023-03-20 14:00:00,570,Cuddalore,0.5,8.635,-13.191571428571429
2023-03-20 19:00:00,570,Cuddalore,0.5,8.634,-13.146714285714284
2023-03-20 23:00:00,570,Cuddalore,0.5,8.339,-13.117
2023-03-21 03:00:00,570,Cuddalore,0.5,8.636,-13.117
2023-03-21 11:00:00,570,Cuddalore,0.5,8.636,-13.098142857142856
2023-03-21 16:00:00,570,Cuddalore,0.5,8.635,-13.574666666666666
2023-03-21 18:00:00,570,Cuddalore,0.5,8.635,-13.574666666666666
2023-03-22 00:00:00,570,Cuddalore,0.5,8.636,-13.557
2023-03-22 06:00:00,570,Cuddalore,0.5,8.637,-13.039857142857144
2023-03-22 10:00:00,570,Cuddalore,0.5,8.342,-13.043857142857144
2023-03-22 14:00:00,570,Cuddalore,0.5,8.343,-13.043857142857144
2023-03-22 19:00:00,570,Cuddalore,0.5,8.636,-13.564166666666669
2023-03-23 03:00:00,570,Cuddalore,0.5,9.161,-13.5285
2023-03-23 10:00:00,570,Cuddalore,0.5,8.637,-13.536166666666666
2023-03-25 18:00:00,570,Cuddalore,0.5,8.343,-13.538666666666666
2023-03-26 06:00:00,570,Cuddalore,0.5,8.628,-14.315
2023-03-26 16:00:00,570,Cuddalore,0.5,8.643,-11.225333333333332
2023-03-27 06:00:00,570,Cuddalore,0.5,8.637,-12.92842857142857
2023-03-27 16:00:00,570,Cuddalore,0.5,8.636,-12.941285714285714
2023-03-28 04:00:00,570,Cuddalore,0.5,8.637,-12.924571428571427
2023-03-28 07:00:00,570,Cuddalore,0.5,8.637,-12.924571428571427
2023-03-28 17:00:00,570,Cuddalore,0.5,8.343,-12.957714285714289
2023-04-01 18:00:00,570,Cuddalore,7.5,8.638,-13.037142857142856
2024-12-26 04:00:00,570,Cuddalore,0.5,24.793,-11.2355
2024-12-26 05:00:00,570,Cuddalore,0.5,24.793,-11.2355
2024-12-26 06:00:00,570,Cuddalore,0.5,24.791,-11.2355
2024-12-26 07:00:00,570,Cuddalore,0.5,24.791,-11.2355
2024-12-26 08:00:00,570,Cuddalore,1.0,24.791,-11.2355
2024-12-26 12:00:00,570,Cuddalore,0.5,24.774,-11.251625
2024-12-26 20:00:00,570,Cuddalore,0.5,24.794,-11.233428571428572
2024-12-27 06:00:00,570,Cuddalore,10.5,24.807,-11.15725
2024-12-27 07:00:00,570,Cuddalore,3.0,24.821,-11.15725
2024-12-27 08:00:00,570,Cuddalore,4.0,24.834,-11.15725
2024-12-27 10:00:00,570,Cuddalore,2.75,24.872,-11.1895
2024-12-27 11:00:00,570,Cuddalore,3.5,24.882,-11.1895
2024-12-27 14:00:00,570,Cuddalore,0.5,24.878,-11.1895
2024-12-28 12:00:00,570,Cuddalore,0.5,24.872,-11.133125
2024-12-28 13:00:00,570,Cuddalore,0.5,24.873,-11.133125
2024-12-29 15:00:00,570,Cuddalore,1.0,24.866,-11.093
2024-12-29 16:00:00,570,Cuddalore,0.5,24.866,-11.09325
2024-12-29 18:00:00,570,Cuddalore,4.0,24.873,-11.09325
2024-12-29 19:00:00,570,Cuddalore,0.5,24.874,-11.09325
2024-12-29 21:00:00,570,Cuddalore,6.0,24.879,-11.09325
2024-12-29 22:00:00,570,Cuddalore,0.5,24.882,-11.0395
2024-12-29 23:00:00,570,Cuddalore,2.0,24.884,-11.0395
2024-12-30 00:00:00,570,Cuddalore,1.0,24.89,-11.0395
2024-12-30 03:00:00,570,Cuddalore,0.5,24.894,-11.0395
2024-12-30 05:00:00,570,Cuddalore,0.5,24.885,-11.000875
2024-12-30 11:00:00,570,Cuddalore,0.5,24.843,-11.028125
2024-12-30 14:00:00,570,Cuddalore,7.0,24.819,-11.028125
2025-01-18 16:00:00,570,Cuddalore,0.5,23.0,-10.84375
2025-01-19 09:00:00,570,Cuddalore,6.0,23.0,-10.78225
2025-01-19 10:00:00,570,Cuddalore,1.75,23.0,-10.791
2025-01-19 12:00:00,570,Cuddalore,1.0,23.0,-10.791
2025-02-01 09:00:00,570,Cuddalore,13.0,23.0,-10.6555
2025-02-01 10:00:00,570,Cuddalore,1.0,23.0,-10.670125
2025-02-18 13:00:00,570,Cuddalore,1.5,23.0,-11.69075
2025-02-19 09:35:00,570,Cuddalore,1.0,23.0,-11.729625
2025-02-19 10:00:00,570,Cuddalore,1.0,23.0,-11.729625
2025-03-01 02:00:00,570,Cuddalore,13.0,23.0,-10.845714285714283
2025-03-01 03:00:00,570,Cuddalore,10.666666666666666,23.0,-10.845714285714283
2025-03-01 04:00:00,570,Cuddalore,23.5,23.0,-10.10985714285714
2025-03-01 05:00:00,570,Cuddalore,1.0,23.0,-10.10985714285714
2025-03-01 06:00:00,570,Cuddalore,1.5,23.0,-10.10985714285714
2025-03-01 09:00:00,570,Cuddalore,0.5,23.0,-10.10985714285714
2025-03-11 08:00:00,570,Cuddalore,10.5,23.0,-10.176285714285711
2025-03-11 09:00:00,570,Cuddalore,1.5,23.0,-10.176285714285711
2025-03-11 09:30:00,570,Cuddalore,0.5,23.0,-10.203714285714286
2025-03-11 10:00:00,570,Cuddalore,2.25,23.0,-10.203714285714286
2025-03-11 11:00:00,570,Cuddalore,3.0,23.0,-10.203714285714286
2025-03-11 12:00:00,570,Cuddalore,6.25,23.0,-10.203714285714286
2025-03-11 12:30:00,570,Cuddalore,5.5,23.0,-10.203714285714286
2025-03-11 13:00:00,570,Cuddalore,5.833333333333333,23.0,-10.203714285714286
2025-03-11 14:00:00,570,Cuddalore,1.25,23.0,-10.203714285714286
2025-03-11 15:00:00,570,Cuddalore,11.666666666666666,23.0,-10.203714285714286
2025-03-11 16:00:00,570,Cuddalore,10.833333333333334,23.0,-9.4905
2025-03-11 17:00:00,570,Cuddalore,2.5,23.0,-9.4905
2025-03-11 18:00:00,570,Cuddalore,7.5,23.0,-9.4905
2025-03-11 19:00:00,570,Cuddalore,7.25,23.0,-9.4905
2025-03-11 20:00:00,570,Cuddalore,2.0,23.0,-9.4905
2025-03-11 21:00:00,570,Cuddalore,0.5,23.0,-9.4905
2025-03-12 02:00:00,570,Cuddalore,0.5,23.0,-9.441
2025-03-12 06:00:00,570,Cuddalore,0.5,23.0,-10.097142857142858
2025-03-12 11:00:00,570,Cuddalore,2.5,23.0,-10.108142857142855
2025-03-12 12:00:00,570,Cuddalore,6.0,23.0,-10.108142857142855
2025-03-12 13:00:00,570,Cuddalore,11.25,23.0,-10.108142857142855
2025-03-12 14:00:00,570,Cuddalore,2.0,23.0,-10.108142857142855
2025-03-12 16:00:00,570,Cuddalore,1.0,23.0,-10.047714285714289
2025-03-12 17:00:00,570,Cuddalore,1.5,23.0,-10.047714285714289
2025-04-03 06:00:00,570,Cuddalore,6.5,23.0,-12.940142857142858
2025-04-03 11:00:00,570,Cuddalore,12.0,23.0,-12.941428571428572
2025-04-03 12:00:00,570,Cuddalore,15.0,23.0,-12.941428571428572
2025-04-03 13:00:00,570,Cuddalore,15.5,23.0,-12.941428571428572
2025-04-03 14:00:00,570,Cuddalore,0.5,23.0,-12.941428571428572
2025-04-03 15:00:00,570,Cuddalore,2.25,23.0,-12.941428571428572
2025-04-11 09:00:00,570,Cuddalore,0.5,23.0,-11.566625
2025-04-11 17:00:00,570,Cuddalore,3.5,23.0,-11.626375
2025-04-11 18:00:00,570,Cuddalore,0.5,23.0,-11.626375
2025-04-27 12:00:00,570,Cuddalore,3.0,23.0,-0.904
2025-04-28 14:00:00,570,Cuddalore,0.5,23.0,-9.318666666666669
2025-04-28 15:00:00,570,Cuddalore,1.5,23.0,-9.318666666666669
2025-05-04 20:00:00,570,Cuddalore,13.0,23.0,-8.564
2025-05-04 21:00:00,570,Cuddalore,18.875,23.0,-8.564
2025-05-04 22:00:00,570,Cuddalore,11.0,23.0,-8.303999999999998
2025-05-04 23:00:00,570,Cuddalore,1.0,23.0,-8.303999999999998
2025-05-05 00:00:00,570,Cuddalore,1.0,23.0,-8.303999999999998
2025-05-05 01:00:00,570,Cuddalore,0.5,23.0,-8.303999999999998
2025-05-05 03:00:00,570,Cuddalore,0.5,23.0,-8.303999999999998
2025-05-07 19:00:00,570,Cuddalore,9.0,23.0,-8.95125
2025-05-07 23:00:00,570,Cuddalore,0.5,23.002,-8.894
2025-05-08 00:00:00,570,Cuddalore,0.5,23.003,-8.894
2025-05-12 23:00:00,570,Cuddalore,8.5,23.0,-12.91425
2025-05-13 01:00:00,570,Cuddalore,4.0,23.0,-12.91425
2025-05-13 17:00:00,570,Cuddalore,6.5,23.0,-12.991
2025-05-16 15:00:00,570,Cuddalore,1.0,23.0,-13.147625
2025-05-17 01:00:00,570,Cuddalore,5.0,23.0,-13.1315
2025-05-17 02:00:00,570,Cuddalore,2.1666666666666665,23.0,-13.1315
2025-05-17 03:00:00,570,Cuddalore,5.0,23.0,-13.1315
2025-05-17 04:00:00,570,Cuddalore,1.5,23.0,-13.0645
2025-05-17 17:00:00,570,Cuddalore,14.0,23.0,-13.055125
2025-05-17 18:00:00,570,Cuddalore,2.0,23.0,-13.055125
2025-05-17 19:00:00,570,Cuddalore,2.375,23.0,-13.055125
2025-05-17 20:00:00,570,Cuddalore,1.5,23.001,-13.055125
2025-05-17 21:00:00,570,Cuddalore,0.75,23.0,-13.055125
2025-05-18 02:00:00,570,Cuddalore,1.0,23.001,-12.96
2025-05-18 03:00:00,570,Cuddalore,1.5,23.0,-12.96
2025-05-18 20:00:00,570,Cuddalore,0.5,23.0,-12.880875
2025-05-18 21:00:00,570,Cuddalore,1.0,23.0,-12.880875
2025-05-18 22:00:00,570,Cuddalore,1.5,23.006,-12.71025
2025-05-18 23:00:00,570,Cuddalore,7.0,23.023,-12.71025
2025-05-19 01:00:00,570,Cuddalore,3.1666666666666665,23.022,-12.71025
2025-05-19 02:00:00,570,Cuddalore,2.333333333333333,23.022,-12.71025
2025-05-19 03:00:00,570,Cuddalore,1.0,23.805,-12.71025
2025-05-19 07:00:00,570,Cuddalore,0.5,23.762,-12.625625
2025-05-19 19:00:00,570,Cuddalore,5.0,23.083,-12.584625
2025-05-19 20:00:00,570,Cuddalore,29.0,23.03,-12.584625
2025-05-20 20:00:00,570,Cuddalore,0.5,24.218,-12.498625
2025-05-20 21:00:00,570,Cuddalore,0.5,24.244,-12.498625
2025-05-20 22:00:00,570,Cuddalore,14.0,24.254,-12.4505
2025-05-20 23:00:00,570,Cuddalore,0.5,24.284,-12.4505
2025-05-23 20:00:00,570,Cuddalore,6.0,24.744,-7.4635
2025-05-23 21:00:00,570,Cuddalore,0.5,24.742,-7.4635
2025-05-26 23:00:00,570,Cuddalore,0.5,24.423,-11.5956
2025-05-28 16:00:00,570,Cuddalore,0.5,23.846,-11.643
2025-05-28 19:00:00,570,Cuddalore,3.0,23.79,-11.643
2025-06-01 20:00:00,570,Cuddalore,1.0,23.0,-11.6744
2025-06-01 21:00:00,570,Cuddalore,1.0,23.0,-11.6744
2025-06-02 16:00:00,570,Cuddalore,0.5,23.0,-11.696000000000002
2025-06-03 22:00:00,570,Cuddalore,16.5,23.0,-8.8875
2025-06-08 16:00:00,570,Cuddalore,1.0,23.0,-8.9705
2025-06-08 21:00:00,570,Cuddalore,1.0,23.0,-8.9705
2025-06-08 23:00:00,570,Cuddalore,1.0,23.0,-8.93775
2025-06-09 03:00:00,570,Cuddalore,0.5,23.0,-8.93775
2025-06-09 17:00:00,570,Cuddalore,20.0,23.052,-8.9765
2025-06-09 18:00:00,570,Cuddalore,15.25,23.072,-8.9765
2025-06-09 21:00:00,570,Cuddalore,2.0,23.07,-8.9765
2025-06-09 22:00:00,570,Cuddalore,11.0,23.065,-11.677
2025-06-09 23:00:00,570,Cuddalore,8.5,23.06,-11.677
2025-06-10 00:00:00,570,Cuddalore,1.25,23.061,-11.677
2025-06-10 01:00:00,570,Cuddalore,1.0,23.066,-11.677
2025-06-10 02:00:00,570,Cuddalore,0.5,23.072,-11.677
2025-06-10 03:00:00,570,Cuddalore,0.5,23.07,-11.677
2025-06-10 05:00:00,570,Cuddalore,0.5,23.069,-11.63
2025-06-10 20:00:00,570,Cuddalore,16.5,23.0,-11.6538
2025-06-10 21:00:00,570,Cuddalore,14.5,23.002,-11.6538
2025-06-10 23:00:00,570,Cuddalore,1.6666666666666667,23.113,-11.5734
2025-06-11 00:00:00,570,Cuddalore,0.75,23.068,-11.5734
2025-06-11 01:00:00,570,Cuddalore,1.1666666666666667,23.069,-11.5734
2025-06-11 02:00:00,570,Cuddalore,0.5,23.088,-11.5734
2025-06-11 03:00:00,570,Cuddalore,2.5,23.336,-11.5734
2025-06-11 04:00:00,570,Cuddalore,3.0,23.73,-11.5406
2025-06-11 21:00:00,570,Cuddalore,0.5,23.168,-11.576
2025-06-12 00:00:00,570,Cuddalore,0.5,23.086,-11.5526
2025-06-12 18:00:00,570,Cuddalore,0.5,23.0,-11.6214
2025-06-19 21:00:00,570,Cuddalore,1.0,23.04,-8.9595
2025-06-22 19:00:00,570,Cuddalore,19.25,23.037,-9.0575
2025-06-22 20:00:00,570,Cuddalore,7.5,23.052,-9.0575
2025-06-22 21:00:00,570,Cuddalore,2.75,23.056,-9.0575
2025-06-22 22:00:00,570,Cuddalore,0.5,23.058,-8.996
2025-06-22 23:00:00,570,Cuddalore,0.5,23.059,-8.996
2025-06-28 21:00:00,570,Cuddalore,8.0,23.059,-9.10625
2025-06-28 22:00:00,570,Cuddalore,1.75,23.069,-9.068
2025-06-29 00:00:00,570,Cuddalore,0.5,23.063,-9.068
2025-07-08 20:00:00,570,Cuddalore,1.0,23.0,-9.40425
2025-07-10 20:00:00,570,Cuddalore,4.0,23.0,-9.434
2025-07-10 21:00:00,570,Cuddalore,5.5,23.0,-9.434
2025-07-11 18:00:00,570,Cuddalore,8.0,23.003,-9.45475
2025-07-11 19:00:00,570,Cuddalore,0.5,23.0,-9.45475
2025-07-13 16:00:00,570,Cuddalore,0.75,23.0,-9.518
2025-07-13 17:00:00,570,Cuddalore,3.0,23.044,-9.518
2025-07-13 18:00:00,570,Cuddalore,1.0,23.059,-9.518
2025-07-13 19:00:00,570,Cuddalore,0.75,23.022,-9.518
2025-07-13 20:00:00,570,Cuddalore,0.75,23.061,-9.518
2025-07-13 21:00:00,570,Cuddalore,0.5,23.0,-9.518
2025-07-13 22:00:00,570,Cuddalore,1.0,23.0,-9.47725
2025-07-13 23:00:00,570,Cuddalore,0.5,23.0,-9.47725
2025-07-14 00:00:00,570,Cuddalore,0.5,23.0,-9.47725
2025-07-14 01:00:00,570,Cuddalore,0.5,23.0,-9.47725
2025-07-14 02:00:00,570,Cuddalore,0.5,23.026,-9.47725
2025-07-14 03:00:00,570,Cuddalore,0.5,23.0,-9.47725
2025-07-14 04:00:00,570,Cuddalore,0.5,23.002,-9.4275
2025-07-20 07:00:00,570,Cuddalore,0.5,23.0,-9.54075
2025-07-20 08:00:00,570,Cuddalore,0.5,23.0,-9.54075
2025-07-23 20:00:00,570,Cuddalore,2.25,23.0,-9.69525
2025-07-23 21:00:00,570,Cuddalore,2.0,23.0,-9.69525
2025-07-23 22:00:00,570,Cuddalore,2.1666666666666665,23.0,-9.6375
2025-07-23 23:00:00,570,Cuddalore,1.5,23.0,-9.6375
2025-07-24 00:00:00,570,Cuddalore,1.0,23.0,-9.6375
2025-07-24 01:00:00,570,Cuddalore,0.5,23.0,-9.6375
2025-07-24 17:00:00,570,Cuddalore,4.0,23.0,-9.6735
2025-07-24 18:00:00,570,Cuddalore,1.0,23.0,-9.6735
2025-07-27 05:00:00,570,Cuddalore,0.5,23.0,-9.635
2025-07-31 17:00:00,570,Cuddalore,2.0,23.0,-12.212666666666664
2025-07-31 18:00:00,570,Cuddalore,1.0,23.0,-12.212666666666664
2025-07-31 19:00:00,570,Cuddalore,7.5,23.0,-12.212666666666664
2025-07-31 20:00:00,570,Cuddalore,14.5,23.0,-12.212666666666664
2025-07-31 21:00:00,570,Cuddalore,3.5,23.0,-12.212666666666664
2025-07-31 22:00:00,570,Cuddalore,1.0,23.0,-12.131333333333336
2025-07-31 23:00:00,570,Cuddalore,0.5,23.0,-12.131333333333336
2025-08-01 02:00:00,570,Cuddalore,3.0,23.0,-12.131333333333336
2025-08-01 03:00:00,570,Cuddalore,0.5,23.0,-12.131333333333336
2025-08-01 21:00:00,570,Cuddalore,0.5,23.0,-9.8745
2025-08-01 22:00:00,570,Cuddalore,0.5,23.0,-9.84025
2025-08-01 23:00:00,570,Cuddalore,15.5,23.0,-9.84025
2025-08-02 00:00:00,570,Cuddalore,18.33333333333333,23.0,-9.84025
2025-08-02 01:00:00,570,Cuddalore,10.5,23.0,-9.84025
2025-08-02 02:00:00,570,Cuddalore,7.0,23.0,-9.84025
2025-08-02 03:00:00,570,Cuddalore,1.5,23.002,-9.84025
2025-08-02 04:00:00,570,Cuddalore,0.8333333333333334,23.0,-9.66725
2025-08-02 05:00:00,570,Cuddalore,0.75,23.0,-9.66725
2025-08-02 06:00:00,570,Cuddalore,0.5,23.0,-9.66725
2025-08-02 07:00:00,570,Cuddalore,0.5,23.0,-9.66725
2025-08-02 08:00:00,570,Cuddalore,0.5,23.0,-9.66725
2025-08-02 09:00:00,570,Cuddalore,0.5,23.0,-9.66725
2025-08-02 10:00:00,570,Cuddalore,0.5,23.0,-9.68975
2025-08-02 11:00:00,570,Cuddalore,0.5,23.0,-9.68975
2025-08-02 12:00:00,570,Cuddalore,0.5,23.0,-9.68975
2025-08-02 13:00:00,570,Cuddalore,0.5,23.0,-9.68975
2025-08-02 14:00:00,570,Cuddalore,1.0,23.0,-9.68975
2025-08-02 15:00:00,570,Cuddalore,0.5,23.0,-9.68975
2025-08-02 16:00:00,570,Cuddalore,0.5,23.0,-9.67475
2025-08-02 17:00:00,570,Cuddalore,1.0,23.0,-9.67475
2025-08-02 18:00:00,570,Cuddalore,0.5,23.0,-9.67475
2025-08-02 19:00:00,570,Cuddalore,0.5,23.0,-9.67475
2025-08-02 20:00:00,570,Cuddalore,1.0,23.0,-9.67475
2025-08-02 22:00:00,570,Cuddalore,0.5,23.0,-9.64025
2025-08-02 23:00:00,570,Cuddalore,0.5,23.0,-9.64025
2025-08-03 00:00:00,570,Cuddalore,0.5,23.0,-9.64025
2025-08-03 01:00:00,570,Cuddalore,0.5,23.0,-9.64025
2025-08-03 02:00:00,570,Cuddalore,0.5,23.0,-9.64025
2025-08-03 04:00:00,570,Cuddalore,0.5,23.0,-9.59975
2025-08-03 06:00:00,570,Cuddalore,0.5,23.0,-9.59975
2025-08-03 09:00:00,570,Cuddalore,0.5,23.0,-9.59975
2025-08-03 13:00:00,570,Cuddalore,0.5,23.0,-9.66775
2025-08-04 15:00:00,570,Cuddalore,0.5,23.0,-12.3902
2025-08-04 16:00:00,570,Cuddalore,0.5,23.0,-12.3768
2025-08-04 19:00:00,570,Cuddalore,1.0,23.0,-12.3768
2025-08-04 20:00:00,570,Cuddalore,1.0,23.0,-12.3768
2025-08-04 22:00:00,570,Cuddalore,0.5,23.0,-12.4474
2025-08-04 23:00:00,570,Cuddalore,0.5,23.0,-12.4474
2025-08-05 00:00:00,570,Cuddalore,2.0,23.0,-12.4474
2025-08-05 01:00:00,570,Cuddalore,0.5,23.0,-12.4474
2025-08-05 02:00:00,570,Cuddalore,0.5,23.0,-12.4474
2025-08-05 04:00:00,570,Cuddalore,1.0,23.0,-12.4548
2025-08-05 05:00:00,570,Cuddalore,1.25,23.0,-12.4548
2025-08-05 06:00:00,570,Cuddalore,0.5,23.0,-12.4548
2025-08-05 07:00:00,570,Cuddalore,0.5,23.0,-12.4548
2025-08-05 08:00:00,570,Cuddalore,0.5,23.0,-12.4548
2025-08-05 09:00:00,570,Cuddalore,0.5,23.0,-12.4548
2025-08-05 10:00:00,570,Cuddalore,0.5,23.0,-12.4002
2025-08-05 11:00:00,570,Cuddalore,0.5,23.0,-12.4002
2025-08-05 12:00:00,570,Cuddalore,0.5,23.0,-12.4002
2025-08-05 13:00:00,570,Cuddalore,0.5,23.0,-12.4002
2025-08-05 14:00:00,570,Cuddalore,1.0,23.0,-12.4002
2025-08-05 15:00:00,570,Cuddalore,0.5,23.0,-12.4002
2025-08-05 16:00:00,570,Cuddalore,1.25,23.0,-12.284
2025-08-05 18:00:00,570,Cuddalore,0.5,23.0,-12.284
2025-08-05 19:00:00,570,Cuddalore,0.5,23.0,-12.284
2025-08-05 20:00:00,570,Cuddalore,0.5,23.0,-12.284
2025-08-05 21:00:00,570,Cuddalore,1.0,23.0,-12.284
2025-08-05 22:00:00,570,Cuddalore,2.5,23.0,-12.0724
2025-08-06 01:00:00,570,Cuddalore,0.5,23.0,-12.0724
2025-08-06 06:00:00,570,Cuddalore,0.5,23.0,-11.9096
2025-08-06 12:00:00,570,Cuddalore,0.5,23.0,-11.9982
2025-08-06 16:00:00,570,Cuddalore,0.5,23.0,-11.4385
2025-08-06 19:00:00,570,Cuddalore,0.5,23.0,-11.4385
2025-08-06 20:00:00,570,Cuddalore,0.5,23.0,-11.4385
2025-08-07 00:00:00,570,Cuddalore,0.5,23.0,-13.558571428571428
2025-08-07 05:00:00,570,Cuddalore,0.5,23.0,-12.2615
2025-08-07 10:00:00,570,Cuddalore,0.5,23.0,-12.785285714285717
2025-08-07 12:00:00,570,Cuddalore,0.5,23.0,-12.785285714285717
2025-08-09 00:00:00,570,Cuddalore,4.5,23.008,-14.24
2025-08-09 01:00:00,570,Cuddalore,5.25,23.002,-14.24
2025-08-09 02:00:00,570,Cuddalore,2.875,23.005,-14.24
2025-08-09 03:00:00,570,Cuddalore,2.0,23.004,-14.24
2025-08-09 04:00:00,570,Cuddalore,1.0,23.003,-15.364375
2025-08-09 05:00:00,570,Cuddalore,0.8333333333333334,23.002,-15.364375
2025-08-09 06:00:00,570,Cuddalore,1.25,23.003,-15.364375
2025-08-09 07:00:00,570,Cuddalore,1.5,23.0,-15.364375
2025-08-09 08:00:00,570,Cuddalore,1.0,23.006,-15.364375
2025-08-09 09:00:00,570,Cuddalore,1.0,23.002,-15.364375
2025-08-09 10:00:00,570,Cuddalore,1.5,23.0,-15.3795
2025-08-09 11:00:00,570,Cuddalore,1.0,23.0,-15.3795
2025-08-09 12:00:00,570,Cuddalore,1.5,23.0,-15.3795
2025-08-09 13:00:00,570,Cuddalore,1.5,23.0,-15.3795
2025-08-09 14:00:00,570,Cuddalore,2.0,23.0,-15.3795
2025-08-09 15:00:00,570,Cuddalore,1.0,23.0,-15.3795
2025-08-09 16:00:00,570,Cuddalore,1.5,23.0,-15.361875
2025-08-09 17:00:00,570,Cuddalore,0.75,23.0,-15.361875
2025-08-09 18:00:00,570,Cuddalore,1.75,23.0,-15.361875
2025-08-09 19:00:00,570,Cuddalore,0.5,23.0,-15.361875
2025-08-09 20:00:00,570,Cuddalore,1.0,23.0,-15.361875
2025-08-09 21:00:00,570,Cuddalore,0.5,23.0,-15.361875
2025-08-09 22:00:00,570,Cuddalore,0.5,23.003,-15.234
2025-08-09 23:00:00,570,Cuddalore,0.5,23.0,-15.234
2025-08-10 00:00:00,570,Cuddalore,0.5,23.0,-15.234
2025-08-10 01:00:00,570,Cuddalore,1.0,23.0,-15.234
2025-08-10 03:00:00,570,Cuddalore,0.5,23.0,-15.234
2025-08-10 04:00:00,570,Cuddalore,0.5,23.0,-13.949
2025-08-10 05:00:00,570,Cuddalore,0.5,23.0,-13.949
2025-08-10 08:00:00,570,Cuddalore,0.5,23.0,-13.949
2025-08-10 12:00:00,570,Cuddalore,0.5,23.0,-14.001555555555557
2025-08-10 15:00:00,570,Cuddalore,17.0,23.0,-14.001555555555557
2025-08-10 16:00:00,570,Cuddalore,7.5,23.022,-13.943888888888887
2025-08-10 17:00:00,570,Cuddalore,11.0,23.005,-13.943888888888887
2025-08-10 18:00:00,570,Cuddalore,1.0,23.003,-13.943888888888887
2025-08-10 19:00:00,570,Cuddalore,0.5,23.003,-13.943888888888887
2025-08-10 21:00:00,570,Cuddalore,1.75,23.0,-13.943888888888887
2025-08-10 22:00:00,570,Cuddalore,1.6666666666666667,23.0,-13.851555555555557
2025-08-10 23:00:00,570,Cuddalore,2.25,23.001,-13.851555555555557
2025-08-11 00:00:00,570,Cuddalore,1.25,23.0,-13.851555555555557
2025-08-11 01:00:00,570,Cuddalore,0.6666666666666666,23.002,-13.851555555555557
2025-08-11 02:00:00,570,Cuddalore,0.5,23.005,-13.851555555555557
2025-08-11 03:00:00,570,Cuddalore,0.5,23.006,-13.851555555555557
2025-08-11 04:00:00,570,Cuddalore,0.5,23.008,-13.786
2025-08-11 05:00:00,570,Cuddalore,0.5,23.005,-13.786
2025-08-11 06:00:00,570,Cuddalore,0.5,23.004,-13.786
2025-08-11 09:00:00,570,Cuddalore,0.5,23.0,-13.786
2025-08-11 12:00:00,570,Cuddalore,0.5,23.0,-13.750666666666667
2025-08-11 15:00:00,570,Cuddalore,0.5,23.0,-13.750666666666667
2025-08-11 18:00:00,570,Cuddalore,0.5,23.0,-13.729111111111113
2025-08-11 23:00:00,570,Cuddalore,0.5,23.0,-13.69488888888889
2025-08-12 04:00:00,570,Cuddalore,0.5,23.0,-11.662125
2025-08-12 10:00:00,570,Cuddalore,0.5,23.0,-11.71875
2025-08-12 17:00:00,570,Cuddalore,0.5,23.0,-11.755
2025-08-13 04:00:00,570,Cuddalore,0.5,23.0,-11.053
2025-08-13 11:25:00,570,Cuddalore,0.5,23.0,-11.103142857142858
2025-08-13 12:00:00,570,Cuddalore,0.5,23.0,-11.103142857142858
2025-08-13 16:00:00,570,Cuddalore,0.5,23.0,-11.118714285714288
2025-08-14 10:00:00,570,Cuddalore,1.0,23.0,-13.613333333333337
2025-08-14 18:00:00,570,Cuddalore,3.0,23.0,-13.56088888888889
2025-08-15 13:00:00,570,Cuddalore,0.5,23.0,-13.537333333333333
2025-08-17 05:00:00,570,Cuddalore,0.5,23.0,-13.478111111111112
2025-08-18 17:00:00,570,Cuddalore,1.5,23.0,-13.515222222222222
2025-08-18 18:00:00,570,Cuddalore,1.0,23.0,-13.515222222222222
2025-08-22 05:00:00,570,Cuddalore,2.5,23.0,-13.519444444444444
2025-08-22 06:00:00,570,Cuddalore,6.25,23.0,-13.519444444444444
2025-08-22 07:00:00,570,Cuddalore,6.5,23.0,-13.519444444444444
2025-08-24 11:00:00,570,Cuddalore,0.5,23.0,-13.492666666666668
2025-08-24 21:00:00,570,Cuddalore,2.0,23.0,-13.505555555555556
2025-08-28 10:00:00,570,Cuddalore,0.5,23.0,-13.468666666666667
2025-09-05 18:00:00,570,Cuddalore,2.0,23.0,-13.503555555555556
2025-09-05 19:00:00,570,Cuddalore,2.25,23.0,-13.503555555555556
2025-09-05 21:00:00,570,Cuddalore,0.5,23.0,-13.503555555555556
2025-09-06 17:00:00,570,Cuddalore,1.0,23.0,-13.417333333333334
2025-09-07 15:00:00,570,Cuddalore,1.5,23.0,-13.459555555555555
2025-09-07 18:00:00,570,Cuddalore,1.0,23.0,-13.441
2025-09-07 19:00:00,570,Cuddalore,6.0,23.0,-13.441
2025-09-08 00:00:00,570,Cuddalore,0.5,23.0,-13.346444444444444
2025-09-08 02:00:00,570,Cuddalore,4.0,23.0,-13.346444444444444
2025-09-08 03:00:00,570,Cuddalore,15.75,23.0,-13.346444444444444
2025-09-08 04:00:00,570,Cuddalore,0.5,23.0,-13.266777777777778
2025-09-08 05:00:00,570,Cuddalore,1.0,23.0,-13.266777777777778
2025-09-08 06:00:00,570,Cuddalore,1.0,23.0,-13.266777777777778
2025-09-09 04:00:00,570,Cuddalore,6.0,23.0,-13.347
2025-09-09 05:00:00,570,Cuddalore,1.0,23.0,-13.347
2025-09-10 16:00:00,570,Cuddalore,5.5,23.0,-13.413111111111112
2025-09-10 17:00:00,570,Cuddalore,0.5,23.0,-13.413111111111112
2025-09-10 18:00:00,570,Cuddalore,2.5,23.012,-13.413111111111112
2025-09-10 19:00:00,570,Cuddalore,0.5,23.0,-13.413111111111112
2025-09-10 20:00:00,570,Cuddalore,0.5,23.002,-13.413111111111112
2025-09-10 21:00:00,570,Cuddalore,0.5,23.001,-13.413111111111112
2025-09-11 15:00:00,570,Cuddalore,4.0,23.0,-13.326666666666666
2025-09-11 16:00:00,570,Cuddalore,23.0,23.0,-13.343333333333334
2025-09-11 17:00:00,570,Cuddalore,6.25,23.0,-13.343333333333334
2025-09-11 18:00:00,570,Cuddalore,0.8333333333333334,23.0,-13.343333333333334
2025-09-11 19:00:00,570,Cuddalore,2.0,23.0,-13.343333333333334
2025-09-11 20:00:00,570,Cuddalore,1.5,23.0,-13.343333333333334
2025-09-11 21:00:00,570,Cuddalore,1.5,23.0,-13.343333333333334
2025-09-11 22:00:00,570,Cuddalore,0.5,23.002,-13.264222222222225
2025-09-11 23:00:00,570,Cuddalore,0.5,23.0,-13.264222222222225
2025-09-12 04:00:00,570,Cuddalore,0.5,23.0,-13.256555555555556
2025-09-12 06:00:00,570,Cuddalore,0.5,23.0,-13.256555555555556
2025-09-12 16:00:00,570,Cuddalore,0.5,23.0,-13.287555555555556
2025-09-12 22:00:00,570,Cuddalore,10.5,23.0,-13.208444444444444
2025-09-13 00:00:00,570,Cuddalore,0.5,23.004,-13.208444444444444
2025-09-13 01:00:00,570,Cuddalore,10.0,23.001,-13.208444444444444
2025-09-13 02:00:00,570,Cuddalore,4.5,23.006,-13.208444444444444
2025-09-13 06:00:00,570,Cuddalore,0.5,23.0,-13.156
2025-09-13 07:00:00,570,Cuddalore,0.5,23.0,-13.156
2025-09-16 16:00:00,570,Cuddalore,2.0,23.0,-14.68925
2025-09-17 02:00:00,570,Cuddalore,1.5,23.009,-14.62425
2025-09-17 17:00:00,570,Cuddalore,1.0,23.0,-14.79225
2025-09-17 18:00:00,570,Cuddalore,0.5,23.001,-14.79225
2025-09-18 16:00:00,570,Cuddalore,24.0,23.0,-12.184333333333331
2025-09-18 17:00:00,570,Cuddalore,6.5,23.0,-12.184333333333331
2025-09-18 18:00:00,570,Cuddalore,0.5,23.0,-12.184333333333331
2025-09-18 19:00:00,570,Cuddalore,0.75,23.0,-12.184333333333331
2025-09-18 21:00:00,570,Cuddalore,0.5,23.0,-12.184333333333331
2025-09-18 23:00:00,570,Cuddalore,12.0,23.0,-12.184333333333331
2025-09-20 01:00:00,570,Cuddalore,0.5,23.0,-14.65775
2025-09-20 07:00:00,570,Cuddalore,0.5,23.0,-14.425714285714289
2025-09-20 08:00:00,570,Cuddalore,0.5,23.167,-14.425714285714289
2025-09-20 09:00:00,570,Cuddalore,3.0,23.0,-14.425714285714289
2025-09-20 23:00:00,570,Cuddalore,1.0,23.0,-14.559714285714287
2025-09-21 02:00:00,570,Cuddalore,0.5,23.0,-14.559714285714287
2025-09-21 03:00:00,570,Cuddalore,0.5,23.0,-14.559714285714287
2025-09-21 05:00:00,570,Cuddalore,0.5,23.0,-14.514285714285714
2025-09-21 17:00:00,570,Cuddalore,0.5,23.0,-14.978571428571428
2025-09-21 23:00:00,570,Cuddalore,4.0,23.0,-15.05
2025-09-22 00:00:00,570,Cuddalore,3.0,23.0,-15.05
2025-09-22 04:00:00,570,Cuddalore,0.5,23.0,-15.107285714285714
2025-09-23 14:00:00,570,Cuddalore,2.5,23.0,-15.37142857142857
2025-09-23 15:00:00,570,Cuddalore,5.5,23.0,-15.37142857142857
2025-09-24 20:00:00,570,Cuddalore,0.5,23.0,-15.373428571428573
2025-09-24 21:00:00,570,Cuddalore,11.5,23.0,-15.373428571428573
2025-09-24 22:00:00,570,Cuddalore,0.5,23.0,-15.281285714285714
2025-09-25 16:00:00,570,Cuddalore,7.5,23.0,-15.29957142857143
2025-09-25 19:00:00,570,Cuddalore,6.0,23.008,-15.29957142857143
2025-09-25 20:00:00,570,Cuddalore,48.75,23.0,-15.29957142857143
2025-09-25 21:00:00,570,Cuddalore,19.166666666666668,23.0,-15.29957142857143
2025-09-25 22:00:00,570,Cuddalore,1.25,23.074,-15.082857142857142
2025-09-25 23:00:00,570,Cuddalore,0.6666666666666666,23.111,-15.082857142857142
2025-09-26 00:00:00,570,Cuddalore,0.5,23.147,-15.082857142857142
2025-09-26 18:00:00,570,Cuddalore,2.5,23.039,-14.821428571428571
2025-09-27 18:00:00,570,Cuddalore,9.5,23.0,-15.038714285714288
2025-09-27 19:00:00,570,Cuddalore,2.0,23.0,-15.038714285714288
2025-09-27 20:00:00,570,Cuddalore,1.5,23.004,-15.038714285714288
2025-10-02 03:00:00,570,Cuddalore,2.0,23.0,-15.251857142857144
2025-10-04 04:00:00,570,Cuddalore,0.75,23.0,-13.0135
2025-10-04 05:00:00,570,Cuddalore,0.5,23.0,-13.0135
2025-10-04 06:00:00,570,Cuddalore,2.1666666666666665,23.0,-13.0135
2025-10-04 07:00:00,570,Cuddalore,1.25,23.0,-13.0135
2025-10-04 08:00:00,570,Cuddalore,0.75,23.0,-13.0135
2025-10-04 15:00:00,570,Cuddalore,0.5,23.0,-13.227833333333333
2025-10-05 14:00:00,570,Cuddalore,0.5,23.0,-13.362666666666668
2025-10-05 15:00:00,570,Cuddalore,4.0,23.0,-13.362666666666668
2025-10-05 18:00:00,570,Cuddalore,5.0,23.0,-13.290166666666666
2025-10-05 19:00:00,570,Cuddalore,2.5,23.0,-13.290166666666666
2025-10-05 20:00:00,570,Cuddalore,1.0,23.0,-13.290166666666666
2025-10-05 21:00:00,570,Cuddalore,1.0,23.008,-13.290166666666666
2025-10-05 22:00:00,570,Cuddalore,0.5,23.009,-13.002666666666665
2025-10-05 23:00:00,570,Cuddalore,0.5,23.004,-13.002666666666665
2025-10-16 01:00:00,570,Cuddalore,0.5,23.003,-15.507
2025-10-16 04:00:00,570,Cuddalore,1.0,23.0,-15.507
2025-10-16 05:00:00,570,Cuddalore,3.0,23.0,-15.507
2025-10-16 06:00:00,570,Cuddalore,0.5,23.0,-15.507
2025-10-16 07:00:00,570,Cuddalore,0.75,23.0,-15.507
2025-10-16 08:00:00,570,Cuddalore,6.0,23.0,-15.507
2025-10-16 09:00:00,570,Cuddalore,0.5,23.0,-15.507
2025-10-16 11:00:00,570,Cuddalore,0.5,23.0,-15.507
2025-10-16 12:00:00,570,Cuddalore,5.25,23.0,-15.507
2025-10-16 13:00:00,570,Cuddalore,12.5,23.005,-15.507
2025-10-16 14:00:00,570,Cuddalore,5.0,23.004,-15.507
2025-10-16 15:00:00,570,Cuddalore,2.5,23.001,-15.507
2025-10-16 23:00:00,570,Cuddalore,1.0,23.003,-15.507
2025-10-17 03:00:00,570,Cuddalore,0.5,23.007,-15.507
2025-10-17 04:00:00,570,Cuddalore,4.0,23.006,-15.507
2025-10-17 05:00:00,570,Cuddalore,1.75,23.007,-15.507
2025-10-17 07:00:00,570,Cuddalore,1.5,23.009,-15.507
2025-10-17 10:00:00,570,Cuddalore,0.5,23.0,-15.507
2025-10-17 11:00:00,570,Cuddalore,0.5,23.0,-15.507
2025-10-17 12:00:00,570,Cuddalore,0.5,23.0,-15.507
2025-10-17 13:00:00,570,Cuddalore,9.5,23.0,-15.507
2025-10-17 14:00:00,570,Cuddalore,0.5,23.003,-15.507
2025-10-17 20:00:00,570,Cuddalore,4.166666666666667,23.0,-15.507
2025-10-17 21:00:00,570,Cuddalore,0.5,23.008,-15.507
2025-10-17 22:00:00,570,Cuddalore,0.5,23.006,-15.507
2025-10-17 23:00:00,570,Cuddalore,1.5,23.008,-15.507
2025-10-18 00:00:00,570,Cuddalore,1.5,23.007,-15.507
2025-10-18 02:00:00,570,Cuddalore,0.5,23.006,-15.507
2025-10-18 03:00:00,570,Cuddalore,13.0,23.007,-15.507
2025-10-18 04:00:00,570,Cuddalore,14.5,23.006,-15.507
2025-10-18 05:00:00,570,Cuddalore,0.5,23.008,-15.507
2025-10-18 06:00:00,570,Cuddalore,1.5,23.01,-15.507
2025-10-18 07:00:00,570,Cuddalore,1.1666666666666667,23.009,-15.507
2025-10-18 08:00:00,570,Cuddalore,0.5,23.009,-15.507
2025-10-18 13:00:00,570,Cuddalore,3.5,23.0,-15.507
2025-10-18 21:00:00,570,Cuddalore,12.5,23.007,-15.507
2025-10-18 22:00:00,570,Cuddalore,3.0,23.007,-15.507
2025-10-18 23:00:00,570,Cuddalore,1.0,23.012,-15.507
2025-10-19 02:00:00,570,Cuddalore,0.5,23.011,-15.507
2025-10-19 04:00:00,570,Cuddalore,4.0,23.011,-15.507
2025-10-19 05:00:00,570,Cuddalore,4.5,23.008,-15.507
2025-10-19 06:00:00,570,Cuddalore,0.5,23.009,-15.507
2025-10-19 07:00:00,570,Cuddalore,0.5,23.01,-15.507
2025-10-19 10:00:00,570,Cuddalore,0.5,23.0,-15.507
2025-10-19 11:00:00,570,Cuddalore,1.0,23.0,-15.507
2025-10-20 05:00:00,570,Cuddalore,0.5,23.008,-15.507
2025-10-20 06:00:00,570,Cuddalore,12.0,23.008,-15.507
2025-10-20 07:00:00,570,Cuddalore,1.0,23.0,-15.507
2025-10-20 08:00:00,570,Cuddalore,2.25,23.01,-15.507
2025-10-20 09:00:00,570,Cuddalore,1.0,23.007,-15.507
2025-10-20 10:00:00,570,Cuddalore,3.0,23.01,-15.507
2025-10-20 14:00:00,570,Cuddalore,1.0,23.0,-15.507
2025-10-20 15:00:00,570,Cuddalore,0.75,23.011,-15.507
2025-10-20 16:00:00,570,Cuddalore,0.5,23.009,-15.507
2025-10-20 17:00:00,570,Cuddalore,1.0,23.009,-15.507
2025-10-20 18:00:00,570,Cuddalore,0.5,23.011,-15.507
2025-10-20 22:00:00,570,Cuddalore,3.0,23.011,-15.507
2025-10-20 23:00:00,570,Cuddalore,3.0,23.012,-15.507
2025-10-21 00:00:00,570,Cuddalore,1.0,23.012,-15.507
2025-10-21 02:00:00,570,Cuddalore,0.5,23.011,-15.507
2025-10-21 03:00:00,570,Cuddalore,3.5,23.011,-15.507
2025-10-21 04:00:00,570,Cuddalore,0.8333333333333334,23.013,-15.507
2025-10-21 05:00:00,570,Cuddalore,11.25,23.015,-15.507
2025-10-21 06:00:00,570,Cuddalore,19.0,23.014,-15.507
2025-10-21 07:00:00,570,Cuddalore,15.5,23.017,-15.507
2025-10-21 08:00:00,570,Cuddalore,4.5,23.0,-15.507
2025-10-21 09:00:00,570,Cuddalore,5.5,23.003,-15.507
2025-10-21 10:00:00,570,Cuddalore,10.125,23.0,-15.507
2025-10-21 11:00:00,570,Cuddalore,6.75,23.0,-15.507
2025-10-21 12:00:00,570,Cuddalore,1.25,23.004,-15.507
2025-10-21 13:00:00,570,Cuddalore,1.0,23.0,-15.507
2025-10-21 14:00:00,570,Cuddalore,2.0,23.0,-15.507
2025-10-21 15:00:00,570,Cuddalore,1.6666666666666667,23.018,-15.507
2025-10-21 16:00:00,570,Cuddalore,0.5,23.021,-15.507
2025-10-21 17:00:00,570,Cuddalore,3.0,23.017,-15.507
2025-10-21 18:00:00,570,Cuddalore,12.5,23.0,-15.507
2025-10-21 19:00:00,570,Cuddalore,10.75,23.022,-15.507
2025-10-21 20:00:00,570,Cuddalore,17.625,23.0,-15.507
2025-10-21 21:00:00,570,Cuddalore,12.5,23.066,-15.507
2025-10-21 22:00:00,570,Cuddalore,2.5,23.028,-15.507
2025-10-21 23:00:00,570,Cuddalore,4.875,23.053,-15.507
2025-10-22 00:00:00,570,Cuddalore,1.25,23.054,-15.507
2025-10-22 01:00:00,570,Cuddalore,4.75,23.039,-15.507
2025-10-22 02:00:00,570,Cuddalore,4.75,23.014,-15.507
2025-10-22 03:00:00,570,Cuddalore,3.5,23.036,-15.507
2025-10-22 04:00:00,570,Cuddalore,2.25,23.098,-15.507
2025-10-22 05:00:00,570,Cuddalore,1.0,23.143,-15.507
2025-10-22 07:00:00,570,Cuddalore,0.5,23.0,-15.507
2025-10-22 19:00:00,570,Cuddalore,3.5,23.0,-15.507
2025-10-22 21:00:00,570,Cuddalore,0.5,23.078,-15.507
2025-10-25 15:00:00,570,Cuddalore,8.25,24.809,-15.418
2025-10-25 16:00:00,570,Cuddalore,8.5,24.809,-15.411
2025-10-28 01:00:00,570,Cuddalore,0.5,24.77,-15.266333333333334
2025-11-06 03:00:00,570,Cuddalore,0.5,23.0,-14.73675
2025-11-06 05:00:00,570,Cuddalore,0.5,23.0,-14.719
2025-11-06 06:00:00,570,Cuddalore,0.5,23.0,-14.719
2025-11-06 07:00:00,570,Cuddalore,0.5,23.0,-14.719
2025-11-06 08:00:00,570,Cuddalore,1.0,23.0,-14.719
2025-11-06 10:00:00,570,Cuddalore,1.0,23.0,-14.72925
2025-11-07 12:00:00,570,Cuddalore,22.5,23.0,-14.641
2025-11-07 16:00:00,570,Cuddalore,11.5,23.0,-14.659
2025-11-07 17:00:00,570,Cuddalore,19.5,23.0,-14.659
2025-11-07 18:00:00,570,Cuddalore,1.0,23.0,-14.659
2025-11-07 19:00:00,570,Cuddalore,0.5,23.0,-14.659
2025-11-13 16:00:00,570,Cuddalore,8.5,23.0,-14.75425
2025-11-16 11:00:00,570,Cuddalore,0.5,23.0,-15.143
2025-11-16 12:00:00,570,Cuddalore,0.5,23.0,-15.143
2025-11-16 23:00:00,570,Cuddalore,1.5,23.0,-15.021333333333333
2025-11-17 00:00:00,570,Cuddalore,1.75,23.0,-15.021333333333333
2025-11-17 02:00:00,570,Cuddalore,3.0,23.0,-15.021333333333333
2025-11-17 03:00:00,570,Cuddalore,1.25,23.0,-15.021333333333333
2025-11-17 04:00:00,570,Cuddalore,1.0,23.0,-14.963666666666668
2025-11-17 05:00:00,570,Cuddalore,2.75,23.0,-14.963666666666668
2025-11-17 06:00:00,570,Cuddalore,4.0,23.0,-14.963666666666668
2025-11-17 07:00:00,570,Cuddalore,1.75,23.0,-14.963666666666668
2025-11-17 08:00:00,570,Cuddalore,0.75,23.0,-14.963666666666668
2025-11-17 17:00:00,570,Cuddalore,4.0,23.0,-14.917333333333332
2025-11-17 18:00:00,570,Cuddalore,3.5,23.0,-14.917333333333332
2025-11-17 19:00:00,570,Cuddalore,2.0,23.0,-14.917333333333332
2025-11-17 21:00:00,570,Cuddalore,1.0,23.0,-14.917333333333332
2025-11-17 22:00:00,570,Cuddalore,0.5,23.0,-14.912333333333333
2025-11-18 04:00:00,570,Cuddalore,0.5,23.0,-14.864333333333336
2025-11-18 06:00:00,570,Cuddalore,2.0,23.0,-14.864333333333336
2025-11-18 07:00:00,570,Cuddalore,6.25,23.0,-14.864333333333336
2025-11-18 08:00:00,570,Cuddalore,5.5,23.0,-14.864333333333336
2025-11-18 09:00:00,570,Cuddalore,1.5,23.0,-14.864333333333336
2025-11-18 13:00:00,570,Cuddalore,0.5,23.0,-14.867
2025-11-18 21:00:00,570,Cuddalore,2.75,23.0,-14.814666666666668
2025-11-19 00:00:00,570,Cuddalore,0.5,23.0,-14.33225
2025-11-19 04:00:00,570,Cuddalore,0.5,23.0,-14.2855
2025-11-19 06:00:00,570,Cuddalore,1.5,23.0,-14.2855
2025-11-19 08:00:00,570,Cuddalore,0.5,23.0,-14.2855
2025-11-20 10:00:00,570,Cuddalore,0.5,23.0,-14.2395
2025-11-21 15:00:00,570,Cuddalore,2.5,23.0,-15.8165
2025-11-22 00:00:00,570,Cuddalore,5.25,23.0,-15.5295
2025-11-22 01:00:00,570,Cuddalore,0.5,23.0,-15.5295
2025-11-22 02:00:00,570,Cuddalore,1.0,23.0,-15.5295
2025-11-22 03:00:00,570,Cuddalore,8.5,23.0,-15.5295
2025-11-22 04:00:00,570,Cuddalore,0.5,23.0,-15.381
2025-11-22 05:00:00,570,Cuddalore,0.5,23.0,-15.381
2025-11-22 15:00:00,570,Cuddalore,5.5,23.0,-15.452
2025-11-22 18:00:00,570,Cuddalore,10.25,23.0,-15.41175
2025-11-22 19:00:00,570,Cuddalore,0.5,23.0,-15.41175
2025-11-22 20:00:00,570,Cuddalore,5.5,23.0,-15.41175
2025-11-22 21:00:00,570,Cuddalore,0.5,23.0,-15.41175
2025-11-22 22:00:00,570,Cuddalore,15.0,23.0,-15.1805
2025-11-22 23:00:00,570,Cuddalore,1.5,23.0,-15.1805
2025-11-23 00:00:00,570,Cuddalore,9.0,23.0,-15.1805
2025-11-23 01:00:00,570,Cuddalore,4.75,23.0,-15.1805
2025-11-23 02:00:00,570,Cuddalore,1.5,23.0,-15.1805
2025-11-23 08:00:00,570,Cuddalore,2.5,23.0,-12.615333333333334
2025-11-23 09:00:00,570,Cuddalore,7.0,23.0,-12.615333333333334
2025-11-23 10:00:00,570,Cuddalore,0.5,23.0,-12.648666666666664
2025-11-23 11:00:00,570,Cuddalore,0.75,23.0,-12.648666666666664
2025-11-23 12:00:00,570,Cuddalore,8.0,23.0,-12.648666666666664
2025-11-23 17:00:00,570,Cuddalore,0.5,23.003,-12.485
2025-11-23 22:00:00,570,Cuddalore,7.0,23.0,-14.73325
2025-11-23 23:00:00,570,Cuddalore,34.0,23.0,-14.73325
2025-11-24 00:00:00,570,Cuddalore,20.5,23.0,-14.73325
2025-11-24 01:00:00,570,Cuddalore,18.0,23.0,-14.73325
2025-11-24 02:00:00,570,Cuddalore,3.5,23.0,-14.73325
2025-11-24 03:00:00,570,Cuddalore,3.5,23.0,-14.73325
2025-11-24 04:00:00,570,Cuddalore,8.5,23.024,-14.62225
2025-11-24 05:00:00,570,Cuddalore,4.25,23.0,-14.62225
2025-11-24 06:00:00,570,Cuddalore,22.75,23.015,-14.62225
2025-11-24 07:00:00,570,Cuddalore,7.75,23.056,-14.62225
2025-11-24 08:00:00,570,Cuddalore,9.75,23.595,-14.62225
2025-11-24 09:00:00,570,Cuddalore,7.75,23.722,-14.62225
2025-11-24 10:00:00,570,Cuddalore,2.0,23.738,-14.54125
2025-11-24 11:00:00,570,Cuddalore,11.0,23.746,-14.54125
2025-11-24 14:00:00,570,Cuddalore,2.5,23.63,-14.54125
2025-11-30 00:00:00,570,Cuddalore,2.5,24.782,-21.517
2025-11-30 00:30:00,570,Cuddalore,0.5,24.782,-21.517
2025-11-30 01:00:00,570,Cuddalore,1.5,24.782,-21.517
2025-11-30 01:30:00,570,Cuddalore,1.0,24.782,-21.517
2025-11-30 02:00:00,570,Cuddalore,1.0,24.782,-21.517
2025-11-30 02:30:00,570,Cuddalore,0.5,24.767,-21.517
2025-11-30 03:00:00,570,Cuddalore,0.75,24.767,-21.517
2025-11-30 03:30:00,570,Cuddalore,0.5,24.767,-10.0125
2025-11-30 04:00:00,570,Cuddalore,0.5,24.774,-10.0125
2025-11-30 05:00:00,570,Cuddalore,0.5,24.777,-10.0125
2025-11-30 08:30:00,570,Cuddalore,0.5,24.772,-10.0125
2025-11-30 09:00:00,570,Cuddalore,0.5,24.772,-10.0125
2025-11-30 09:30:00,570,Cuddalore,0.5,24.772,-9.8975
2025-11-30 10:00:00,570,Cuddalore,0.5,24.772,-9.8975
2025-11-30 11:00:00,570,Cuddalore,0.5,24.764,-9.8975
2025-11-30 17:00:00,570,Cuddalore,1.0,24.779,-9.858
2025-11-30 20:00:00,570,Cuddalore,0.5,24.806,-9.858
2025-11-30 21:00:00,570,Cuddalore,1.5,24.806,-9.858
2025-11-30 22:00:00,570,Cuddalore,1.0,24.898,-13.6895
2025-12-01 08:00:00,570,Cuddalore,0.5,24.872,-13.61175
2025-12-01 16:00:00,570,Cuddalore,0.5,24.865,-13.65125
2025-12-02 06:00:00,570,Cuddalore,0.75,24.857,-13.46
2025-12-02 07:00:00,570,Cuddalore,0.75,24.847,-13.46
2025-12-02 08:00:00,570,Cuddalore,0.5,24.85,-13.46
2025-12-02 10:00:00,570,Cuddalore,2.0,24.842,-13.531
2025-12-02 16:00:00,570,Cuddalore,0.5,24.831,-13.53
2025-12-02 17:00:00,570,Cuddalore,0.5,24.826,-13.53
2025-12-02 20:30:00,570,Cuddalore,0.5,24.821,-13.53
2025-12-02 21:00:00,570,Cuddalore,4.5,24.812,-13.53
2025-12-02 21:30:00,570,Cuddalore,1.0,24.812,-13.4985
2025-12-02 22:00:00,570,Cuddalore,2.25,24.817,-13.4985
2025-12-02 23:00:00,570,Cuddalore,1.25,24.803,-13.4985
2025-12-02 23:30:00,570,Cuddalore,3.0,24.803,-13.4985
2025-12-03 00:00:00,570,Cuddalore,5.75,24.81,-13.4985
2025-12-03 00:30:00,570,Cuddalore,0.5,24.81,-13.4985
2025-12-03 01:00:00,570,Cuddalore,1.0,24.808,-13.4985
2025-12-03 01:30:00,570,Cuddalore,1.0,24.808,-13.4985
2025-12-03 02:00:00,570,Cuddalore,3.1666666666666665,24.69,-13.4985
2025-12-03 02:30:00,570,Cuddalore,0.5,24.69,-13.4985
2025-12-03 03:00:00,570,Cuddalore,6.0,24.698,-13.4985
2025-12-03 04:00:00,570,Cuddalore,7.75,24.852,-13.38775
2025-12-03 05:00:00,570,Cuddalore,2.333333333333333,24.868,-13.38775
2025-12-03 06:00:00,570,Cuddalore,0.5,24.891,-13.38775
2025-12-03 07:00:00,570,Cuddalore,1.0,24.899,-13.38775
2025-12-03 08:00:00,570,Cuddalore,7.5,24.888,-13.38775
2025-12-03 09:00:00,570,Cuddalore,1.0,24.876,-13.38775
2025-12-03 10:00:00,570,Cuddalore,0.5,24.864,-13.39975
2025-12-03 11:00:00,570,Cuddalore,2.5,24.857,-13.39975
2025-12-03 16:00:00,570,Cuddalore,2.5,24.88,-13.349
2025-12-03 17:00:00,570,Cuddalore,0.5,24.884,-13.349
2025-12-04 17:00:00,570,Cuddalore,1.0,24.989,-11.831
2025-12-05 10:00:00,570,Cuddalore,0.5,24.932,-10.226
2025-12-05 12:00:00,570,Cuddalore,1.0,24.914,-10.226
2025-12-05 23:00:00,570,Cuddalore,0.5,24.908,-10.2005
2025-12-06 04:00:00,570,Cuddalore,2.75,24.933,-10.178
2025-12-06 05:00:00,570,Cuddalore,2.5,24.932,-10.178
2025-12-06 10:00:00,570,Cuddalore,1.5,24.933,-10.1635
2025-12-16 07:00:00,570,Cuddalore,1.0,23.0,-13.28925
2025-12-16 08:00:00,570,Cuddalore,0.5,23.0,-13.28925
2025-12-16 11:00:00,570,Cuddalore,2.0,23.0,-13.28925
2025-12-16 12:00:00,570,Cuddalore,3.25,23.0,-13.28925
2025-12-16 13:00:00,570,Cuddalore,1.75,23.0,-13.2335
2025-12-16 14:00:00,570,Cuddalore,10.5,23.022,-13.2335
2025-12-16 15:00:00,570,Cuddalore,1.25,23.0,-13.2335
2025-12-16 16:00:00,570,Cuddalore,3.5,23.0,-13.2335
2025-12-16 17:00:00,570,Cuddalore,1.0,23.0,-13.2335
2025-12-16 20:00:00,570,Cuddalore,0.75,23.0,-13.2335
2025-12-16 21:00:00,570,Cuddalore,0.5,23.0,-13.2335
2025-12-16 22:00:00,570,Cuddalore,8.0,23.0,-13.2335
2025-12-16 23:00:00,570,Cuddalore,13.0,23.0,-13.2335
2025-12-17 00:00:00,570,Cuddalore,3.0,23.026,-13.2335
2025-12-17 02:00:00,570,Cuddalore,0.5,23.0,-13.2335
2025-12-17 07:00:00,570,Cuddalore,0.5,23.0,-13.18175
2025-12-17 09:00:00,570,Cuddalore,0.5,23.0,-13.18175
2025-12-30 10:00:00,570,Cuddalore,0.5,23.0,-13.127
2026-01-12 02:00:00,570,Cuddalore,0.5,23.0,-20.059
2026-01-12 06:00:00,570,Cuddalore,2.0,23.0,-14.643666666666668
2026-01-12 07:00:00,570,Cuddalore,1.0,23.0,-19.972
2026-01-12 09:00:00,570,Cuddalore,1.0,23.0,-19.972
2026-01-12 10:00:00,570,Cuddalore,1.5,23.0,-14.69588888888889
2026-01-12 11:00:00,570,Cuddalore,0.75,23.0,-14.69588888888889
2026-01-12 12:00:00,570,Cuddalore,1.5,23.0,-14.69588888888889
2026-01-12 13:00:00,570,Cuddalore,1.0,23.0,-19.954
2026-01-12 14:00:00,570,Cuddalore,1.5,23.0,-19.954
2026-01-12 15:00:00,570,Cuddalore,0.5,23.0,-19.954
2026-01-12 16:00:00,570,Cuddalore,0.5,23.0,-14.644722222222224
2026-01-12 19:00:00,570,Cuddalore,0.5,23.0,-19.893
2026-01-12 20:00:00,570,Cuddalore,2.25,23.0,-19.893
2026-01-12 21:00:00,570,Cuddalore,0.5,23.0,-19.893
2026-01-12 23:00:00,570,Cuddalore,0.75,23.0,-14.5455
2026-01-13 01:00:00,570,Cuddalore,0.5,23.0,-19.735
2026-01-13 02:00:00,570,Cuddalore,1.0,23.0,-19.735
2026-01-13 03:00:00,570,Cuddalore,0.75,23.0,-19.735
2026-01-13 04:00:00,570,Cuddalore,0.5,23.0,-14.0316
2026-01-13 06:00:00,570,Cuddalore,0.5,23.0,-14.0316
2026-01-13 07:00:00,570,Cuddalore,0.5,23.0,-19.733
2026-01-14 13:00:00,570,Cuddalore,0.5,23.0,-20.322
2026-01-20 19:00:00,570,Cuddalore,0.5,23.0,-14.05805882352941
2026-01-23 21:00:00,570,Cuddalore,1.5,23.0,-14.749058823529412
2026-01-23 22:00:00,570,Cuddalore,0.5,23.0,-13.521736842105264
2026-01-23 23:00:00,570,Cuddalore,0.5,23.0,-13.521736842105264
2026-01-24 00:00:00,570,Cuddalore,0.5,23.0,-13.521736842105264
2026-01-24 02:00:00,570,Cuddalore,0.5,23.0,-13.521736842105264
2026-01-24 10:00:00,570,Cuddalore,1.0,23.0,-13.51357894736842
2026-01-24 11:00:00,570,Cuddalore,1.5,23.0,-13.51357894736842
2026-01-24 13:00:00,570,Cuddalore,0.5,23.0,-13.51357894736842
2026-01-24 14:00:00,570,Cuddalore,0.5,23.0,-13.51357894736842
2026-01-24 16:00:00,570,Cuddalore,0.5,23.0,-13.478894736842104
2026-01-24 17:00:00,570,Cuddalore,1.5,23.0,-13.478894736842104
2026-01-24 22:00:00,570,Cuddalore,0.5,23.0,-13.405157894736842
2026-01-25 03:00:00,570,Cuddalore,0.5,23.0,-13.405157894736842
2026-01-25 06:00:00,570,Cuddalore,0.75,23.0,-6.165
2026-01-25 10:00:00,570,Cuddalore,1.25,23.0,-6.19825
2026-01-25 13:00:00,570,Cuddalore,2.0,23.0,-6.19825
2026-01-25 14:00:00,570,Cuddalore,0.5,23.0,-6.19825
2026-01-25 16:00:00,570,Cuddalore,1.0,23.0,-6.849285714285714
2026-01-25 17:00:00,570,Cuddalore,0.5,23.0,-6.849285714285714
2026-01-25 18:00:00,570,Cuddalore,1.75,23.0,-6.849285714285714
2026-01-25 19:00:00,570,Cuddalore,8.0,23.0,-6.849285714285714
2026-01-25 20:00:00,570,Cuddalore,4.0,23.0,-6.849285714285714
2026-01-25 21:00:00,570,Cuddalore,2.0,23.0,-6.849285714285714
2026-01-26 02:00:00,570,Cuddalore,0.5,23.0,-13.322368421052632
2026-01-27 01:00:00,570,Cuddalore,0.5,23.0,-14.24935294117647
2026-03-19 01:30:00,570,Cuddalore,20.5,23.0,-16.140652173913043
2026-03-19 02:00:00,570,Cuddalore,10.0,23.0,-16.140652173913043
2026-03-19 03:00:00,570,Cuddalore,7.833333333333333,23.0,-16.140652173913043
2026-03-19 04:00:00,570,Cuddalore,12.5,23.0,-16.07913043478261
2026-03-19 05:00:00,570,Cuddalore,0.5,23.0,-16.07913043478261
2026-03-19 17:00:00,570,Cuddalore,0.5,23.0,-16.133652173913045
2026-03-20 04:00:00,570,Cuddalore,0.5,23.0,-15.676666666666668
2022-07-27 01:00:00,583,Ramanathapuram,0.75,0.016,-14.519
2022-07-27 02:00:00,583,Ramanathapuram,1.0,0.016,-14.519
2022-07-27 03:00:00,583,Ramanathapuram,1.0,0.016,-14.519
2022-07-27 04:00:00,583,Ramanathapuram,0.5,0.016,-14.481
2022-07-27 05:00:00,583,Ramanathapuram,0.5,0.016,-14.481
2022-07-27 06:00:00,583,Ramanathapuram,0.5,0.016,-14.481
2022-07-27 07:00:00,583,Ramanathapuram,0.5,0.016,-14.481
2022-07-27 08:00:00,583,Ramanathapuram,0.5,0.016,-14.481
2022-07-27 09:00:00,583,Ramanathapuram,0.5,0.015,-14.481
2022-07-27 11:00:00,583,Ramanathapuram,1.0,0.006,-14.477
2022-07-27 12:00:00,583,Ramanathapuram,0.5,0.006,-14.477
2022-07-27 13:00:00,583,Ramanathapuram,0.5,0.006,-14.477
2022-07-27 14:00:00,583,Ramanathapuram,1.0,0.017,-14.477
2022-07-27 15:00:00,583,Ramanathapuram,1.0,0.017,-14.477
2022-07-27 19:00:00,583,Ramanathapuram,17.5,0.017,-14.442
2022-07-28 11:00:00,583,Ramanathapuram,0.5,0.036,-14.4125
2022-07-28 14:00:00,583,Ramanathapuram,0.5,0.036,-14.4125
2022-07-29 10:00:00,583,Ramanathapuram,0.5,0.004,-14.331
2022-07-30 21:00:00,583,Ramanathapuram,5.5,0.014,-14.2235
2022-08-04 03:00:00,583,Ramanathapuram,1.5,0.024,-13.98
2022-08-04 08:00:00,583,Ramanathapuram,0.5,0.001,-13.973
2022-08-04 09:00:00,583,Ramanathapuram,0.5,0.001,-13.973
2022-08-18 17:00:00,583,Ramanathapuram,0.5,0.016,-13.46
2022-08-18 19:00:00,583,Ramanathapuram,6.75,0.016,-13.46
2022-08-18 20:00:00,583,Ramanathapuram,12.0,0.016,-13.46
2022-08-18 21:00:00,583,Ramanathapuram,6.25,0.016,-13.46
2022-08-18 22:00:00,583,Ramanathapuram,15.5,0.016,-13.4075
2022-08-20 17:00:00,583,Ramanathapuram,4.0,0.022,-13.357
2022-11-02 20:00:00,583,Ramanathapuram,1.75,0.023,-11.8275
2022-11-02 21:00:00,583,Ramanathapuram,0.5,0.023,-11.8275
2022-11-02 22:00:00,583,Ramanathapuram,0.5,0.023,-11.8045
2022-11-02 23:00:00,583,Ramanathapuram,21.5,0.023,-11.8045
2022-11-03 00:00:00,583,Ramanathapuram,15.5,0.023,-11.8045
2022-11-03 01:00:00,583,Ramanathapuram,18.7,0.023,-11.8045
2022-11-03 02:00:00,583,Ramanathapuram,4.4,0.023,-11.8045
2022-11-03 03:00:00,583,Ramanathapuram,1.875,0.023,-11.8045
2022-11-03 04:00:00,583,Ramanathapuram,1.0,0.013,-11.7845
2022-11-03 05:00:00,583,Ramanathapuram,0.5,0.024,-11.7845
2022-11-03 06:00:00,583,Ramanathapuram,2.0,0.024,-11.7845
2022-11-03 08:00:00,583,Ramanathapuram,0.5,0.01,-11.7845
2022-11-03 14:45:00,583,Ramanathapuram,117.0,0.007,-11.7835
2022-11-03 14:50:00,583,Ramanathapuram,123.5,0.007,-11.7835
2022-11-03 15:00:00,583,Ramanathapuram,123.5,0.007,-11.7835
2022-11-03 17:00:00,583,Ramanathapuram,0.5,0.007,-11.7755
2022-11-04 01:00:00,583,Ramanathapuram,13.0,0.016,-11.7775
2022-11-04 02:00:00,583,Ramanathapuram,1.25,0.016,-11.7775
2022-11-04 03:00:00,583,Ramanathapuram,0.5,0.016,-11.7775
2022-11-04 06:00:00,583,Ramanathapuram,1.0,0.003,-11.769
2022-11-04 07:00:00,583,Ramanathapuram,0.5,0.003,-11.769
2022-11-04 09:00:00,583,Ramanathapuram,1.0,0.011,-11.769
2022-11-04 10:00:00,583,Ramanathapuram,3.0,0.011,-11.7715
2022-11-04 11:00:00,583,Ramanathapuram,2.5,0.01,-11.7715
2022-11-04 12:00:00,583,Ramanathapuram,0.5,0.01,-11.7715
2022-11-04 20:00:00,583,Ramanathapuram,2.0,0.022,-11.762
2022-11-04 21:00:00,583,Ramanathapuram,0.5,0.007,-11.762
2022-11-05 02:00:00,583,Ramanathapuram,11.5,0.007,-11.7595
2022-11-05 03:00:00,583,Ramanathapuram,1.0,0.007,-11.7595
2022-11-05 10:00:00,583,Ramanathapuram,11.5,0.009,-11.824
2022-11-05 11:00:00,583,Ramanathapuram,1.75,0.009,-11.824
2022-11-05 12:00:00,583,Ramanathapuram,1.5,0.009,-11.824
2022-11-05 13:00:00,583,Ramanathapuram,4.0,0.013,-11.824
2022-11-05 14:00:00,583,Ramanathapuram,0.5,0.013,-11.824
2022-11-11 05:00:00,583,Ramanathapuram,0.875,0.002,-11.6315
2022-11-11 06:00:00,583,Ramanathapuram,0.5,0.002,-11.6315
2022-11-11 07:00:00,583,Ramanathapuram,1.125,0.002,-11.6315
2022-11-11 08:00:00,583,Ramanathapuram,0.5,0.002,-11.6315
2022-11-11 09:00:00,583,Ramanathapuram,0.5,0.002,-11.6315
2022-11-12 00:00:00,583,Ramanathapuram,0.5,0.015,-11.6275
2022-11-12 03:00:00,583,Ramanathapuram,3.0,0.015,-11.6275
2022-11-12 04:00:00,583,Ramanathapuram,3.0,0.015,-11.612
2022-11-12 05:00:00,583,Ramanathapuram,2.0,0.015,-11.612
2022-11-12 06:00:00,583,Ramanathapuram,0.5,0.015,-11.612
2022-11-13 03:00:00,583,Ramanathapuram,0.5,0.007,-11.6115
2022-11-13 04:00:00,583,Ramanathapuram,0.5,0.007,-11.5995
2022-11-13 06:00:00,583,Ramanathapuram,2.25,0.007,-11.5995
2022-11-13 10:00:00,583,Ramanathapuram,13.0,0.007,-11.6005
2022-11-13 11:00:00,583,Ramanathapuram,1.0,0.007,-11.6005
2022-11-13 12:00:00,583,Ramanathapuram,3.875,0.007,-11.6005
2022-11-13 13:00:00,583,Ramanathapuram,0.5,0.007,-11.6005
2022-11-13 14:00:00,583,Ramanathapuram,9.0,0.007,-11.6005
2022-11-13 15:00:00,583,Ramanathapuram,1.0,0.007,-11.6005
2022-11-14 17:00:00,583,Ramanathapuram,2.5,0.004,-11.591
2022-11-14 18:00:00,583,Ramanathapuram,2.5,0.004,-11.591
2022-11-14 19:00:00,583,Ramanathapuram,0.5,0.004,-11.591
2022-11-14 20:00:00,583,Ramanathapuram,1.0,0.004,-11.591
2022-11-14 21:00:00,583,Ramanathapuram,1.0,0.004,-11.591
2022-11-14 22:00:00,583,Ramanathapuram,50.0,0.004,-11.5745
2022-11-15 00:00:00,583,Ramanathapuram,0.5,0.004,-11.5745
2022-11-15 01:00:00,583,Ramanathapuram,0.5,0.004,-11.5745
2022-11-15 04:00:00,583,Ramanathapuram,4.5,0.004,-11.567
2022-11-15 06:00:00,583,Ramanathapuram,0.5,0.007,-11.567
2022-11-15 11:00:00,583,Ramanathapuram,0.5,0.016,-11.5615
2022-11-15 18:00:00,583,Ramanathapuram,0.5,0.046,-11.765999999999998
2022-11-19 14:00:00,583,Ramanathapuram,0.5,0.01,-11.5095
2022-11-19 15:00:00,583,Ramanathapuram,0.5,0.01,-11.5095
2022-11-19 17:00:00,583,Ramanathapuram,0.5,0.01,-11.5305
2022-11-19 19:00:00,583,Ramanathapuram,0.5,0.01,-11.5305
2022-11-19 20:00:00,583,Ramanathapuram,0.5,0.01,-11.5305
2022-11-19 21:00:00,583,Ramanathapuram,0.5,0.011,-11.5305
2022-11-19 22:00:00,583,Ramanathapuram,0.5,0.02,-11.5
2022-11-19 23:00:00,583,Ramanathapuram,0.5,0.034,-11.5
2022-11-20 00:00:00,583,Ramanathapuram,0.5,0.032,-11.5
2022-11-20 02:00:00,583,Ramanathapuram,0.5,0.025,-11.5
2022-11-20 03:00:00,583,Ramanathapuram,0.5,0.025,-11.5
2022-11-20 05:00:00,583,Ramanathapuram,0.5,0.037,-11.489
2022-11-20 06:00:00,583,Ramanathapuram,0.5,0.019,-11.489
2022-11-20 08:00:00,583,Ramanathapuram,0.5,0.021,-11.489
2022-11-20 09:00:00,583,Ramanathapuram,0.5,0.007,-11.489
2022-11-20 11:00:00,583,Ramanathapuram,0.5,0.014,-11.5095
2022-11-20 13:00:00,583,Ramanathapuram,0.5,0.037,-11.5095
2022-11-20 14:00:00,583,Ramanathapuram,0.5,0.055,-11.5095
2022-11-20 15:00:00,583,Ramanathapuram,0.5,0.021,-11.5095
2022-11-20 16:00:00,583,Ramanathapuram,0.5,0.017,-11.791
2022-11-20 18:00:00,583,Ramanathapuram,0.5,0.007,-11.791
2022-11-20 20:00:00,583,Ramanathapuram,0.5,0.023,-11.791
2022-11-20 21:00:00,583,Ramanathapuram,0.5,0.031,-11.791
2022-11-20 23:00:00,583,Ramanathapuram,0.5,0.012,-11.56
2022-11-21 01:00:00,583,Ramanathapuram,0.5,0.02,-11.56
2022-11-21 03:00:00,583,Ramanathapuram,0.5,0.011,-11.56
2022-11-21 05:00:00,583,Ramanathapuram,0.5,0.005,-11.544
2022-11-21 07:00:00,583,Ramanathapuram,0.5,0.039,-11.544
2022-11-21 09:00:00,583,Ramanathapuram,0.5,0.016,-11.544
2022-11-21 11:00:00,583,Ramanathapuram,0.5,0.033,-11.5435
2022-11-21 13:00:00,583,Ramanathapuram,0.5,0.025,-11.5435
2022-11-21 14:00:00,583,Ramanathapuram,0.5,0.009,-11.5435
2022-11-21 16:00:00,583,Ramanathapuram,0.5,0.002,-11.527
2022-11-21 18:00:00,583,Ramanathapuram,0.5,0.002,-11.527
2022-11-21 20:00:00,583,Ramanathapuram,0.5,0.002,-11.527
2022-11-21 22:00:00,583,Ramanathapuram,0.5,0.005,-11.5385
2022-11-22 01:00:00,583,Ramanathapuram,0.5,0.005,-11.5385
2022-11-22 03:00:00,583,Ramanathapuram,0.5,0.005,-11.5385
2022-11-22 06:00:00,583,Ramanathapuram,0.5,0.027,-11.5185
2022-11-22 09:00:00,583,Ramanathapuram,0.5,0.01,-11.5185
2022-11-22 11:00:00,583,Ramanathapuram,0.5,0.01,-11.5235
2022-11-22 12:00:00,583,Ramanathapuram,0.5,0.01,-11.5235
2022-11-22 14:00:00,583,Ramanathapuram,0.5,0.01,-11.5235
2022-11-22 15:00:00,583,Ramanathapuram,0.5,0.01,-11.5235
2023-06-02 10:00:00,583,Ramanathapuram,0.5,11.013,-14.1895
2023-06-07 16:00:00,583,Ramanathapuram,1.5,11.024,-14.2815
2023-06-07 17:00:00,583,Ramanathapuram,1.0,11.024,-14.2815
2023-07-09 08:00:00,583,Ramanathapuram,2.0,10.992,-14.384
2023-07-09 09:00:00,583,Ramanathapuram,3.0,10.992,-14.384
2023-07-09 10:00:00,583,Ramanathapuram,0.5,10.992,-14.237
2023-07-09 18:00:00,583,Ramanathapuram,1.5,10.992,-14.2375
2023-07-09 19:00:00,583,Ramanathapuram,8.0,10.992,-14.2375
2023-07-09 20:00:00,583,Ramanathapuram,4.0,10.992,-14.2375
2023-07-09 21:00:00,583,Ramanathapuram,2.0,10.992,-14.2375
2023-07-10 08:00:00,583,Ramanathapuram,2.0,10.998,-14.187
2023-07-10 16:00:00,583,Ramanathapuram,1.0,11.006,-14.157
2023-07-10 17:00:00,583,Ramanathapuram,2.5,11.016,-14.157
2023-07-10 19:00:00,583,Ramanathapuram,3.5,11.017,-14.157
2023-07-10 20:00:00,583,Ramanathapuram,2.25,11.017,-14.157
2023-07-10 21:00:00,583,Ramanathapuram,5.5,11.017,-14.157
2023-07-10 22:00:00,583,Ramanathapuram,1.0,11.017,-14.1315
2023-07-10 23:00:00,583,Ramanathapuram,0.5,11.017,-14.1315
2023-07-11 00:00:00,583,Ramanathapuram,0.5,11.021,-14.1315
2023-07-11 06:00:00,583,Ramanathapuram,0.5,11.022,-14.113
2023-07-11 10:00:00,583,Ramanathapuram,0.5,11.015,-14.092
2023-07-11 16:00:00,583,Ramanathapuram,0.5,11.01,-14.066
2023-07-11 17:00:00,583,Ramanathapuram,6.333333333333333,11.01,-14.066
2023-07-11 18:00:00,583,Ramanathapuram,9.5,11.017,-14.066
2023-07-11 19:00:00,583,Ramanathapuram,1.75,11.014,-14.066
2023-07-11 20:00:00,583,Ramanathapuram,5.0,11.011,-14.066
2023-07-11 21:00:00,583,Ramanathapuram,1.5,11.008,-14.066
2023-07-11 22:00:00,583,Ramanathapuram,1.5,11.016,-14.0545
2023-07-11 23:00:00,583,Ramanathapuram,4.0,11.019,-14.0545
2023-07-12 00:00:00,583,Ramanathapuram,1.0,11.018,-14.0545
2023-07-12 03:00:00,583,Ramanathapuram,2.0,11.018,-14.0545
2023-07-12 05:00:00,583,Ramanathapuram,0.5,11.018,-14.0145
2023-07-12 07:00:00,583,Ramanathapuram,2.5,11.02,-14.0145
2023-07-12 08:00:00,583,Ramanathapuram,0.5,11.013,-14.0145
2023-07-12 11:00:00,583,Ramanathapuram,1.0,11.003,-13.993
2023-08-05 11:00:00,583,Ramanathapuram,2.0,11.002,-13.1585
2023-08-05 12:00:00,583,Ramanathapuram,2.0,11.002,-13.1585
2023-08-05 13:00:00,583,Ramanathapuram,21.5,11.002,-13.1585
2023-08-05 14:00:00,583,Ramanathapuram,60.0,11.002,-13.1585
2023-08-05 15:00:00,583,Ramanathapuram,23.5,11.002,-13.1585
2023-08-09 07:00:00,583,Ramanathapuram,22.0,10.854,-13.035
2023-08-09 08:00:00,583,Ramanathapuram,5.5,10.854,-13.035
2023-08-09 09:00:00,583,Ramanathapuram,3.0,10.854,-13.035
2023-08-09 14:00:00,583,Ramanathapuram,209.0,10.856,-13.0485
2023-08-09 15:00:00,583,Ramanathapuram,282.0,10.865,-13.0485
2023-08-09 19:00:00,583,Ramanathapuram,12.0,10.812,-13.186
2023-08-09 20:00:00,583,Ramanathapuram,18.0,10.812,-13.186
2023-08-09 21:00:00,583,Ramanathapuram,2.5,10.812,-13.186
2023-08-10 18:00:00,583,Ramanathapuram,0.5,10.842,-13.0035
2023-08-10 19:00:00,583,Ramanathapuram,29.5,10.842,-13.0035
2023-08-10 20:00:00,583,Ramanathapuram,19.0,10.842,-13.0035
2023-08-10 21:00:00,583,Ramanathapuram,3.0,10.842,-13.0035
2023-08-11 07:00:00,583,Ramanathapuram,9.5,10.84,-12.992
2023-08-11 09:00:00,583,Ramanathapuram,2.0,10.84,-12.992
2023-08-11 17:00:00,583,Ramanathapuram,1.0,10.859,-13.1265
2023-08-11 18:00:00,583,Ramanathapuram,10.0,10.859,-13.1265
2023-08-11 19:00:00,583,Ramanathapuram,1.0,10.859,-13.1265
2023-08-11 21:00:00,583,Ramanathapuram,11.5,10.859,-13.1265
2023-08-12 00:00:00,583,Ramanathapuram,0.5,10.859,-12.985
2023-08-12 13:00:00,583,Ramanathapuram,1.5,10.839,-13.104
2023-08-12 14:00:00,583,Ramanathapuram,8.0,10.849,-13.104
2023-08-12 18:00:00,583,Ramanathapuram,7.5,10.845,-12.9545
2023-08-12 19:00:00,583,Ramanathapuram,25.75,10.845,-12.9545
2023-08-12 20:00:00,583,Ramanathapuram,49.0,10.845,-12.9545
2023-08-12 21:00:00,583,Ramanathapuram,1.5,10.845,-12.9545
2023-08-12 22:00:00,583,Ramanathapuram,1.5,10.845,-12.975
2023-08-13 06:00:00,583,Ramanathapuram,4.5,10.859,-12.9455
2023-08-13 08:00:00,583,Ramanathapuram,3.0,10.859,-12.9455
2023-08-13 09:00:00,583,Ramanathapuram,8.5,10.859,-12.9455
2023-08-13 10:00:00,583,Ramanathapuram,2.5,10.859,-12.9485
2023-08-13 13:00:00,583,Ramanathapuram,9.875,10.867,-12.9485
2023-08-13 14:00:00,583,Ramanathapuram,3.75,10.867,-12.9485
2023-08-13 19:00:00,583,Ramanathapuram,10.0,10.9,-13.0
2023-08-13 20:00:00,583,Ramanathapuram,72.5,10.9,-13.0
2023-08-13 22:00:00,583,Ramanathapuram,6.5,10.9,-12.9315
2023-08-31 12:00:00,583,Ramanathapuram,7.5,10.962,-12.7225
2023-08-31 13:00:00,583,Ramanathapuram,1.0,10.962,-12.7225
2023-08-31 16:00:00,583,Ramanathapuram,3.0,10.962,-12.6705
2023-09-02 15:00:00,583,Ramanathapuram,19.5,10.991,-12.6195
2023-09-02 16:00:00,583,Ramanathapuram,19.0,10.991,-12.6195
2023-09-03 14:00:00,583,Ramanathapuram,16.0,10.996,-12.614
2023-09-03 15:00:00,583,Ramanathapuram,23.0,10.996,-12.614
2023-09-03 16:00:00,583,Ramanathapuram,14.0,10.996,-12.5855
2023-09-03 18:00:00,583,Ramanathapuram,0.5,10.996,-12.5855
2023-09-03 19:00:00,583,Ramanathapuram,2.25,10.996,-12.5855
2023-09-03 20:00:00,583,Ramanathapuram,4.5,10.996,-12.5855
2023-09-04 20:00:00,583,Ramanathapuram,1.0,11.003,-12.578
2023-09-09 14:00:00,583,Ramanathapuram,215.5,10.994,-12.482499999999998
2023-09-09 20:00:00,583,Ramanathapuram,0.5,11.004,-12.5885
2023-09-10 13:00:00,583,Ramanathapuram,4.0,10.997,-12.4755
2023-09-10 14:00:00,583,Ramanathapuram,0.5,10.997,-12.4755
2023-09-10 15:00:00,583,Ramanathapuram,21.5,10.997,-12.4755
2023-09-10 19:00:00,583,Ramanathapuram,2.0,10.997,-12.4485
2023-09-14 10:50:00,583,Ramanathapuram,0.5,10.995,-12.4315
2023-09-14 10:55:00,583,Ramanathapuram,4.0,10.995,-12.4315
2023-09-14 11:00:00,583,Ramanathapuram,4.0,10.995,-12.4315
2023-09-14 12:25:00,583,Ramanathapuram,4.5,10.995,-12.4315
2023-09-14 12:30:00,583,Ramanathapuram,4.5,10.995,-12.4315
2023-09-14 12:35:00,583,Ramanathapuram,4.5,10.995,-12.4315
2023-09-14 12:40:00,583,Ramanathapuram,4.5,10.995,-12.4315
2023-09-14 12:45:00,583,Ramanathapuram,4.5,10.995,-12.4315
2023-09-14 12:50:00,583,Ramanathapuram,4.5,10.995,-12.4315
2023-09-14 12:55:00,583,Ramanathapuram,4.5,10.995,-12.4315
2023-09-14 13:00:00,583,Ramanathapuram,4.5,10.995,-12.4315
2023-09-14 16:00:00,583,Ramanathapuram,7.5,10.995,-12.4265
2023-09-14 17:00:00,583,Ramanathapuram,0.5,10.995,-12.4265
2023-09-18 10:00:00,583,Ramanathapuram,0.5,11.008,-12.3445
2023-09-18 14:00:00,583,Ramanathapuram,0.5,11.007,-12.3445
2023-09-18 15:00:00,583,Ramanathapuram,84.83333333333333,11.007,-12.3445
2023-09-18 16:00:00,583,Ramanathapuram,0.5,11.007,-12.47
2023-09-18 18:00:00,583,Ramanathapuram,8.5,11.007,-12.47
2023-09-18 19:00:00,583,Ramanathapuram,20.33333333333333,11.007,-12.47
2023-09-19 08:00:00,583,Ramanathapuram,7.0,11.008,-12.307
2023-09-19 09:00:00,583,Ramanathapuram,10.0,11.008,-12.307
2023-09-19 10:00:00,583,Ramanathapuram,4.5,11.008,-12.3095
2023-09-19 11:00:00,583,Ramanathapuram,12.0,11.008,-12.3095
2023-09-19 12:00:00,583,Ramanathapuram,0.5,11.008,-12.3095
2023-09-19 13:00:00,583,Ramanathapuram,2.5,11.008,-12.3095
2023-09-19 14:00:00,583,Ramanathapuram,7.25,11.008,-12.3095
2023-09-19 15:00:00,583,Ramanathapuram,74.5,11.011,-12.3095
2023-09-19 17:00:00,583,Ramanathapuram,0.5,11.017,-12.297
2023-09-19 18:00:00,583,Ramanathapuram,9.5,11.017,-12.297
2023-09-19 19:00:00,583,Ramanathapuram,94.0,11.017,-12.297
2023-09-19 20:00:00,583,Ramanathapuram,201.5,11.017,-12.297
2023-09-19 21:00:00,583,Ramanathapuram,231.5,11.017,-12.297
2023-09-20 07:00:00,583,Ramanathapuram,20.5,11.009,-12.294
2023-09-20 08:00:00,583,Ramanathapuram,23.0,11.009,-12.294
2023-09-20 09:00:00,583,Ramanathapuram,35.0,11.009,-12.294
2023-09-20 10:00:00,583,Ramanathapuram,63.0,11.009,-12.2915
2023-09-20 13:00:00,583,Ramanathapuram,0.5,11.008,-12.2915
2023-09-20 14:00:00,583,Ramanathapuram,3.5,11.002,-12.2915
2023-09-20 17:00:00,583,Ramanathapuram,5.0,11.002,-12.396
2023-09-21 00:00:00,583,Ramanathapuram,8.0,11.018,-12.2915
2023-09-21 07:00:00,583,Ramanathapuram,6.0,11.018,-12.2815
2023-09-21 08:00:00,583,Ramanathapuram,6.5,11.018,-12.2815
2023-09-21 09:00:00,583,Ramanathapuram,6.0,11.018,-12.2815
2023-09-21 10:00:00,583,Ramanathapuram,8.5,11.009,-12.288
2023-09-21 14:00:00,583,Ramanathapuram,1.0,11.005,-12.288
2023-09-21 15:00:00,583,Ramanathapuram,3.0,11.005,-12.288
2023-09-21 16:00:00,583,Ramanathapuram,0.5,11.005,-12.2725
2023-09-22 12:00:00,583,Ramanathapuram,315.5,11.003,-12.263
2023-09-22 13:00:00,583,Ramanathapuram,2.0,11.004,-12.263
2023-09-22 14:00:00,583,Ramanathapuram,0.5,11.008,-12.263
2023-09-22 15:00:00,583,Ramanathapuram,1.0,11.008,-12.263
2023-09-22 16:00:00,583,Ramanathapuram,7.0,11.008,-12.3025
2023-09-22 17:00:00,583,Ramanathapuram,40.5,11.008,-12.3025
2023-09-23 04:00:00,583,Ramanathapuram,81.5,11.006,-12.2535
2023-09-23 08:00:00,583,Ramanathapuram,15.0,11.006,-12.2535
2023-09-23 09:00:00,583,Ramanathapuram,7.0,11.006,-12.2535
2023-09-23 10:00:00,583,Ramanathapuram,7.5,11.006,-12.2475
2023-09-23 11:00:00,583,Ramanathapuram,0.5,11.006,-12.2475
2023-09-23 17:00:00,583,Ramanathapuram,4.0,11.013,-12.26
2023-09-23 18:00:00,583,Ramanathapuram,205.0,11.017,-12.26
2023-09-23 21:00:00,583,Ramanathapuram,9.0,11.017,-12.26
2023-09-24 03:00:00,583,Ramanathapuram,3.0,11.02,-12.2435
2023-09-24 04:00:00,583,Ramanathapuram,10.5,11.02,-12.241
2023-09-24 09:00:00,583,Ramanathapuram,545.0,11.008,-12.241
2023-09-24 10:00:00,583,Ramanathapuram,9.0,11.003,-12.2335
2023-09-24 11:00:00,583,Ramanathapuram,194.0,11.004,-12.2335
2023-09-24 12:00:00,583,Ramanathapuram,99.0,11.006,-12.2335
2023-09-24 13:00:00,583,Ramanathapuram,26.0,11.007,-12.2335
2023-09-24 14:00:00,583,Ramanathapuram,2.5,11.007,-12.2335
2023-09-24 17:00:00,583,Ramanathapuram,11.5,11.013,-12.2535
2023-09-24 18:00:00,583,Ramanathapuram,529.5,11.014,-12.2535
2023-09-24 19:00:00,583,Ramanathapuram,446.5,11.017,-12.2535
2023-09-24 20:00:00,583,Ramanathapuram,19.0,11.018,-12.2535
2023-09-24 21:00:00,583,Ramanathapuram,0.5,11.019,-12.2535
2023-09-25 00:00:00,583,Ramanathapuram,115.5,11.019,-12.2295
2023-09-25 04:00:00,583,Ramanathapuram,34.0,11.02,-12.223
2023-09-25 06:00:00,583,Ramanathapuram,3.5,11.021,-12.223
2023-09-25 07:00:00,583,Ramanathapuram,77.5,11.018,-12.223
2023-09-25 08:00:00,583,Ramanathapuram,15.0,11.007,-12.223
2023-09-25 09:00:00,583,Ramanathapuram,19.5,11.005,-12.223
2023-09-25 10:00:00,583,Ramanathapuram,117.5,10.891,-12.222
2023-09-25 11:00:00,583,Ramanathapuram,51.5,10.899,-12.222
2023-09-25 12:00:00,583,Ramanathapuram,12.0,10.912,-12.222
2023-09-25 13:00:00,583,Ramanathapuram,9.0,10.922,-12.222
2023-09-25 15:00:00,583,Ramanathapuram,1.5,10.938,-12.222
2023-09-25 16:00:00,583,Ramanathapuram,552.0,10.956,-12.3105
2023-09-25 17:00:00,583,Ramanathapuram,539.0,10.966,-12.3105
2023-09-25 18:00:00,583,Ramanathapuram,21.5,10.972,-12.3105
2023-09-25 19:00:00,583,Ramanathapuram,42.5,10.982,-12.3105
2023-09-25 22:00:00,583,Ramanathapuram,189.5,11.003,-12.22
2023-09-25 23:00:00,583,Ramanathapuram,1.0,11.005,-12.22
2023-09-26 00:00:00,583,Ramanathapuram,37.5,11.012,-12.22
2023-09-26 01:00:00,583,Ramanathapuram,154.5,11.013,-12.22
2023-09-26 02:00:00,583,Ramanathapuram,3.0,11.015,-12.22
2023-09-26 03:00:00,583,Ramanathapuram,10.0,11.013,-12.22
2023-09-26 04:00:00,583,Ramanathapuram,911.5,11.016,-12.2075
2023-09-26 05:00:00,583,Ramanathapuram,440.0,11.015,-12.2075
2023-09-26 06:00:00,583,Ramanathapuram,27.5,11.017,-12.2075
2023-09-26 07:00:00,583,Ramanathapuram,55.0,11.018,-12.2075
2023-09-26 10:00:00,583,Ramanathapuram,1.0,11.001,-12.2135
2023-09-26 14:00:00,583,Ramanathapuram,0.5,11.001,-12.2135
2023-09-26 16:00:00,583,Ramanathapuram,33.5,11.01,-12.2095
2023-09-26 19:00:00,583,Ramanathapuram,107.5,11.014,-12.2095
2023-09-26 20:00:00,583,Ramanathapuram,162.5,11.018,-12.2095
2023-09-26 21:00:00,583,Ramanathapuram,298.5,11.015,-12.2095
2023-09-26 22:00:00,583,Ramanathapuram,448.0,11.015,-12.209
2023-09-26 23:00:00,583,Ramanathapuram,361.5,11.018,-12.209
2023-09-27 00:00:00,583,Ramanathapuram,483.5,11.016,-12.209
2023-09-27 01:00:00,583,Ramanathapuram,42.5,11.019,-12.209
2023-09-27 03:00:00,583,Ramanathapuram,7.0,11.02,-12.209
2023-09-27 05:00:00,583,Ramanathapuram,13.5,11.018,-12.1935
2023-09-27 06:00:00,583,Ramanathapuram,0.5,11.019,-12.1935
2023-09-27 08:00:00,583,Ramanathapuram,2.5,11.007,-12.1935
2023-09-27 09:00:00,583,Ramanathapuram,97.5,10.999,-12.1935
2023-09-27 12:00:00,583,Ramanathapuram,1.5,10.998,-12.2005
2023-09-27 14:00:00,583,Ramanathapuram,59.0,10.997,-12.2005
2023-09-27 15:00:00,583,Ramanathapuram,95.0,11.005,-12.2005
2023-09-27 16:00:00,583,Ramanathapuram,46.5,11.012,-12.253
2023-09-27 18:00:00,583,Ramanathapuram,1.0,11.015,-12.253
2023-09-27 19:00:00,583,Ramanathapuram,10.666666666666666,11.015,-12.253
2023-09-27 20:00:00,583,Ramanathapuram,34.875,11.015,-12.253
2023-09-27 21:00:00,583,Ramanathapuram,32.0,11.015,-12.253
2023-09-27 22:00:00,583,Ramanathapuram,0.5,11.015,-12.19
2023-09-27 23:00:00,583,Ramanathapuram,0.5,11.015,-12.19
2023-09-28 15:00:00,583,Ramanathapuram,3.5,10.987,-12.178999999999998
2023-09-28 17:00:00,583,Ramanathapuram,3.5,11.014,-12.182
2023-10-02 04:00:00,583,Ramanathapuram,593.5,10.953,-12.1295
2023-10-02 05:00:00,583,Ramanathapuram,775.5,10.953,-12.1295
2023-10-02 06:00:00,583,Ramanathapuram,683.5,10.953,-12.1295
2023-10-02 07:00:00,583,Ramanathapuram,624.0,10.953,-12.1295
2023-10-02 08:00:00,583,Ramanathapuram,216.0,10.953,-12.1295
2023-10-02 09:00:00,583,Ramanathapuram,89.0,10.953,-12.1295
2023-10-02 17:00:00,583,Ramanathapuram,25.0,10.924,-12.1225
2023-10-02 18:00:00,583,Ramanathapuram,243.5,10.924,-12.1225
2023-10-02 19:00:00,583,Ramanathapuram,1206.5,10.924,-12.1225
2023-10-03 05:00:00,583,Ramanathapuram,54.0,10.967,-12.119
2023-10-03 06:00:00,583,Ramanathapuram,700.0,10.967,-12.119
2023-10-03 07:00:00,583,Ramanathapuram,213.0,10.967,-12.119
2023-10-03 08:00:00,583,Ramanathapuram,480.5,10.967,-12.119
2023-10-03 09:00:00,583,Ramanathapuram,18.0,10.967,-12.119
2023-10-03 10:00:00,583,Ramanathapuram,129.0,10.967,-12.1205
2023-10-03 11:00:00,583,Ramanathapuram,50.0,10.965,-12.1205
2023-10-03 12:00:00,583,Ramanathapuram,6.5,10.953,-12.1205
2023-10-03 13:00:00,583,Ramanathapuram,10.5,10.969,-12.1205
2023-10-03 14:00:00,583,Ramanathapuram,4.0,10.969,-12.1205
2023-10-03 17:00:00,583,Ramanathapuram,1.0,10.96,-12.108
2023-10-03 18:00:00,583,Ramanathapuram,1.0,10.96,-12.108
2023-10-03 20:00:00,583,Ramanathapuram,1.0,10.96,-12.108
2023-10-03 21:00:00,583,Ramanathapuram,2.0,10.96,-12.108
2023-10-04 04:00:00,583,Ramanathapuram,20.0,10.973,-12.1085
2023-10-04 05:00:00,583,Ramanathapuram,9.0,10.973,-12.1085
2023-10-04 10:00:00,583,Ramanathapuram,7.5,10.973,-12.1065
2023-10-04 19:00:00,583,Ramanathapuram,10.0,10.92,-12.1005
2023-10-05 00:00:00,583,Ramanathapuram,0.5,10.931,-12.1005
2023-10-05 02:00:00,583,Ramanathapuram,6.0,10.938,-12.1005
2023-10-05 06:00:00,583,Ramanathapuram,7.0,10.945,-12.382
2023-10-05 09:00:00,583,Ramanathapuram,1.0,10.979,-12.382
2023-10-05 11:00:00,583,Ramanathapuram,1.0,10.982,-12.1
2023-10-05 12:00:00,583,Ramanathapuram,0.5,10.979,-12.1
2023-10-05 14:05:00,583,Ramanathapuram,2.0,10.971,-12.1
2023-10-05 14:10:00,583,Ramanathapuram,5.0,10.971,-12.1
2023-10-05 14:15:00,583,Ramanathapuram,9.0,10.971,-12.1
2023-10-05 14:20:00,583,Ramanathapuram,9.0,10.971,-12.1
2023-10-05 14:25:00,583,Ramanathapuram,9.0,10.971,-12.1
2023-10-05 14:30:00,583,Ramanathapuram,9.0,10.971,-12.1
2023-10-05 14:35:00,583,Ramanathapuram,9.0,10.887,-12.1
2023-10-05 14:40:00,583,Ramanathapuram,9.0,10.887,-12.1
2023-10-05 14:45:00,583,Ramanathapuram,9.0,10.887,-12.1
2023-10-05 14:50:00,583,Ramanathapuram,9.0,10.887,-12.1
2023-10-05 14:55:00,583,Ramanathapuram,9.0,10.887,-12.1
2023-10-05 15:00:00,583,Ramanathapuram,4.75,10.887,-12.1
2023-10-05 15:05:00,583,Ramanathapuram,0.5,10.887,-12.079
2023-10-05 15:10:00,583,Ramanathapuram,0.5,10.887,-12.079
2023-10-05 15:15:00,583,Ramanathapuram,0.5,10.887,-12.079
2023-10-05 15:20:00,583,Ramanathapuram,0.5,10.887,-12.079
2023-10-05 15:25:00,583,Ramanathapuram,0.5,10.887,-12.079
2023-10-05 15:30:00,583,Ramanathapuram,0.5,10.887,-12.079
2023-10-05 15:35:00,583,Ramanathapuram,0.5,10.884,-12.079
2023-10-05 15:40:00,583,Ramanathapuram,0.5,10.884,-12.079
2023-10-05 15:45:00,583,Ramanathapuram,0.5,10.884,-12.079
2023-10-05 15:50:00,583,Ramanathapuram,0.5,10.884,-12.079
2023-10-05 15:55:00,583,Ramanathapuram,0.5,10.884,-12.079
2023-10-05 16:00:00,583,Ramanathapuram,0.5,10.884,-12.079
2023-10-05 18:00:00,583,Ramanathapuram,0.5,10.913,-12.079
2023-10-05 19:00:00,583,Ramanathapuram,13.5,10.91,-12.079
2023-10-05 20:00:00,583,Ramanathapuram,218.0,10.926,-12.079
2023-10-05 21:00:00,583,Ramanathapuram,35.0,10.899,-12.079
2023-10-05 22:00:00,583,Ramanathapuram,0.5,10.901,-12.078
2023-10-05 23:00:00,583,Ramanathapuram,47.5,10.912,-12.078
2023-10-06 00:00:00,583,Ramanathapuram,153.0,10.918,-12.078
2023-10-06 01:00:00,583,Ramanathapuram,428.5,10.925,-12.078
2023-10-06 02:00:00,583,Ramanathapuram,60.0,10.936,-12.078
2023-10-06 03:00:00,583,Ramanathapuram,58.0,10.943,-12.078
2023-10-06 04:00:00,583,Ramanathapuram,18.0,10.944,-12.075499999999998
2023-10-06 05:00:00,583,Ramanathapuram,1.5,10.943,-12.075499999999998
2023-10-06 06:00:00,583,Ramanathapuram,0.5,10.946,-12.075499999999998
2023-10-06 07:00:00,583,Ramanathapuram,45.0,10.959,-12.075499999999998
2023-10-06 08:00:00,583,Ramanathapuram,78.5,10.977,-12.075499999999998
2023-10-06 09:00:00,583,Ramanathapuram,110.0,10.987,-12.075499999999998
2023-10-06 10:00:00,583,Ramanathapuram,13.0,10.979,-12.084
2023-10-06 11:00:00,583,Ramanathapuram,1.5,10.977,-12.084
2023-10-06 14:00:00,583,Ramanathapuram,2.0,10.976,-12.084
2023-10-06 14:40:00,583,Ramanathapuram,0.5,10.964,-12.084
2023-10-06 14:45:00,583,Ramanathapuram,0.5,10.964,-12.084
2023-10-06 14:50:00,583,Ramanathapuram,0.5,10.964,-12.084
2023-10-06 14:55:00,583,Ramanathapuram,0.5,10.964,-12.084
2023-10-06 15:00:00,583,Ramanathapuram,3.75,10.964,-12.084
2023-10-06 16:00:00,583,Ramanathapuram,20.0,10.904,-12.071
2023-10-06 16:10:00,583,Ramanathapuram,0.5,10.904,-12.071
2023-10-06 16:15:00,583,Ramanathapuram,1.5,10.904,-12.071
2023-10-06 16:20:00,583,Ramanathapuram,1.5,10.904,-12.071
2023-10-06 16:25:00,583,Ramanathapuram,2.0,10.904,-12.071
2023-10-06 16:30:00,583,Ramanathapuram,2.5,10.904,-12.071
2023-10-06 16:35:00,583,Ramanathapuram,3.0,10.905,-12.071
2023-10-06 16:40:00,583,Ramanathapuram,3.5,10.905,-12.071
2023-10-06 16:45:00,583,Ramanathapuram,3.5,10.905,-12.071
2023-10-06 16:50:00,583,Ramanathapuram,3.5,10.905,-12.071
2023-10-06 16:55:00,583,Ramanathapuram,3.5,10.905,-12.071
2023-10-06 17:00:00,583,Ramanathapuram,3.5,10.905,-12.071
2023-10-06 17:10:00,583,Ramanathapuram,0.5,10.905,-12.071
2023-10-06 18:00:00,583,Ramanathapuram,0.5,10.916,-12.071
2023-10-06 22:00:00,583,Ramanathapuram,0.5,10.941,-12.0645
2023-10-06 23:00:00,583,Ramanathapuram,4.0,10.949,-12.0645
2023-10-07 00:00:00,583,Ramanathapuram,1.0,10.952,-12.0645
2023-10-07 01:00:00,583,Ramanathapuram,10.5,10.955,-12.0645
2023-10-07 02:00:00,583,Ramanathapuram,50.0,10.958,-12.0645
2023-10-07 03:00:00,583,Ramanathapuram,82.0,10.96,-12.0645
2023-10-07 04:00:00,583,Ramanathapuram,41.5,10.961,-12.0595
2023-10-07 05:00:00,583,Ramanathapuram,214.5,10.964,-12.0595
2023-10-07 06:00:00,583,Ramanathapuram,52.0,10.968,-12.0595
2023-10-07 07:00:00,583,Ramanathapuram,573.5,10.993,-12.0595
2023-10-07 08:00:00,583,Ramanathapuram,423.5,10.997,-12.0595
2023-10-07 09:00:00,583,Ramanathapuram,1522.5,10.995,-12.0595
2023-10-07 10:00:00,583,Ramanathapuram,675.0,10.985,-12.058
2023-10-07 11:00:00,583,Ramanathapuram,519.5,10.984,-12.058
2023-10-07 12:00:00,583,Ramanathapuram,914.0,10.993,-12.058
2023-10-07 13:00:00,583,Ramanathapuram,755.5,10.992,-12.058
2023-10-07 14:00:00,583,Ramanathapuram,47.5,10.98,-12.058
2023-10-07 15:00:00,583,Ramanathapuram,679.0,10.931,-12.058
2023-10-07 16:00:00,583,Ramanathapuram,46.75,10.931,-12.2065
2023-10-07 17:00:00,583,Ramanathapuram,41.25,10.931,-12.2065
2023-10-07 18:00:00,583,Ramanathapuram,209.5,10.931,-12.2065
2023-10-07 19:00:00,583,Ramanathapuram,171.5,10.931,-12.2065
2023-10-07 20:00:00,583,Ramanathapuram,765.5,10.931,-12.2065
2023-10-07 21:00:00,583,Ramanathapuram,125.0,10.931,-12.2065
2023-10-09 05:00:00,583,Ramanathapuram,1397.0,10.992,-12.046
2023-10-09 06:00:00,583,Ramanathapuram,372.0,10.992,-12.046
2023-10-09 07:00:00,583,Ramanathapuram,585.5,10.992,-12.046
2023-10-09 08:00:00,583,Ramanathapuram,941.5,10.992,-12.046
2023-10-09 09:00:00,583,Ramanathapuram,934.0,10.992,-12.046
2023-10-09 10:00:00,583,Ramanathapuram,437.0,10.992,-12.051
2023-10-09 11:00:00,583,Ramanathapuram,87.5,10.992,-12.051
2023-10-09 12:00:00,583,Ramanathapuram,583.5,10.992,-12.051
2023-10-09 13:00:00,583,Ramanathapuram,1030.0,10.992,-12.051
2023-10-09 14:00:00,583,Ramanathapuram,274.5,10.953,-12.051
2023-10-09 15:00:00,583,Ramanathapuram,843.0,10.953,-12.051
2023-10-09 16:00:00,583,Ramanathapuram,413.0,10.953,-12.07
2023-10-09 17:00:00,583,Ramanathapuram,647.5,10.953,-12.07
2023-10-09 18:00:00,583,Ramanathapuram,7.0,10.953,-12.07
2023-10-09 19:00:00,583,Ramanathapuram,63.0,10.953,-12.07
2023-10-09 20:00:00,583,Ramanathapuram,24.5,10.953,-12.07
2023-10-09 21:00:00,583,Ramanathapuram,23.0,10.953,-12.07
2023-10-09 22:00:00,583,Ramanathapuram,15.0,10.953,-12.052
2023-10-10 02:00:00,583,Ramanathapuram,9.5,11.005,-12.052
2023-10-10 03:00:00,583,Ramanathapuram,255.0,11.005,-12.052
2023-10-10 04:00:00,583,Ramanathapuram,1634.0,11.005,-12.0415
2023-10-10 05:00:00,583,Ramanathapuram,834.0,11.005,-12.0415
2023-10-10 06:00:00,583,Ramanathapuram,709.0,11.005,-12.0415
2023-10-10 07:00:00,583,Ramanathapuram,434.0,11.005,-12.0415
2023-10-10 08:00:00,583,Ramanathapuram,52.0,11.005,-12.0415
2023-10-10 09:00:00,583,Ramanathapuram,51.0,11.004,-12.0415
2023-10-10 10:00:00,583,Ramanathapuram,0.5,11.001,-12.044
2023-10-10 11:00:00,583,Ramanathapuram,1.0,10.978,-12.044
2023-10-10 13:00:00,583,Ramanathapuram,2.0,10.961,-12.044
2023-10-10 14:00:00,583,Ramanathapuram,7.0,10.96,-12.044
2023-10-10 15:00:00,583,Ramanathapuram,4.25,10.94,-12.044
2023-10-10 16:00:00,583,Ramanathapuram,9.0,10.94,-12.071
2023-10-10 18:00:00,583,Ramanathapuram,1.0,10.939,-12.071
2023-10-10 19:00:00,583,Ramanathapuram,4.0,10.948,-12.071
2023-10-10 21:00:00,583,Ramanathapuram,2.0,10.956,-12.071
2023-10-10 22:00:00,583,Ramanathapuram,0.5,10.956,-12.039
2023-10-10 23:00:00,583,Ramanathapuram,3.5,10.964,-12.039
2023-10-11 00:00:00,583,Ramanathapuram,2.5,10.962,-12.039
2023-10-11 01:00:00,583,Ramanathapuram,1.5,10.964,-12.039
2023-10-11 03:00:00,583,Ramanathapuram,34.5,10.966,-12.039
2023-10-11 05:00:00,583,Ramanathapuram,27.5,10.966,-12.0265
2023-10-11 06:00:00,583,Ramanathapuram,357.5,10.966,-12.0265
2023-10-11 07:00:00,583,Ramanathapuram,240.0,11.002,-12.0265
2023-10-11 08:00:00,583,Ramanathapuram,188.0,11.002,-12.0265
2023-10-11 09:00:00,583,Ramanathapuram,5.0,11.002,-12.0265
2023-10-11 10:00:00,583,Ramanathapuram,16.5,10.996,-12.0295
2023-10-11 12:00:00,583,Ramanathapuram,4.0,10.966,-12.0295
2023-10-11 13:00:00,583,Ramanathapuram,19.25,10.966,-12.0295
2023-10-11 14:00:00,583,Ramanathapuram,8.75,10.966,-12.0295
2023-10-11 15:00:00,583,Ramanathapuram,3.0,10.966,-12.0295
2023-10-11 16:00:00,583,Ramanathapuram,0.5,10.966,-12.0495
2023-10-11 17:00:00,583,Ramanathapuram,0.5,10.966,-12.0495
2023-10-11 18:00:00,583,Ramanathapuram,1.5,10.966,-12.0495
2023-10-14 08:00:00,583,Ramanathapuram,38.5,10.994,-11.992
2023-10-14 09:00:00,583,Ramanathapuram,0.5,10.994,-11.992
2023-10-14 11:00:00,583,Ramanathapuram,11.5,10.994,-12.001
2023-10-14 12:00:00,583,Ramanathapuram,1.5,10.994,-12.001
2023-10-14 16:00:00,583,Ramanathapuram,1.5,10.937,-11.9875
2023-10-16 03:00:00,583,Ramanathapuram,0.5,10.98,-11.982
2023-10-16 04:00:00,583,Ramanathapuram,4.25,10.98,-11.9575
2023-10-16 05:00:00,583,Ramanathapuram,24.875,10.98,-11.9575
2023-10-16 06:00:00,583,Ramanathapuram,14.5,10.98,-11.9575
2023-10-16 07:00:00,583,Ramanathapuram,14.25,11.005,-11.9575
2023-10-16 08:00:00,583,Ramanathapuram,9.416666666666666,11.005,-11.9575
2023-10-16 09:00:00,583,Ramanathapuram,2.0,11.005,-11.9575
2023-10-16 10:00:00,583,Ramanathapuram,0.5,11.005,-11.962
2023-10-16 11:00:00,583,Ramanathapuram,0.75,11.005,-11.962
2023-10-16 16:00:00,583,Ramanathapuram,0.75,11.003,-11.9695
2023-10-17 10:00:00,583,Ramanathapuram,0.5,11.0,-11.953
2023-10-17 13:00:00,583,Ramanathapuram,51.5,10.926,-11.953
2023-10-17 14:00:00,583,Ramanathapuram,3.5,10.926,-11.953
2023-10-17 15:00:00,583,Ramanathapuram,3.5,10.926,-11.953
2023-10-17 16:00:00,583,Ramanathapuram,3.1666666666666665,10.926,-11.9845
2023-10-17 18:00:00,583,Ramanathapuram,0.5,10.94,-11.9845
2023-10-17 19:00:00,583,Ramanathapuram,0.5,10.947,-11.9845
2023-10-19 13:00:00,583,Ramanathapuram,0.5,10.946,-11.9285
2023-10-19 16:00:00,583,Ramanathapuram,1.5,10.946,-12.181
2023-10-20 10:00:00,583,Ramanathapuram,0.5,11.002,-11.93
2023-10-21 23:00:00,583,Ramanathapuram,0.5,10.951,-11.890999999999998
2023-10-22 00:00:00,583,Ramanathapuram,16.0,10.962,-11.890999999999998
2023-10-22 06:00:00,583,Ramanathapuram,3.5,10.966,-11.890999999999998
2023-10-22 12:00:00,583,Ramanathapuram,2.0,10.987,-11.890999999999998
2023-10-22 14:00:00,583,Ramanathapuram,2.25,10.975,-11.890999999999998
2023-10-22 15:00:00,583,Ramanathapuram,13.5,10.927,-11.890999999999998
2023-10-22 16:00:00,583,Ramanathapuram,42.5,10.934,-11.890999999999998
2023-10-22 18:00:00,583,Ramanathapuram,137.5,10.95,-11.890999999999998
2023-10-22 19:00:00,583,Ramanathapuram,165.0,10.956,-11.890999999999998
2023-10-22 20:00:00,583,Ramanathapuram,101.0,10.964,-11.890999999999998
2023-10-22 21:00:00,583,Ramanathapuram,39.0,10.97,-11.890999999999998
2023-10-23 00:00:00,583,Ramanathapuram,0.5,10.985,-11.890999999999998
2023-10-23 12:00:00,583,Ramanathapuram,2.0,10.994,-11.890999999999998
2023-10-23 13:00:00,583,Ramanathapuram,40.0,10.993,-11.890999999999998
2023-10-23 14:00:00,583,Ramanathapuram,3.5,10.993,-11.890999999999998
2023-10-23 15:00:00,583,Ramanathapuram,0.75,10.938,-11.890999999999998
2023-10-23 16:00:00,583,Ramanathapuram,0.5,10.938,-11.890999999999998
2023-10-23 17:00:00,583,Ramanathapuram,6.0,10.938,-11.890999999999998
2023-10-23 18:00:00,583,Ramanathapuram,101.5,10.938,-11.890999999999998
2023-10-24 05:00:00,583,Ramanathapuram,0.5,10.995,-11.8845
2023-10-24 11:00:00,583,Ramanathapuram,1.5,10.989,-11.9175
2023-10-24 12:00:00,583,Ramanathapuram,0.5,10.976,-11.9175
2023-10-24 13:00:00,583,Ramanathapuram,1.0,10.976,-11.9175
2023-10-24 14:00:00,583,Ramanathapuram,1.5,10.976,-11.9175
2023-10-24 15:00:00,583,Ramanathapuram,0.5,10.976,-11.9175
2023-10-24 16:00:00,583,Ramanathapuram,0.5,10.976,-11.8795
2023-10-24 17:00:00,583,Ramanathapuram,0.5,10.976,-11.8795
2023-10-25 04:00:00,583,Ramanathapuram,24.0,11.0,-11.8735
2023-10-25 05:00:00,583,Ramanathapuram,18.5,11.0,-11.8735
2023-10-25 06:00:00,583,Ramanathapuram,3.0,11.0,-11.8735
2023-10-25 07:00:00,583,Ramanathapuram,3.0,11.0,-11.8735
2023-10-25 09:00:00,583,Ramanathapuram,14.0,11.0,-11.8735
2023-10-25 10:00:00,583,Ramanathapuram,2.0,10.997,-11.876
2023-10-25 11:00:00,583,Ramanathapuram,1.5,10.989,-11.876
2023-10-25 12:00:00,583,Ramanathapuram,2.25,10.989,-11.876
2023-10-25 13:00:00,583,Ramanathapuram,6.0,10.989,-11.876
2023-10-25 14:00:00,583,Ramanathapuram,3.5,10.989,-11.876
2023-10-25 15:00:00,583,Ramanathapuram,5.75,10.989,-11.876
2023-10-25 16:00:00,583,Ramanathapuram,61.0,10.989,-11.855
2023-10-25 17:00:00,583,Ramanathapuram,1.0,10.972,-11.855
2023-10-25 23:00:00,583,Ramanathapuram,0.5,10.975,-11.8675
2023-10-26 00:00:00,583,Ramanathapuram,4.5,10.975,-11.8675
2023-10-26 05:00:00,583,Ramanathapuram,0.5,10.985,-11.854
2023-10-26 08:00:00,583,Ramanathapuram,7.0,10.985,-11.854
2023-10-26 09:00:00,583,Ramanathapuram,12.0,10.995,-11.854
2023-10-26 10:00:00,583,Ramanathapuram,10.0,10.995,-11.8615
2023-10-26 11:00:00,583,Ramanathapuram,10.25,10.995,-11.8615
2023-10-26 12:00:00,583,Ramanathapuram,21.0,10.989,-11.8615
2023-10-26 13:00:00,583,Ramanathapuram,19.0,10.976,-11.8615
2023-10-26 14:00:00,583,Ramanathapuram,3.5,10.958,-11.8615
2023-10-26 15:00:00,583,Ramanathapuram,110.0,10.956,-11.8615
2023-10-26 16:00:00,583,Ramanathapuram,3.0,10.956,-11.845
2023-10-27 08:00:00,583,Ramanathapuram,8.5,11.001,-11.8385
2023-10-27 09:00:00,583,Ramanathapuram,2.0,11.001,-11.8385
2023-10-27 10:00:00,583,Ramanathapuram,33.5,11.001,-11.8635
2023-10-27 11:00:00,583,Ramanathapuram,173.5,11.001,-11.8635
2023-10-27 12:00:00,583,Ramanathapuram,143.0,11.0,-11.8635
2023-10-27 13:00:00,583,Ramanathapuram,95.0,10.999,-11.8635
2023-10-27 14:00:00,583,Ramanathapuram,35.0,10.997,-11.8635
2023-10-27 15:00:00,583,Ramanathapuram,43.5,10.989,-11.8635
2023-10-27 16:00:00,583,Ramanathapuram,19.5,10.989,-11.8365
2023-10-28 08:00:00,583,Ramanathapuram,9.0,10.992,-11.8305
2023-10-28 09:00:00,583,Ramanathapuram,98.0,10.999,-11.8305
2023-10-28 10:00:00,583,Ramanathapuram,313.0,11.0,-11.845
2023-10-28 11:00:00,583,Ramanathapuram,1297.5,11.001,-11.845
2023-10-28 12:00:00,583,Ramanathapuram,9.75,11.0,-11.845
2023-10-28 13:00:00,583,Ramanathapuram,39.0,10.982,-11.845
2023-10-28 14:00:00,583,Ramanathapuram,98.5,10.946,-11.845
2023-10-28 15:00:00,583,Ramanathapuram,35.75,10.944,-11.845
2023-10-29 00:00:00,583,Ramanathapuram,141.0,10.983,-11.8455
2023-10-29 07:00:00,583,Ramanathapuram,23.0,10.999,-11.825
2023-10-29 08:00:00,583,Ramanathapuram,16.0,10.999,-11.825
2023-10-29 09:00:00,583,Ramanathapuram,36.0,10.999,-11.825
2023-10-29 10:00:00,583,Ramanathapuram,129.0,10.999,-11.835
2023-10-29 11:00:00,583,Ramanathapuram,598.0,10.999,-11.835
2023-10-29 12:00:00,583,Ramanathapuram,172.0,10.999,-11.835
2023-10-29 13:00:00,583,Ramanathapuram,214.75,10.961,-11.835
2023-10-29 14:00:00,583,Ramanathapuram,381.0,10.961,-11.835
2023-10-29 15:00:00,583,Ramanathapuram,0.5,10.961,-11.835
2023-10-29 16:00:00,583,Ramanathapuram,54.5,10.959,-11.9055
2023-10-30 03:00:00,583,Ramanathapuram,0.5,10.988,-11.838
2023-10-30 04:00:00,583,Ramanathapuram,9.25,10.997,-11.8165
2023-10-30 05:00:00,583,Ramanathapuram,0.8333333333333334,11.002,-11.8165
2023-10-30 06:00:00,583,Ramanathapuram,3.8333333333333335,11.001,-11.8165
2023-10-30 07:00:00,583,Ramanathapuram,3.0,11.001,-11.8165
2023-10-30 08:00:00,583,Ramanathapuram,2.2,11.001,-11.8165
2023-10-30 09:00:00,583,Ramanathapuram,24.75,11.001,-11.8165
2023-10-30 10:00:00,583,Ramanathapuram,0.75,11.001,-11.816
2023-10-30 11:00:00,583,Ramanathapuram,69.0,11.001,-11.816
2023-10-30 12:00:00,583,Ramanathapuram,0.5,11.001,-11.816
2023-10-30 21:00:00,583,Ramanathapuram,0.5,10.991,-11.801
2023-10-30 22:00:00,583,Ramanathapuram,2.5,10.991,-11.818
2023-10-30 23:00:00,583,Ramanathapuram,1.0,10.991,-11.818
2023-10-31 00:00:00,583,Ramanathapuram,3.5,10.991,-11.818
2023-10-31 04:00:00,583,Ramanathapuram,0.5,11.001,-11.7965
2023-10-31 06:00:00,583,Ramanathapuram,0.5,11.003,-11.7965
2023-10-31 08:00:00,583,Ramanathapuram,182.0,11.013,-11.7965
2023-10-31 11:00:00,583,Ramanathapuram,248.0,11.005,-11.805
2023-10-31 12:00:00,583,Ramanathapuram,1562.0,11.005,-11.805
2023-10-31 13:00:00,583,Ramanathapuram,2246.5,11.002,-11.805
2023-10-31 14:00:00,583,Ramanathapuram,1205.0,11.003,-11.805
2023-10-31 15:00:00,583,Ramanathapuram,164.75,11.002,-11.805
2023-10-31 16:00:00,583,Ramanathapuram,904.5,11.003,-11.9495
2023-10-31 17:00:00,583,Ramanathapuram,19.5,11.003,-11.9495
2023-10-31 20:00:00,583,Ramanathapuram,0.5,10.966,-11.9495
2023-10-31 23:00:00,583,Ramanathapuram,0.5,10.977,-11.81
2023-11-01 00:00:00,583,Ramanathapuram,0.5,10.982,-11.81
2023-11-01 02:00:00,583,Ramanathapuram,5.0,10.981,-11.81
2023-11-01 03:00:00,583,Ramanathapuram,0.5,10.984,-11.81
2023-11-01 07:00:00,583,Ramanathapuram,0.5,11.004,-11.793500000000002
2023-11-01 08:00:00,583,Ramanathapuram,541.0,11.006,-11.793500000000002
2023-11-01 09:00:00,583,Ramanathapuram,16.0,11.007,-11.793500000000002
2023-11-01 10:00:00,583,Ramanathapuram,1359.5,11.006,-11.795
2023-11-01 11:00:00,583,Ramanathapuram,531.3333333333334,11.003,-11.795
2023-11-01 12:00:00,583,Ramanathapuram,1159.0,11.003,-11.795
2023-11-01 13:00:00,583,Ramanathapuram,748.5,11.001,-11.795
2023-11-01 14:00:00,583,Ramanathapuram,477.5,10.999,-11.795
2023-11-01 15:00:00,583,Ramanathapuram,309.5,11.0,-11.795
2023-11-01 16:00:00,583,Ramanathapuram,60.0,10.991,-11.787
2023-11-01 17:00:00,583,Ramanathapuram,48.0,10.972,-11.787
2023-11-01 18:00:00,583,Ramanathapuram,72.0,10.965,-11.787
2023-11-01 19:00:00,583,Ramanathapuram,9.75,10.965,-11.787
2023-11-01 20:00:00,583,Ramanathapuram,10.5,10.965,-11.787
2023-11-01 21:00:00,583,Ramanathapuram,11.5,10.965,-11.787
2023-11-01 22:00:00,583,Ramanathapuram,1.5,10.965,-11.785
2023-11-01 23:00:00,583,Ramanathapuram,4.0,10.98,-11.785
2023-11-02 00:00:00,583,Ramanathapuram,0.75,10.98,-11.785
2023-11-02 01:00:00,583,Ramanathapuram,0.5,10.98,-11.785
2023-11-02 04:00:00,583,Ramanathapuram,0.5,10.99,-11.772
2023-11-02 05:00:00,583,Ramanathapuram,0.5,11.0,-11.772
2023-11-02 06:00:00,583,Ramanathapuram,1.75,11.002,-11.772
2023-11-02 07:00:00,583,Ramanathapuram,4.5,11.003,-11.772
2023-11-02 08:00:00,583,Ramanathapuram,10.0,11.006,-11.772
2023-11-02 09:00:00,583,Ramanathapuram,25.0,11.006,-11.772
2023-11-02 10:00:00,583,Ramanathapuram,0.5,11.011,-11.7695
2023-11-02 11:00:00,583,Ramanathapuram,15.5,11.01,-11.7695
2023-11-02 12:00:00,583,Ramanathapuram,771.0,11.009,-11.7695
2023-11-02 13:00:00,583,Ramanathapuram,167.66666666666666,11.002,-11.7695
2023-11-02 14:00:00,583,Ramanathapuram,452.5,11.001,-11.7695
2023-11-02 15:00:00,583,Ramanathapuram,204.75,11.004,-11.7695
2023-11-02 16:00:00,583,Ramanathapuram,15.833333333333334,11.004,-11.7565
2023-11-02 17:00:00,583,Ramanathapuram,9.0,10.973,-11.7565
2023-11-02 18:00:00,583,Ramanathapuram,35.5,10.977,-11.7565
2023-11-02 19:00:00,583,Ramanathapuram,1.0,10.977,-11.7565
2023-11-02 20:00:00,583,Ramanathapuram,26.5,10.978,-11.7565
2023-11-02 21:00:00,583,Ramanathapuram,99.0,10.978,-11.7565
2023-11-02 22:00:00,583,Ramanathapuram,30.0,10.982,-11.7545
2023-11-02 23:00:00,583,Ramanathapuram,29.0,10.982,-11.7545
2023-11-03 00:00:00,583,Ramanathapuram,143.5,10.989,-11.7545
2023-11-03 01:00:00,583,Ramanathapuram,182.0,10.988,-11.7545
2023-11-03 02:00:00,583,Ramanathapuram,134.0,10.988,-11.7545
2023-11-03 03:00:00,583,Ramanathapuram,27.0,10.991,-11.7545
2023-11-03 04:00:00,583,Ramanathapuram,78.0,10.993,-11.746
2023-11-03 05:00:00,583,Ramanathapuram,65.33333333333333,10.993,-11.746
2023-11-03 06:00:00,583,Ramanathapuram,18.75,11.001,-11.746
2023-11-03 08:00:00,583,Ramanathapuram,6.5,11.011,-11.746
2023-11-03 09:00:00,583,Ramanathapuram,35.0,11.012,-11.746
2023-11-03 12:00:00,583,Ramanathapuram,1753.5,11.004,-11.7425
2023-11-03 13:00:00,583,Ramanathapuram,548.0,11.002,-11.7425
2023-11-03 14:00:00,583,Ramanathapuram,282.0,11.003,-11.7425
2023-11-03 15:00:00,583,Ramanathapuram,19.5,11.005,-11.7425
2023-11-03 16:00:00,583,Ramanathapuram,1041.5,11.001,-11.7525
2023-11-03 17:00:00,583,Ramanathapuram,308.0,11.001,-11.7525
2023-11-03 18:00:00,583,Ramanathapuram,187.5,11.001,-11.7525
2023-11-03 19:00:00,583,Ramanathapuram,148.875,0.153,-11.7525
2023-11-03 20:00:00,583,Ramanathapuram,10.0,0.153,-11.7525
2023-11-03 21:00:00,583,Ramanathapuram,50.833333333333336,0.153,-11.7525
2023-11-03 22:00:00,583,Ramanathapuram,96.66666666666669,0.475,-11.724
2023-11-03 23:00:00,583,Ramanathapuram,66.33333333333333,0.699,-11.724
2023-11-04 00:00:00,583,Ramanathapuram,1.3333333333333333,0.779,-11.724
2023-11-04 01:00:00,583,Ramanathapuram,2.125,0.822,-11.724
2023-11-04 02:00:00,583,Ramanathapuram,2.333333333333333,0.814,-11.724
2023-11-04 03:00:00,583,Ramanathapuram,0.75,0.844,-11.724
2023-11-04 07:00:00,583,Ramanathapuram,1.0,0.929,-11.711
2023-11-04 08:00:00,583,Ramanathapuram,0.75,0.973,-11.711
2023-11-04 09:00:00,583,Ramanathapuram,2.5,1.013,-11.711
2023-11-04 10:00:00,583,Ramanathapuram,254.0,1.042,-11.7055
2023-11-04 11:00:00,583,Ramanathapuram,38.0,1.067,-11.7055
2023-11-04 12:00:00,583,Ramanathapuram,525.75,1.088,-11.7055
2023-11-04 13:00:00,583,Ramanathapuram,1550.0,1.1,-11.7055
2023-11-04 14:00:00,583,Ramanathapuram,493.5,1.111,-11.7055
2023-11-04 15:00:00,583,Ramanathapuram,57.5,1.113,-11.7055
2023-11-04 16:00:00,583,Ramanathapuram,165.0,1.117,-11.7
2023-11-04 17:00:00,583,Ramanathapuram,182.66666666666663,1.11,-11.7
2023-11-04 18:00:00,583,Ramanathapuram,392.5,1.102,-11.7
2023-11-04 19:00:00,583,Ramanathapuram,295.25,1.093,-11.7
2023-11-04 20:00:00,583,Ramanathapuram,195.8333333333333,1.084,-11.7
2023-11-04 21:00:00,583,Ramanathapuram,64.66666666666667,1.074,-11.7
2023-11-04 22:00:00,583,Ramanathapuram,177.875,1.066,-11.692
2023-11-04 23:00:00,583,Ramanathapuram,94.75,1.063,-11.692
2023-11-05 01:00:00,583,Ramanathapuram,151.25,1.054,-11.692
2023-11-05 02:00:00,583,Ramanathapuram,236.0,1.027,-11.692
2023-11-05 03:00:00,583,Ramanathapuram,127.375,1.031,-11.692
2023-11-05 04:00:00,583,Ramanathapuram,40.7,1.02,-11.653
2023-11-05 05:00:00,583,Ramanathapuram,0.75,1.011,-11.653
2023-11-05 06:00:00,583,Ramanathapuram,0.5,1.001,-11.653
2023-11-05 07:00:00,583,Ramanathapuram,0.5,0.997,-11.653
2023-11-05 08:00:00,583,Ramanathapuram,93.0,0.989,-11.653
2023-11-05 09:00:00,583,Ramanathapuram,198.5,0.974,-11.653
2023-11-05 10:00:00,583,Ramanathapuram,566.75,0.96,-11.6475
2023-11-05 11:00:00,583,Ramanathapuram,345.5,0.946,-11.6475
2023-11-05 12:00:00,583,Ramanathapuram,306.0,0.93,-11.6475
2023-11-05 13:00:00,583,Ramanathapuram,1.75,0.917,-11.6475
2023-11-05 14:00:00,583,Ramanathapuram,10.333333333333334,0.903,-11.6475
2023-11-05 15:00:00,583,Ramanathapuram,7.5,0.875,-11.6475
2023-11-05 16:00:00,583,Ramanathapuram,1.0,0.848,-11.6215
2023-11-05 17:00:00,583,Ramanathapuram,145.0,0.824,-11.6215
2023-11-05 18:00:00,583,Ramanathapuram,21.33333333333333,0.804,-11.6215
2023-11-05 19:00:00,583,Ramanathapuram,7.75,0.795,-11.6215
2023-11-05 20:00:00,583,Ramanathapuram,75.5,0.786,-11.6215
2023-11-05 21:00:00,583,Ramanathapuram,399.0,0.779,-11.6215
2023-11-05 22:00:00,583,Ramanathapuram,355.75,0.775,-11.6265
2023-11-05 23:00:00,583,Ramanathapuram,24.75,0.769,-11.6265
2023-11-06 00:00:00,583,Ramanathapuram,499.5,0.764,-11.6265
2023-11-06 01:00:00,583,Ramanathapuram,343.0,0.758,-11.6265
2023-11-06 02:00:00,583,Ramanathapuram,258.75,0.76,-11.6265
2023-11-06 03:00:00,583,Ramanathapuram,0.5,0.761,-11.6265
2023-11-06 04:00:00,583,Ramanathapuram,4.5,0.757,-11.6135
2023-11-06 05:00:00,583,Ramanathapuram,320.0,0.749,-11.6135
2023-11-06 06:00:00,583,Ramanathapuram,313.75,0.742,-11.6135
2023-11-06 07:00:00,583,Ramanathapuram,504.3333333333333,0.738,-11.6135
2023-11-06 08:00:00,583,Ramanathapuram,338.5,0.732,-11.6135
2023-11-06 09:00:00,583,Ramanathapuram,1014.5,0.722,-11.6135
2023-11-06 10:00:00,583,Ramanathapuram,63.5,0.706,-11.606000000000002
2023-11-06 11:00:00,583,Ramanathapuram,112.5,0.71,-11.606000000000002
2023-11-06 13:00:00,583,Ramanathapuram,14.75,0.683,-11.606000000000002
2023-11-06 15:00:00,583,Ramanathapuram,13.75,0.668,-11.606000000000002
2023-11-06 16:00:00,583,Ramanathapuram,11.75,0.651,-11.6665
2023-11-06 17:00:00,583,Ramanathapuram,2.0,0.632,-11.6665
2023-11-06 18:00:00,583,Ramanathapuram,1.5,0.618,-11.6665
2023-11-07 00:00:00,583,Ramanathapuram,5.5,0.566,-11.6025
2023-11-07 01:00:00,583,Ramanathapuram,5.333333333333333,0.553,-11.6025
2023-11-07 02:00:00,583,Ramanathapuram,2.1666666666666665,0.555,-11.6025
2023-11-07 03:00:00,583,Ramanathapuram,3.75,0.567,-11.6025
2023-11-07 04:00:00,583,Ramanathapuram,55.5,0.559,-11.572
2023-11-07 05:00:00,583,Ramanathapuram,99.375,0.551,-11.572
2023-11-07 06:00:00,583,Ramanathapuram,8.1,0.563,-11.572
2023-11-07 07:00:00,583,Ramanathapuram,44.4,0.573,-11.572
2023-11-07 08:00:00,583,Ramanathapuram,474.0,0.576,-11.572
2023-11-07 09:00:00,583,Ramanathapuram,36.0,0.581,-11.572
2023-11-07 10:00:00,583,Ramanathapuram,121.5,0.582,-11.561
2023-11-07 11:00:00,583,Ramanathapuram,58.0,0.582,-11.561
2023-11-07 13:00:00,583,Ramanathapuram,129.0,0.572,-11.561
2023-11-07 14:00:00,583,Ramanathapuram,296.6666666666667,0.559,-11.561
2023-11-07 15:00:00,583,Ramanathapuram,20.0,0.57,-11.561
2023-11-07 18:00:00,583,Ramanathapuram,104.5,0.532,-11.7035
2023-11-07 19:00:00,583,Ramanathapuram,384.0,0.54,-11.7035
2023-11-07 20:00:00,583,Ramanathapuram,162.25,0.532,-11.7035
2023-11-07 21:00:00,583,Ramanathapuram,856.0,0.527,-11.7035
2023-11-07 22:00:00,583,Ramanathapuram,111.25,0.518,-11.5565
2023-11-07 23:00:00,583,Ramanathapuram,250.5,0.514,-11.5565
2023-11-08 00:00:00,583,Ramanathapuram,254.5,0.506,-11.5565
2023-11-08 03:00:00,583,Ramanathapuram,0.5,0.485,-11.5565
2023-11-08 04:00:00,583,Ramanathapuram,0.5,0.482,-11.5405
2023-11-08 07:00:00,583,Ramanathapuram,181.5,0.462,-11.5405
2023-11-08 08:00:00,583,Ramanathapuram,288.5,0.458,-11.5405
2023-11-08 09:00:00,583,Ramanathapuram,524.5,0.451,-11.5405
2023-11-08 10:00:00,583,Ramanathapuram,515.0,0.445,-11.536
2023-11-08 11:00:00,583,Ramanathapuram,697.0,0.439,-11.536
2023-11-08 12:00:00,583,Ramanathapuram,144.33333333333334,0.433,-11.536
2023-11-08 13:00:00,583,Ramanathapuram,5.333333333333333,0.425,-11.536
2023-11-08 16:00:00,583,Ramanathapuram,3.5,0.391,-11.678999999999998
2023-11-08 18:00:00,583,Ramanathapuram,9.333333333333334,0.376,-11.678999999999998
2023-11-08 20:00:00,583,Ramanathapuram,4.0,0.364,-11.678999999999998
2023-11-08 21:00:00,583,Ramanathapuram,2.1666666666666665,0.363,-11.678999999999998
2023-11-08 22:00:00,583,Ramanathapuram,6.8,0.367,-11.531
2023-11-08 23:00:00,583,Ramanathapuram,21.08333333333333,0.368,-11.531
2023-11-09 00:00:00,583,Ramanathapuram,13.125,0.375,-11.531
2023-11-09 01:00:00,583,Ramanathapuram,6.214285714285714,0.421,-11.531
2023-11-09 02:00:00,583,Ramanathapuram,14.4,0.484,-11.531
2023-11-09 03:00:00,583,Ramanathapuram,34.0,0.554,-11.531
2023-11-09 04:00:00,583,Ramanathapuram,3.0,0.632,-11.4975
2023-11-09 05:00:00,583,Ramanathapuram,2.6666666666666665,0.674,-11.4975
2023-11-09 06:00:00,583,Ramanathapuram,0.5,0.756,-11.4975
2023-11-09 07:00:00,583,Ramanathapuram,2.0,0.797,-11.4975
2023-11-09 08:00:00,583,Ramanathapuram,3.0,0.834,-11.4975
2023-11-09 09:00:00,583,Ramanathapuram,3.25,0.867,-11.4975
2023-11-09 10:00:00,583,Ramanathapuram,1.5,0.895,-11.495
2023-11-09 13:00:00,583,Ramanathapuram,0.5,0.971,-11.495
2023-11-09 15:00:00,583,Ramanathapuram,0.5,1.034,-11.495
2023-11-09 18:00:00,583,Ramanathapuram,0.5,1.131,-11.4785
2023-11-09 20:00:00,583,Ramanathapuram,0.5,1.179,-11.4785
2023-11-09 23:00:00,583,Ramanathapuram,12.0,1.249,-11.495
2023-11-10 00:00:00,583,Ramanathapuram,0.5,1.267,-11.495
2023-11-10 01:00:00,583,Ramanathapuram,8.0,1.28,-11.495
2023-11-10 02:00:00,583,Ramanathapuram,0.5,1.295,-11.495
2023-11-10 03:00:00,583,Ramanathapuram,1.5,1.308,-11.495
2023-11-10 04:00:00,583,Ramanathapuram,0.5,1.318,-11.473
2023-11-10 05:00:00,583,Ramanathapuram,1.1666666666666667,1.324,-11.473
2023-11-10 06:00:00,583,Ramanathapuram,3.6666666666666665,1.317,-11.473
2023-11-10 07:00:00,583,Ramanathapuram,1.5,1.339,-11.473
2023-11-10 08:00:00,583,Ramanathapuram,8.0,1.342,-11.473
2023-11-10 09:00:00,583,Ramanathapuram,21.75,1.342,-11.473
2023-11-10 10:00:00,583,Ramanathapuram,0.75,1.344,-11.472
2023-11-10 12:00:00,583,Ramanathapuram,0.5,1.336,-11.472
2023-11-10 13:00:00,583,Ramanathapuram,1.25,1.333,-11.472
2023-11-10 14:00:00,583,Ramanathapuram,12.0,1.332,-11.472
2023-11-10 15:00:00,583,Ramanathapuram,14.0,1.331,-11.472
2023-11-10 16:00:00,583,Ramanathapuram,5.833333333333333,1.334,-11.457
2023-11-10 17:00:00,583,Ramanathapuram,0.5,1.343,-11.457
2023-11-10 19:00:00,583,Ramanathapuram,1.125,1.389,-11.457
2023-11-10 20:00:00,583,Ramanathapuram,1.0,1.436,-11.457
2023-11-10 22:00:00,583,Ramanathapuram,0.6666666666666666,1.547,-11.4655
2023-11-10 23:00:00,583,Ramanathapuram,1.5,1.597,-11.4655
2023-11-11 00:00:00,583,Ramanathapuram,1.2,1.632,-11.4655
2023-11-11 01:00:00,583,Ramanathapuram,0.5,1.674,-11.4655
2023-11-11 02:00:00,583,Ramanathapuram,0.5,1.701,-11.4655
2023-11-11 03:00:00,583,Ramanathapuram,0.5,1.728,-11.4655
2023-11-11 04:00:00,583,Ramanathapuram,1.25,1.751,-11.4435
2023-11-11 05:00:00,583,Ramanathapuram,0.6666666666666666,1.766,-11.4435
2023-11-11 06:00:00,583,Ramanathapuram,0.5,1.779,-11.4435
2023-11-11 07:00:00,583,Ramanathapuram,1.0,1.787,-11.4435
2023-11-11 08:00:00,583,Ramanathapuram,0.5,1.795,-11.4435
2023-11-11 10:00:00,583,Ramanathapuram,0.5,1.802,-11.447500000000002
2023-11-11 11:00:00,583,Ramanathapuram,2.5,1.791,-11.447500000000002
2023-11-11 12:00:00,583,Ramanathapuram,0.5,1.793,-11.447500000000002
2023-11-11 14:00:00,583,Ramanathapuram,3.0,1.783,-11.447500000000002
2023-11-11 15:00:00,583,Ramanathapuram,0.5,1.773,-11.447500000000002
2023-11-11 16:00:00,583,Ramanathapuram,4.5,1.762,-11.432
2023-11-11 17:00:00,583,Ramanathapuram,1.0,1.758,-11.432
2023-11-11 18:00:00,583,Ramanathapuram,3.0,1.741,-11.432
2023-11-11 19:00:00,583,Ramanathapuram,1.75,1.727,-11.432
2023-11-11 20:00:00,583,Ramanathapuram,3.5,1.713,-11.432
2023-11-11 21:00:00,583,Ramanathapuram,0.5,1.696,-11.432
2023-11-11 22:00:00,583,Ramanathapuram,1.0,1.676,-11.5015
2023-11-11 23:00:00,583,Ramanathapuram,1.1666666666666667,1.66,-11.5015
2023-11-12 00:00:00,583,Ramanathapuram,0.5,1.64,-11.5015
2023-11-12 01:00:00,583,Ramanathapuram,0.75,1.618,-11.5015
2023-11-12 02:00:00,583,Ramanathapuram,0.5,1.594,-11.5015
2023-11-12 03:00:00,583,Ramanathapuram,0.5,1.571,-11.5015
2023-11-12 04:00:00,583,Ramanathapuram,0.5,1.548,-11.4235
2023-11-12 05:00:00,583,Ramanathapuram,0.5,1.524,-11.4235
2023-11-12 06:00:00,583,Ramanathapuram,0.5,1.5,-11.4235
2023-11-12 07:00:00,583,Ramanathapuram,0.5,1.476,-11.4235
2023-11-12 08:00:00,583,Ramanathapuram,0.5,1.448,-11.4235
2023-11-12 09:00:00,583,Ramanathapuram,0.5,1.404,-11.4235
2023-11-12 10:00:00,583,Ramanathapuram,0.5,1.382,-11.442
2023-11-12 11:00:00,583,Ramanathapuram,15.25,1.368,-11.442
2023-11-12 12:00:00,583,Ramanathapuram,26.25,1.348,-11.442
2023-11-12 13:00:00,583,Ramanathapuram,114.5,1.316,-11.442
2023-11-12 14:00:00,583,Ramanathapuram,40.5,1.302,-11.442
2023-11-12 15:00:00,583,Ramanathapuram,0.75,1.275,-11.442
2023-11-12 16:00:00,583,Ramanathapuram,1.5,1.234,-11.5355
2023-11-12 17:00:00,583,Ramanathapuram,0.5,1.214,-11.5355
2023-11-12 18:00:00,583,Ramanathapuram,16.5,1.187,-11.5355
2023-11-12 19:00:00,583,Ramanathapuram,1.25,1.161,-11.5355
2023-11-12 20:00:00,583,Ramanathapuram,15.5,1.137,-11.5355
2023-11-12 21:00:00,583,Ramanathapuram,1.25,1.116,-11.5355
2023-11-12 22:00:00,583,Ramanathapuram,0.5,1.097,-11.427
2023-11-13 00:00:00,583,Ramanathapuram,0.5,1.06,-11.427
2023-11-13 01:00:00,583,Ramanathapuram,0.5,1.04,-11.427
2023-11-13 03:00:00,583,Ramanathapuram,0.5,1.006,-11.427
2023-11-13 04:00:00,583,Ramanathapuram,0.5,0.992,-11.403
2023-11-13 05:00:00,583,Ramanathapuram,0.5,0.978,-11.403
2023-11-13 06:00:00,583,Ramanathapuram,0.5,0.962,-11.403
2023-11-13 07:00:00,583,Ramanathapuram,0.5,0.948,-11.403
2023-11-13 09:00:00,583,Ramanathapuram,0.5,0.901,-11.403
2023-11-13 10:00:00,583,Ramanathapuram,0.5,0.894,-11.41
2023-11-13 11:00:00,583,Ramanathapuram,0.5,0.892,-11.41
2023-11-13 12:00:00,583,Ramanathapuram,15.5,0.866,-11.41
2023-11-13 13:00:00,583,Ramanathapuram,9.5,0.858,-11.41
2023-11-13 14:00:00,583,Ramanathapuram,0.5,0.858,-11.41
2023-11-13 16:00:00,583,Ramanathapuram,0.5,0.835,-11.546
2023-11-13 17:00:00,583,Ramanathapuram,13.5,0.825,-11.546
2023-11-13 18:00:00,583,Ramanathapuram,10.5,0.812,-11.546
2023-11-13 20:00:00,583,Ramanathapuram,0.5,0.795,-11.546
2023-11-13 22:00:00,583,Ramanathapuram,0.5,0.779,-11.4085
2023-11-13 23:00:00,583,Ramanathapuram,0.5,0.77,-11.4085
2023-11-14 00:00:00,583,Ramanathapuram,2.0,0.76,-11.4085
2023-11-14 01:00:00,583,Ramanathapuram,107.5,0.752,-11.4085
2023-11-14 02:00:00,583,Ramanathapuram,17.25,0.747,-11.4085
2023-11-14 03:00:00,583,Ramanathapuram,59.25,0.735,-11.4085
2023-11-14 04:00:00,583,Ramanathapuram,16.25,0.73,-11.3845
2023-11-14 05:00:00,583,Ramanathapuram,70.5,0.706,-11.3845
2023-11-14 06:00:00,583,Ramanathapuram,27.0,0.705,-11.3845
2023-11-14 07:00:00,583,Ramanathapuram,2.0,0.697,-11.3845
2023-11-14 08:00:00,583,Ramanathapuram,151.5,0.701,-11.3845
2023-11-14 09:00:00,583,Ramanathapuram,25.5,0.682,-11.3845
2023-11-14 10:00:00,583,Ramanathapuram,921.0,0.666,-11.3925
2023-11-14 11:00:00,583,Ramanathapuram,12.0,0.668,-11.3925
2023-11-14 12:00:00,583,Ramanathapuram,19.5,0.674,-11.3925
2023-11-14 13:00:00,583,Ramanathapuram,1.0,0.668,-11.3925
2023-11-14 14:00:00,583,Ramanathapuram,4.5,0.653,-11.3925
2023-11-14 15:00:00,583,Ramanathapuram,3.25,0.649,-11.3925
2023-11-14 16:00:00,583,Ramanathapuram,13.0,0.633,-11.5075
2023-11-14 17:00:00,583,Ramanathapuram,5.5,0.643,-11.5075
2023-11-15 00:00:00,583,Ramanathapuram,2.0,0.605,-11.392499999999998
2023-11-15 01:00:00,583,Ramanathapuram,1.5,0.602,-11.392499999999998
2023-11-15 02:00:00,583,Ramanathapuram,15.0,0.598,-11.392499999999998
2023-11-15 03:00:00,583,Ramanathapuram,2.5,0.594,-11.392499999999998
2023-11-15 04:00:00,583,Ramanathapuram,9.0,0.587,-11.3695
2023-11-15 05:00:00,583,Ramanathapuram,9.5,0.586,-11.3695
2023-11-15 06:00:00,583,Ramanathapuram,15.0,0.577,-11.3695
2023-11-15 07:00:00,583,Ramanathapuram,0.5,0.576,-11.3695
2023-11-15 09:00:00,583,Ramanathapuram,0.5,0.565,-11.3695
2023-11-15 11:00:00,583,Ramanathapuram,2.5,0.528,-11.374
2023-11-15 12:00:00,583,Ramanathapuram,1.5,0.523,-11.374
2023-11-15 13:00:00,583,Ramanathapuram,80.0,0.525,-11.374
2023-11-15 17:00:00,583,Ramanathapuram,0.5,0.433,-11.3915
2023-11-15 19:00:00,583,Ramanathapuram,0.5,0.429,-11.3915
2023-11-16 02:00:00,583,Ramanathapuram,0.5,0.394,-11.375
2023-11-16 08:00:00,583,Ramanathapuram,0.5,0.359,-11.36
2023-11-16 09:00:00,583,Ramanathapuram,112.5,0.345,-11.36
2023-11-16 10:00:00,583,Ramanathapuram,9.0,0.336,-11.3745
2023-11-16 11:00:00,583,Ramanathapuram,0.5,0.33,-11.3745
2023-11-16 12:00:00,583,Ramanathapuram,0.5,0.326,-11.3745
2023-11-18 04:00:00,583,Ramanathapuram,1.0,0.285,-11.3405
2023-11-18 05:00:00,583,Ramanathapuram,8.5,0.284,-11.3405
2023-11-18 10:00:00,583,Ramanathapuram,1.75,0.276,-11.3505
2023-11-18 15:00:00,583,Ramanathapuram,0.5,0.271,-11.3505
2023-11-18 16:00:00,583,Ramanathapuram,0.5,0.273,-11.333
2023-11-18 17:00:00,583,Ramanathapuram,1.0,0.262,-11.333
2023-11-18 23:00:00,583,Ramanathapuram,3.0,0.213,-11.333
2023-11-19 00:00:00,583,Ramanathapuram,27.0,0.214,-11.333
2023-11-19 01:00:00,583,Ramanathapuram,2.5,0.213,-11.333
2023-11-19 02:00:00,583,Ramanathapuram,5.166666666666667,0.215,-11.333
2023-11-19 03:00:00,583,Ramanathapuram,3.5,0.214,-11.333
2023-11-19 05:00:00,583,Ramanathapuram,1.0,0.214,-11.323
2023-11-19 06:00:00,583,Ramanathapuram,1.3,0.208,-11.323
2023-11-19 07:00:00,583,Ramanathapuram,4.5,0.203,-11.323
2023-11-19 09:00:00,583,Ramanathapuram,1.0,0.208,-11.323
2023-11-19 10:00:00,583,Ramanathapuram,1.5,0.206,-11.334
2023-11-19 11:00:00,583,Ramanathapuram,4.9,0.195,-11.334
2023-11-19 12:00:00,583,Ramanathapuram,7.5,0.201,-11.334
2023-11-19 13:00:00,583,Ramanathapuram,2.375,0.193,-11.334
2023-11-19 14:00:00,583,Ramanathapuram,1.6666666666666667,0.182,-11.334
2023-11-19 15:00:00,583,Ramanathapuram,2.5,0.187,-11.334
2023-11-19 16:00:00,583,Ramanathapuram,9.5,0.185,-11.3115
2023-11-19 17:00:00,583,Ramanathapuram,2.375,0.147,-11.3115
2023-11-19 18:00:00,583,Ramanathapuram,4.625,0.147,-11.3115
2023-11-19 19:00:00,583,Ramanathapuram,2.5,0.143,-11.3115
2023-11-19 20:00:00,583,Ramanathapuram,1.0,0.145,-11.3115
2023-11-19 21:00:00,583,Ramanathapuram,2.5,0.148,-11.3115
2023-11-19 22:00:00,583,Ramanathapuram,0.5,0.148,-11.301
2023-11-20 03:00:00,583,Ramanathapuram,5.0,0.152,-11.301
2023-11-20 04:00:00,583,Ramanathapuram,11.0,0.15,-11.2975
2023-11-20 06:00:00,583,Ramanathapuram,3.0,0.139,-11.2975
2023-11-20 07:00:00,583,Ramanathapuram,0.5,0.138,-11.2975
2023-11-20 08:00:00,583,Ramanathapuram,0.5,0.153,-11.2975
2023-11-20 23:00:00,583,Ramanathapuram,0.5,0.11,-11.289
2023-11-21 02:00:00,583,Ramanathapuram,2.0,0.099,-11.289
2023-11-21 03:00:00,583,Ramanathapuram,2.5,0.097,-11.289
2023-11-21 06:00:00,583,Ramanathapuram,0.5,0.089,-11.2835
2023-11-21 07:00:00,583,Ramanathapuram,0.5,0.089,-11.2835
2023-11-21 12:00:00,583,Ramanathapuram,0.5,0.068,-11.277
2023-11-21 14:00:00,583,Ramanathapuram,3.5,0.063,-11.277
2023-11-22 00:00:00,583,Ramanathapuram,1.5,0.033,-11.2795
2023-11-22 03:00:00,583,Ramanathapuram,1.5,0.017,-11.2795
2023-11-22 04:00:00,583,Ramanathapuram,8.5,0.015,-11.27
2023-11-22 05:00:00,583,Ramanathapuram,7.25,0.013,-11.27
2023-11-22 06:00:00,583,Ramanathapuram,5.0,0.008,-11.27
2023-11-22 07:00:00,583,Ramanathapuram,2.0,0.006,-11.27
2023-11-22 08:00:00,583,Ramanathapuram,1.0,0.006,-11.27
2023-11-22 09:00:00,583,Ramanathapuram,3.0,0.006,-11.27
2023-11-22 10:00:00,583,Ramanathapuram,56.5,0.006,-11.265
2023-11-22 10:40:00,583,Ramanathapuram,1.0,0.006,-11.265
2023-11-22 10:45:00,583,Ramanathapuram,10.0,0.006,-11.265
2023-11-22 10:50:00,583,Ramanathapuram,12.5,0.006,-11.265
2023-11-22 10:55:00,583,Ramanathapuram,16.0,0.006,-11.265
2023-11-22 11:00:00,583,Ramanathapuram,16.0,0.006,-11.265
2023-11-22 12:00:00,583,Ramanathapuram,7.166666666666667,0.006,-11.265
2023-11-22 12:05:00,583,Ramanathapuram,2.0,0.006,-11.265
2023-11-22 12:30:00,583,Ramanathapuram,2.5,0.006,-11.265
2023-11-22 12:35:00,583,Ramanathapuram,4.0,0.006,-11.265
2023-11-22 13:00:00,583,Ramanathapuram,30.83333333333333,0.006,-11.265
2023-11-23 00:00:00,583,Ramanathapuram,16.142857142857142,0.121,-11.237
2023-11-23 01:00:00,583,Ramanathapuram,15.8125,0.121,-11.237
2023-11-23 02:00:00,583,Ramanathapuram,4.142857142857143,0.121,-11.237
2023-11-23 03:00:00,583,Ramanathapuram,6.0,0.121,-11.237
2023-11-23 04:00:00,583,Ramanathapuram,8.583333333333334,0.121,-11.2195
2023-11-23 05:00:00,583,Ramanathapuram,14.5,0.121,-11.2195
2023-11-23 06:00:00,583,Ramanathapuram,4.9,0.121,-11.2195
2023-11-23 07:00:00,583,Ramanathapuram,3.5,0.208,-11.2195
2023-11-23 09:00:00,583,Ramanathapuram,4.0,0.306,-11.2195
2023-11-23 10:00:00,583,Ramanathapuram,35.0,0.344,-11.213
2023-11-23 11:00:00,583,Ramanathapuram,77.0,0.382,-11.213
2023-11-23 12:00:00,583,Ramanathapuram,50.0,0.406,-11.213
2023-11-23 13:00:00,583,Ramanathapuram,1.0,0.465,-11.213
2023-11-23 17:00:00,583,Ramanathapuram,2.5,0.555,-11.223
2023-11-24 04:00:00,583,Ramanathapuram,3.0,0.765,-11.1985
2023-11-24 09:00:00,583,Ramanathapuram,4.0,0.79,-11.1985
2023-11-24 10:00:00,583,Ramanathapuram,136.0,0.811,-11.2025
2023-11-24 11:00:00,583,Ramanathapuram,10.0,0.811,-11.2025
2023-11-24 14:00:00,583,Ramanathapuram,14.25,0.758,-11.2025
2023-11-24 15:00:00,583,Ramanathapuram,24.5,0.711,-11.2025
2023-11-24 16:00:00,583,Ramanathapuram,28.5,0.794,-4.454
2023-11-24 17:00:00,583,Ramanathapuram,2.5,0.798,-4.454
2023-11-24 18:00:00,583,Ramanathapuram,24.0,0.8,-4.454
2023-11-24 19:00:00,583,Ramanathapuram,3.5,0.797,-4.454
2023-11-24 20:00:00,583,Ramanathapuram,1.0,0.793,-4.454
2023-11-24 23:00:00,583,Ramanathapuram,22.0,0.785,-3.951
2023-11-25 03:00:00,583,Ramanathapuram,5.5,0.768,-3.951
2023-11-25 08:00:00,583,Ramanathapuram,0.6666666666666666,0.749,-11.1885
2023-11-25 09:00:00,583,Ramanathapuram,1.8333333333333333,0.746,-11.1885
2023-11-25 10:00:00,583,Ramanathapuram,3.0,0.741,-11.1935
2023-11-25 11:00:00,583,Ramanathapuram,1.0,0.731,-11.1935
2023-11-25 12:00:00,583,Ramanathapuram,3.25,0.718,-11.1935
2023-11-25 13:00:00,583,Ramanathapuram,4.125,0.72,-11.1935
2023-11-25 14:00:00,583,Ramanathapuram,19.5,0.731,-11.1935
2023-11-25 15:00:00,583,Ramanathapuram,48.0,0.73,-11.1935
2023-11-25 16:00:00,583,Ramanathapuram,7.75,0.703,-11.18
2023-11-25 17:00:00,583,Ramanathapuram,17.5,0.719,-11.18
2023-11-25 18:00:00,583,Ramanathapuram,5.0,0.715,-11.18
2023-11-25 19:00:00,583,Ramanathapuram,2.5,0.712,-11.18
2023-11-26 00:00:00,583,Ramanathapuram,3.5,0.695,-11.188
2023-11-26 01:00:00,583,Ramanathapuram,2.333333333333333,0.69,-11.188
2023-11-26 08:00:00,583,Ramanathapuram,49.5,0.668,-11.171
2023-11-26 09:00:00,583,Ramanathapuram,22.0,0.653,-11.171
2023-11-26 10:00:00,583,Ramanathapuram,10.5,0.652,-11.212
2023-11-26 11:00:00,583,Ramanathapuram,9.0,0.656,-11.212
2023-11-26 12:00:00,583,Ramanathapuram,3.25,0.651,-11.212
2023-11-26 13:00:00,583,Ramanathapuram,4.5,0.622,-11.212
2023-11-26 17:00:00,583,Ramanathapuram,1.5,0.598,-11.32
2023-11-27 07:00:00,583,Ramanathapuram,0.8333333333333334,0.562,-11.158
2023-11-27 08:00:00,583,Ramanathapuram,2.0,0.542,-11.158
2023-11-27 09:00:00,583,Ramanathapuram,3.5,0.563,-11.158
2023-11-27 10:00:00,583,Ramanathapuram,0.5,0.553,-11.1595
2023-11-27 11:00:00,583,Ramanathapuram,7.5,0.537,-11.1595
2023-11-27 12:00:00,583,Ramanathapuram,0.75,0.551,-11.1595
2023-11-27 13:00:00,583,Ramanathapuram,4.25,0.55,-11.1595
2023-11-27 14:00:00,583,Ramanathapuram,2.5,0.541,-11.1595
2023-11-27 15:00:00,583,Ramanathapuram,1.5,0.376,-11.1595
2023-11-27 16:00:00,583,Ramanathapuram,1.5,0.421,-11.167
2023-11-27 22:00:00,583,Ramanathapuram,3.0,0.407,-11.153
2023-11-27 23:00:00,583,Ramanathapuram,1.25,0.402,-11.153
2023-11-28 01:00:00,583,Ramanathapuram,0.5,0.405,-11.153
2023-11-28 10:00:00,583,Ramanathapuram,9.5,0.334,-11.1365
2023-11-28 11:00:00,583,Ramanathapuram,7.0,0.334,-11.1365
2023-11-28 12:00:00,583,Ramanathapuram,5.5,0.341,-11.1365
2023-11-28 13:00:00,583,Ramanathapuram,1.0,0.328,-11.1365
2023-11-29 01:00:00,583,Ramanathapuram,12.5,0.362,-11.1385
2023-11-29 02:00:00,583,Ramanathapuram,12.5,0.361,-11.1385
2023-11-29 03:00:00,583,Ramanathapuram,6.333333333333333,0.363,-11.1385
2023-11-29 04:00:00,583,Ramanathapuram,5.0,0.366,-11.115
2023-11-29 07:00:00,583,Ramanathapuram,0.5,0.37,-11.115
2023-11-29 10:00:00,583,Ramanathapuram,62.5,0.301,-11.12
2023-11-29 11:00:00,583,Ramanathapuram,131.0,0.32,-11.12
2023-11-29 12:00:00,583,Ramanathapuram,1.5,0.323,-11.12
2023-11-29 15:00:00,583,Ramanathapuram,0.5,0.313,-11.12
2023-11-29 16:00:00,583,Ramanathapuram,5.0,0.334,-11.107
2023-11-29 17:00:00,583,Ramanathapuram,0.5,0.335,-11.107
2023-11-29 18:00:00,583,Ramanathapuram,3.5,0.322,-11.107
2023-11-29 21:00:00,583,Ramanathapuram,2.5,0.313,-11.107
2023-11-29 22:00:00,583,Ramanathapuram,5.0,0.313,-11.135000000000002
2023-11-29 23:00:00,583,Ramanathapuram,2.3,0.298,-11.135000000000002
2023-11-30 00:00:00,583,Ramanathapuram,1.0,0.308,-11.135000000000002
2023-11-30 03:00:00,583,Ramanathapuram,1.5,0.289,-11.135000000000002
2023-11-30 06:00:00,583,Ramanathapuram,0.5,0.246,-11.102
2023-11-30 08:00:00,583,Ramanathapuram,8.5,0.199,-11.102
2023-11-30 09:00:00,583,Ramanathapuram,2.0,0.195,-11.102
2023-11-30 10:00:00,583,Ramanathapuram,1.0,0.169,-11.1065
2023-11-30 11:00:00,583,Ramanathapuram,2.5,0.188,-11.1065
2023-11-30 12:00:00,583,Ramanathapuram,83.5,0.204,-11.1065
2023-11-30 13:00:00,583,Ramanathapuram,9.5,0.191,-11.1065
2023-11-30 16:00:00,583,Ramanathapuram,2.5,0.184,-11.0895
2023-11-30 17:00:00,583,Ramanathapuram,0.5,0.186,-11.0895
2023-12-01 10:00:00,583,Ramanathapuram,67.0,0.194,-11.0815
2023-12-01 11:00:00,583,Ramanathapuram,35.0,0.189,-11.0815
2023-12-01 12:00:00,583,Ramanathapuram,23.5,0.189,-11.0815
2023-12-01 14:00:00,583,Ramanathapuram,6.5,0.187,-11.0815
2023-12-01 15:00:00,583,Ramanathapuram,0.5,0.183,-11.0815
2023-12-02 04:00:00,583,Ramanathapuram,0.5,0.193,-11.061
2023-12-03 18:00:00,583,Ramanathapuram,0.5,0.084,-11.1145
2023-12-17 22:00:00,583,Ramanathapuram,2.083333333333333,0.079,-10.9425
2023-12-17 23:00:00,583,Ramanathapuram,3.9166666666666665,0.079,-10.9425
2023-12-18 00:00:00,583,Ramanathapuram,6.714285714285714,0.079,-10.9425
2023-12-18 01:00:00,583,Ramanathapuram,7.75,0.079,-10.9425
2023-12-18 02:00:00,583,Ramanathapuram,8.583333333333334,0.079,-10.9425
2023-12-18 03:00:00,583,Ramanathapuram,5.666666666666667,0.079,-10.9425
2023-12-18 04:00:00,583,Ramanathapuram,4.071428571428571,0.079,-10.923
2023-12-18 05:00:00,583,Ramanathapuram,1.9,0.214,-10.923
2023-12-18 06:00:00,583,Ramanathapuram,1.5,0.314,-10.923
2023-12-18 07:00:00,583,Ramanathapuram,5.833333333333333,0.47,-10.923
2023-12-18 08:00:00,583,Ramanathapuram,7.5,0.684,-10.923
2023-12-18 09:00:00,583,Ramanathapuram,6.083333333333333,0.873,-10.923
2023-12-18 10:00:00,583,Ramanathapuram,4.833333333333333,0.969,-10.920000000000002
2023-12-18 11:00:00,583,Ramanathapuram,4.0,1.127,-10.920000000000002
2023-12-18 12:00:00,583,Ramanathapuram,1.0,1.326,-10.920000000000002
2023-12-18 15:00:00,583,Ramanathapuram,13.0,1.954,-10.920000000000002
2023-12-18 15:30:00,583,Ramanathapuram,0.5,1.954,-10.9085
2023-12-18 15:35:00,583,Ramanathapuram,0.5,2.114,-10.9085
2023-12-18 15:40:00,583,Ramanathapuram,0.5,2.114,-10.9085
2023-12-18 15:45:00,583,Ramanathapuram,0.5,2.114,-10.9085
2023-12-18 15:50:00,583,Ramanathapuram,0.5,2.114,-10.9085
2023-12-18 15:55:00,583,Ramanathapuram,0.5,2.114,-10.9085
2023-12-18 16:00:00,583,Ramanathapuram,10.5,2.114,-10.9085
2023-12-18 20:00:00,583,Ramanathapuram,0.5,2.503,-10.9085
2023-12-18 21:00:00,583,Ramanathapuram,0.5,2.562,-10.9085
2023-12-18 22:00:00,583,Ramanathapuram,0.5,2.574,-10.906
2023-12-18 23:00:00,583,Ramanathapuram,0.5,2.563,-10.906
2023-12-19 00:00:00,583,Ramanathapuram,0.5,2.556,-10.906
2023-12-19 01:00:00,583,Ramanathapuram,0.5,2.535,-10.906
2023-12-19 02:00:00,583,Ramanathapuram,0.75,2.508,-10.906
2023-12-19 03:00:00,583,Ramanathapuram,1.0,2.484,-10.906
2023-12-19 04:00:00,583,Ramanathapuram,0.5,2.468,-10.9015
2023-12-19 05:00:00,583,Ramanathapuram,0.5,2.46,-10.9015
2023-12-19 06:00:00,583,Ramanathapuram,0.5,2.47,-10.9015
2023-12-19 07:00:00,583,Ramanathapuram,0.5,2.482,-10.9015
2023-12-19 08:00:00,583,Ramanathapuram,0.5,2.504,-10.9015
2023-12-19 09:00:00,583,Ramanathapuram,0.5,2.535,-10.9015
2023-12-19 10:00:00,583,Ramanathapuram,0.8333333333333334,2.564,-10.8895
2023-12-19 10:50:00,583,Ramanathapuram,0.5,2.605,-10.8895
2023-12-19 10:55:00,583,Ramanathapuram,0.5,2.605,-10.8895
2023-12-19 11:00:00,583,Ramanathapuram,2.0,2.605,-10.8895
2023-12-19 11:20:00,583,Ramanathapuram,0.5,2.605,-10.8895
2023-12-19 11:25:00,583,Ramanathapuram,0.5,2.605,-10.8895
2023-12-19 11:30:00,583,Ramanathapuram,0.5,2.605,-10.8895
2023-12-19 11:35:00,583,Ramanathapuram,0.5,2.652,-10.8895
2023-12-19 11:40:00,583,Ramanathapuram,0.5,2.652,-10.8895
2023-12-19 11:45:00,583,Ramanathapuram,0.5,2.652,-10.8895
2023-12-19 11:50:00,583,Ramanathapuram,0.5,2.652,-10.8895
2023-12-19 11:55:00,583,Ramanathapuram,0.5,2.652,-10.8895
2023-12-19 12:00:00,583,Ramanathapuram,0.5,2.652,-10.8895
2023-12-19 12:50:00,583,Ramanathapuram,0.5,2.678,-10.8895
2023-12-19 12:55:00,583,Ramanathapuram,0.5,2.678,-10.8895
2023-12-19 13:00:00,583,Ramanathapuram,0.5,2.678,-10.8895
2023-12-19 14:00:00,583,Ramanathapuram,2.5,2.716,-10.8895
2023-12-19 15:00:00,583,Ramanathapuram,0.75,2.738,-10.8895
2023-12-19 17:00:00,583,Ramanathapuram,0.5,2.77,-10.966
2023-12-19 18:00:00,583,Ramanathapuram,1.0,2.767,-10.966
2023-12-19 19:00:00,583,Ramanathapuram,1.5,2.742,-10.966
2023-12-19 20:00:00,583,Ramanathapuram,0.75,2.71,-10.966
2023-12-19 21:00:00,583,Ramanathapuram,0.5,2.684,-10.966
2023-12-20 01:00:00,583,Ramanathapuram,2.0,2.553,-10.8995
2023-12-20 02:00:00,583,Ramanathapuram,1.0,2.523,-10.8995
2023-12-20 03:00:00,583,Ramanathapuram,0.5,2.487,-10.8995
2023-12-20 04:00:00,583,Ramanathapuram,0.5,2.448,-10.895
2023-12-20 05:00:00,583,Ramanathapuram,0.5,2.409,-10.895
2023-12-20 06:00:00,583,Ramanathapuram,0.5,2.37,-10.895
2023-12-20 07:00:00,583,Ramanathapuram,0.5,2.331,-10.895
2023-12-20 08:00:00,583,Ramanathapuram,0.5,2.281,-10.895
2023-12-20 09:00:00,583,Ramanathapuram,1.0,2.236,-10.895
2023-12-20 10:00:00,583,Ramanathapuram,0.5,2.195,-10.882
2023-12-20 11:00:00,583,Ramanathapuram,0.5,2.165,-10.882
2023-12-20 12:00:00,583,Ramanathapuram,0.5,2.123,-10.882
2023-12-20 13:00:00,583,Ramanathapuram,0.5,2.085,-10.882
2023-12-20 14:00:00,583,Ramanathapuram,0.5,2.048,-10.882
2023-12-20 15:00:00,583,Ramanathapuram,0.5,2.019,-10.882
2023-12-20 16:00:00,583,Ramanathapuram,0.5,1.98,-10.8855
2023-12-20 17:00:00,583,Ramanathapuram,0.5,1.948,-10.8855
2023-12-20 18:00:00,583,Ramanathapuram,0.5,1.92,-10.8855
2023-12-20 19:00:00,583,Ramanathapuram,0.5,1.884,-10.8855
2023-12-20 21:00:00,583,Ramanathapuram,0.5,1.818,-10.8855
2023-12-20 22:00:00,583,Ramanathapuram,0.5,1.786,-10.8815
2023-12-21 05:00:00,583,Ramanathapuram,0.5,1.573,-10.873
2023-12-21 06:00:00,583,Ramanathapuram,0.5,1.55,-10.873
2023-12-21 08:00:00,583,Ramanathapuram,1.0,1.547,-10.873
2023-12-21 09:00:00,583,Ramanathapuram,6.0,1.579,-10.873
2023-12-21 10:00:00,583,Ramanathapuram,1.25,1.606,-10.8695
2023-12-21 11:00:00,583,Ramanathapuram,1.125,1.625,-10.8695
2023-12-21 12:00:00,583,Ramanathapuram,0.5,1.629,-10.8695
2023-12-21 13:00:00,583,Ramanathapuram,0.5,1.635,-10.8695
2023-12-21 14:00:00,583,Ramanathapuram,4.166666666666667,1.627,-10.8695
2023-12-21 15:00:00,583,Ramanathapuram,0.8333333333333334,1.592,-10.8695
2023-12-21 16:00:00,583,Ramanathapuram,0.5,1.567,-10.8875
2023-12-21 17:00:00,583,Ramanathapuram,0.5,1.559,-10.8875
2023-12-21 18:00:00,583,Ramanathapuram,2.0,1.549,-10.8875
2023-12-21 19:00:00,583,Ramanathapuram,1.25,1.538,-10.8875
2023-12-21 20:00:00,583,Ramanathapuram,19.0,1.523,-10.8875
2023-12-21 21:00:00,583,Ramanathapuram,9.0,1.51,-10.8875
2023-12-21 22:00:00,583,Ramanathapuram,0.5,1.491,-10.8675
2023-12-21 23:00:00,583,Ramanathapuram,47.0,1.472,-10.8675
2023-12-22 00:00:00,583,Ramanathapuram,150.5,1.455,-10.8675
2023-12-22 01:00:00,583,Ramanathapuram,6.5,1.438,-10.8675
2023-12-22 02:00:00,583,Ramanathapuram,0.5,1.422,-10.8675
2023-12-22 03:00:00,583,Ramanathapuram,42.25,1.405,-10.8675
2023-12-22 04:00:00,583,Ramanathapuram,51.0,1.39,-10.856
2023-12-22 05:00:00,583,Ramanathapuram,2.0,1.374,-10.856
2023-12-22 06:00:00,583,Ramanathapuram,0.5,1.361,-10.856
2023-12-22 08:00:00,583,Ramanathapuram,0.5,1.32,-10.856
2023-12-22 09:00:00,583,Ramanathapuram,281.75,1.299,-10.856
2023-12-22 10:00:00,583,Ramanathapuram,0.5,1.287,-10.8595
2023-12-22 12:00:00,583,Ramanathapuram,0.5,1.256,-10.8595
2023-12-22 13:00:00,583,Ramanathapuram,0.5,1.219,-10.8595
2023-12-22 14:00:00,583,Ramanathapuram,0.5,1.21,-10.8595
2023-12-22 15:00:00,583,Ramanathapuram,0.5,1.207,-10.8595
2023-12-22 16:00:00,583,Ramanathapuram,0.5,1.2,-10.9125
2023-12-22 17:00:00,583,Ramanathapuram,0.5,1.197,-10.9125
2023-12-22 18:00:00,583,Ramanathapuram,0.5,1.195,-10.9125
2023-12-22 19:00:00,583,Ramanathapuram,0.5,1.186,-10.9125
2023-12-22 20:00:00,583,Ramanathapuram,0.5,1.178,-10.9125
2023-12-22 21:00:00,583,Ramanathapuram,0.5,1.173,-10.9125
2023-12-22 23:00:00,583,Ramanathapuram,0.5,1.154,-10.86
2023-12-23 00:00:00,583,Ramanathapuram,0.5,1.138,-10.86
2023-12-23 02:00:00,583,Ramanathapuram,0.5,1.102,-10.86
2023-12-23 04:00:00,583,Ramanathapuram,0.5,1.057,-10.8495
2023-12-23 15:00:00,583,Ramanathapuram,0.5,0.823,-10.8535
2023-12-24 02:00:00,583,Ramanathapuram,0.5,0.763,-10.8565
2023-12-24 06:00:00,583,Ramanathapuram,0.5,0.747,-10.841
2023-12-24 09:00:00,583,Ramanathapuram,0.5,0.723,-10.841
2023-12-24 12:00:00,583,Ramanathapuram,0.5,0.557,-10.847
2023-12-24 14:00:00,583,Ramanathapuram,0.5,0.604,-10.847
2023-12-25 07:00:00,583,Ramanathapuram,0.5,0.664,-10.83
2023-12-25 08:00:00,583,Ramanathapuram,0.5,0.657,-10.83
2023-12-25 12:00:00,583,Ramanathapuram,0.5,0.61,-10.8385
2023-12-26 06:00:00,583,Ramanathapuram,0.5,0.601,-10.8215
2023-12-26 11:00:00,583,Ramanathapuram,0.5,0.569,-10.837
2023-12-27 02:00:00,583,Ramanathapuram,0.5,0.568,-10.8305
2023-12-27 08:00:00,583,Ramanathapuram,0.5,0.538,-10.811
2023-12-28 02:00:00,583,Ramanathapuram,0.5,0.55,-10.818
2023-12-28 04:00:00,583,Ramanathapuram,6.0,0.545,-10.799
2023-12-28 05:00:00,583,Ramanathapuram,0.5,0.546,-10.799
2023-12-28 06:00:00,583,Ramanathapuram,1.25,0.542,-10.799
2023-12-28 07:00:00,583,Ramanathapuram,2.75,0.54,-10.799
2023-12-28 09:00:00,583,Ramanathapuram,0.5,0.521,-10.799
2023-12-28 11:00:00,583,Ramanathapuram,0.5,0.485,-10.806
2023-12-28 12:00:00,583,Ramanathapuram,0.5,0.474,-10.806
2023-12-29 02:00:00,583,Ramanathapuram,0.5,0.528,-10.808
2023-12-29 06:00:00,583,Ramanathapuram,0.5,0.517,-10.791
2023-12-29 07:00:00,583,Ramanathapuram,0.5,0.514,-10.791
2023-12-29 10:00:00,583,Ramanathapuram,0.5,0.48,-10.797
2023-12-29 12:00:00,583,Ramanathapuram,0.5,0.461,-10.797
2023-12-29 13:00:00,583,Ramanathapuram,0.5,0.456,-10.797
2023-12-29 23:00:00,583,Ramanathapuram,0.5,0.465,-10.8
2023-12-30 03:00:00,583,Ramanathapuram,0.5,0.46,-10.8
2023-12-30 11:00:00,583,Ramanathapuram,0.5,0.412,-10.789
2023-12-30 16:00:00,583,Ramanathapuram,0.5,0.44,-10.7795
2023-12-30 23:00:00,583,Ramanathapuram,0.5,0.492,-10.788
2023-12-31 05:00:00,583,Ramanathapuram,0.5,0.502,-10.778
2023-12-31 10:00:00,583,Ramanathapuram,0.5,0.452,-10.7805
2023-12-31 16:00:00,583,Ramanathapuram,0.5,0.443,-10.7695
2024-01-01 07:00:00,583,Ramanathapuram,0.5,0.493,-10.773
2024-01-02 04:00:00,583,Ramanathapuram,0.5,0.458,-10.765999999999998
2024-01-03 04:00:00,583,Ramanathapuram,0.5,0.445,-10.7625
2024-01-03 12:00:00,583,Ramanathapuram,0.5,0.378,-10.7795
2024-01-03 16:00:00,583,Ramanathapuram,0.5,0.361,-10.769
2024-01-03 17:00:00,583,Ramanathapuram,0.5,0.371,-10.769
2024-01-03 23:00:00,583,Ramanathapuram,0.5,0.416,-10.772
2024-01-04 03:00:00,583,Ramanathapuram,0.5,0.424,-10.772
2024-01-04 05:00:00,583,Ramanathapuram,1.0,0.427,-10.768
2024-01-04 06:00:00,583,Ramanathapuram,2.0,0.426,-10.768
2024-01-04 07:00:00,583,Ramanathapuram,1.5,0.426,-10.768
2024-01-04 08:00:00,583,Ramanathapuram,1.5,0.423,-10.768
2024-01-04 09:00:00,583,Ramanathapuram,1.0,0.389,-10.768
2024-01-04 10:00:00,583,Ramanathapuram,2.5,0.375,-10.7685
2024-01-04 11:00:00,583,Ramanathapuram,35.0,0.35,-10.7685
2024-01-05 07:00:00,583,Ramanathapuram,0.5,0.395,-10.7635
2024-01-06 11:00:00,583,Ramanathapuram,1.5,0.364,-10.7565
2024-01-06 17:00:00,583,Ramanathapuram,1.5,0.336,-10.755
2024-01-08 13:00:00,583,Ramanathapuram,2.5,0.397,-10.7745
2024-01-08 14:00:00,583,Ramanathapuram,2.0,0.408,-10.7745
2024-01-08 19:00:00,583,Ramanathapuram,0.5,0.42,-10.774
2024-01-08 22:00:00,583,Ramanathapuram,2.0,0.437,-10.7775
2024-01-09 07:00:00,583,Ramanathapuram,1.0,0.431,-10.7605
2024-01-09 08:00:00,583,Ramanathapuram,3.0,0.431,-10.7605
2024-01-09 09:00:00,583,Ramanathapuram,6.166666666666667,0.432,-10.7605
2024-01-09 10:00:00,583,Ramanathapuram,10.0,0.42,-10.7625
2024-01-09 11:00:00,583,Ramanathapuram,9.5,0.429,-10.7625
2024-01-09 12:00:00,583,Ramanathapuram,12.333333333333334,0.432,-10.7625
2024-01-09 13:00:00,583,Ramanathapuram,3.4166666666666665,0.452,-10.7625
2024-01-09 14:00:00,583,Ramanathapuram,2.7142857142857144,0.477,-10.7625
2024-01-09 15:00:00,583,Ramanathapuram,1.25,0.494,-10.7625
2024-01-09 16:00:00,583,Ramanathapuram,0.5,0.508,-10.731
2024-01-09 17:00:00,583,Ramanathapuram,1.25,0.514,-10.731
2024-01-19 01:00:00,583,Ramanathapuram,10.0,0.301,-10.7085
2024-01-19 03:00:00,583,Ramanathapuram,2.0,0.304,-10.7085
2024-01-19 05:00:00,583,Ramanathapuram,1.0,0.302,-10.694
2024-01-19 06:00:00,583,Ramanathapuram,1.5,0.298,-10.694
2024-01-19 07:00:00,583,Ramanathapuram,2.1666666666666665,0.301,-10.694
2024-01-19 08:00:00,583,Ramanathapuram,1.1666666666666667,0.276,-10.694
2024-01-19 09:00:00,583,Ramanathapuram,2.0,0.264,-10.694
2024-01-20 03:00:00,583,Ramanathapuram,2.5,0.272,-10.683
2024-01-20 06:00:00,583,Ramanathapuram,0.5,0.271,-10.6795
2024-01-20 11:00:00,583,Ramanathapuram,0.5,0.26,-10.681
2024-02-24 13:00:00,583,Ramanathapuram,7.5,17.854,-8.544
2024-02-24 14:00:00,583,Ramanathapuram,0.5,17.885,-8.544
2024-02-26 08:00:00,583,Ramanathapuram,2.5,18.109,-8.6325
2024-03-16 07:00:00,583,Ramanathapuram,7851.0,18.461,-9.09775
2024-03-16 08:00:00,583,Ramanathapuram,2179.5,18.406,-9.09775
2024-03-19 08:00:00,583,Ramanathapuram,22.0,18.435,-9.2415
2024-03-21 10:00:00,583,Ramanathapuram,3.5,18.426,-9.1665
2024-03-21 12:00:00,583,Ramanathapuram,3.5,18.395,-9.1665
2024-03-22 03:00:00,583,Ramanathapuram,1.0,18.481,-9.154
2024-03-27 07:00:00,583,Ramanathapuram,0.5,18.535,-9.35175
2024-03-27 08:00:00,583,Ramanathapuram,0.5,18.502,-9.35175
2024-03-28 04:00:00,583,Ramanathapuram,1.0,18.546,-9.26825
2024-03-28 07:00:00,583,Ramanathapuram,10.5,18.537,-9.26825
2024-03-28 08:00:00,583,Ramanathapuram,7.0,18.512,-9.26825
2024-03-28 09:00:00,583,Ramanathapuram,1.25,18.48,-9.26825
2024-03-28 11:00:00,583,Ramanathapuram,0.5,18.453,-9.2925
2024-03-31 15:00:00,583,Ramanathapuram,1.0,18.446,-9.427
2024-04-01 03:00:00,583,Ramanathapuram,5.0,18.515,-9.419
2024-04-01 04:00:00,583,Ramanathapuram,1.0,18.512,-9.43225
2024-04-01 05:00:00,583,Ramanathapuram,3.25,18.514,-9.43225
2024-04-01 06:00:00,583,Ramanathapuram,2.0,18.513,-9.43225
2024-04-02 11:00:00,583,Ramanathapuram,9.0,18.434,-9.448
2024-04-02 12:00:00,583,Ramanathapuram,3.5,18.435,-9.448
2024-04-12 05:00:00,583,Ramanathapuram,2.0,18.525,-9.7435
2024-04-12 07:00:00,583,Ramanathapuram,0.5,18.446,-9.7435
2024-04-12 08:00:00,583,Ramanathapuram,0.5,18.43,-9.7435
2024-04-12 09:00:00,583,Ramanathapuram,0.5,18.473,-9.7435
2024-04-13 06:00:00,583,Ramanathapuram,1.5,18.541,-9.74
2024-04-13 11:00:00,583,Ramanathapuram,0.5,18.457,-9.7515
2024-04-13 13:00:00,583,Ramanathapuram,3.0,18.45,-9.7515
2024-04-13 16:00:00,583,Ramanathapuram,7.0,18.481,-9.76075
2024-04-13 17:00:00,583,Ramanathapuram,0.5,18.489,-9.76075
2024-04-14 07:00:00,583,Ramanathapuram,3.75,18.53,-9.70725
2024-04-14 08:00:00,583,Ramanathapuram,0.75,18.512,-9.70725
2024-04-15 12:00:00,583,Ramanathapuram,2.5,18.502,-9.68025
2024-04-15 13:00:00,583,Ramanathapuram,0.5,18.502,-9.68025
2024-04-15 15:00:00,583,Ramanathapuram,0.5,18.512,-9.68025
2024-04-16 07:00:00,583,Ramanathapuram,1.0,18.56,-9.659
2024-04-16 08:00:00,583,Ramanathapuram,3.5,18.537,-9.659
2024-04-29 13:00:00,583,Ramanathapuram,0.5,12.692,-10.20575
2024-05-09 13:00:00,583,Ramanathapuram,0.5,18.698,-10.57475
2024-05-11 04:00:00,583,Ramanathapuram,1.5,18.62,-10.468
2024-05-11 05:00:00,583,Ramanathapuram,1.0,18.606,-10.468
2024-05-11 10:00:00,583,Ramanathapuram,0.5,18.721,-10.4715
2024-05-11 15:00:00,583,Ramanathapuram,2.5,18.657,-10.4715
2024-05-11 16:00:00,583,Ramanathapuram,0.5,18.617,-10.555
2024-05-12 10:00:00,583,Ramanathapuram,3.5,18.688,-10.44375
2024-05-13 11:00:00,583,Ramanathapuram,21.0,18.732,-10.4925
2024-05-13 12:00:00,583,Ramanathapuram,20.75,18.731,-10.4925
2024-05-13 13:00:00,583,Ramanathapuram,1.0,18.72,-10.4925
2024-05-14 04:00:00,583,Ramanathapuram,16.0,18.728,-10.437
2024-05-14 05:00:00,583,Ramanathapuram,0.5,18.705,-10.437
2024-05-14 06:00:00,583,Ramanathapuram,4.25,18.702,-10.437
2024-05-14 07:00:00,583,Ramanathapuram,1.0,18.677,-10.437
2024-05-14 08:00:00,583,Ramanathapuram,0.5,18.692,-10.437
2024-05-14 11:00:00,583,Ramanathapuram,0.5,18.718,-10.45875
2024-05-14 12:00:00,583,Ramanathapuram,17.25,18.715,-10.45875
2024-05-14 13:00:00,583,Ramanathapuram,1.0,18.713,-10.45875
2024-05-14 16:00:00,583,Ramanathapuram,6.0,18.718,-10.482
2024-05-14 17:00:00,583,Ramanathapuram,2.5,18.723,-10.482
2024-05-14 19:00:00,583,Ramanathapuram,4.0,18.707,-10.482
2024-05-14 20:00:00,583,Ramanathapuram,34.0,18.701,-10.482
2024-05-15 00:00:00,583,Ramanathapuram,11.0,18.68,-10.43825
2024-05-15 01:00:00,583,Ramanathapuram,1.0,18.67,-10.43825
2024-05-15 02:00:00,583,Ramanathapuram,1.0,18.65,-10.43825
2024-05-15 14:00:00,583,Ramanathapuram,1.75,18.736,-10.422
2024-05-15 17:00:00,583,Ramanathapuram,0.5,18.74,-10.4625
2024-05-15 19:00:00,583,Ramanathapuram,7.0,18.74,-10.4625
2024-05-15 22:00:00,583,Ramanathapuram,3.0,18.716,-10.40225
2024-05-16 00:00:00,583,Ramanathapuram,6.75,18.734,-10.40225
2024-05-16 01:00:00,583,Ramanathapuram,0.5,18.733,-10.40225
2024-05-16 03:00:00,583,Ramanathapuram,12.0,18.666,-10.40225
2024-05-16 04:00:00,583,Ramanathapuram,6.75,18.688,-10.3795
2024-05-16 05:00:00,583,Ramanathapuram,1.0,18.644,-10.3795
2024-05-16 06:00:00,583,Ramanathapuram,0.5,18.64,-10.3795
2024-05-16 07:45:00,583,Ramanathapuram,1.0,18.702,-10.3795
2024-05-16 08:00:00,583,Ramanathapuram,0.5,18.702,-10.3795
2024-05-16 09:00:00,583,Ramanathapuram,1.5,18.71,-10.3795
2024-05-16 10:00:00,583,Ramanathapuram,1.5,18.721,-10.38075
2024-05-16 11:00:00,583,Ramanathapuram,3.0,18.71,-10.38075
2024-05-16 11:20:00,583,Ramanathapuram,0.5,18.71,-10.38075
2024-05-16 11:25:00,583,Ramanathapuram,0.5,18.71,-10.38075
2024-05-16 11:30:00,583,Ramanathapuram,0.5,18.71,-10.38075
2024-05-16 11:35:00,583,Ramanathapuram,0.5,18.711,-10.38075
2024-05-16 11:40:00,583,Ramanathapuram,0.5,18.711,-10.38075
2024-05-16 11:45:00,583,Ramanathapuram,0.5,18.711,-10.38075
2024-05-16 11:50:00,583,Ramanathapuram,1.0,18.711,-10.38075
2024-05-16 11:55:00,583,Ramanathapuram,1.0,18.711,-10.38075
2024-05-16 12:00:00,583,Ramanathapuram,0.75,18.711,-10.38075
2024-05-16 13:00:00,583,Ramanathapuram,0.5,18.721,-10.38075
2024-05-16 14:00:00,583,Ramanathapuram,0.5,18.72,-10.38075
2024-05-16 18:00:00,583,Ramanathapuram,28.5,18.777,-10.36475
2024-05-16 19:00:00,583,Ramanathapuram,7.5,18.777,-10.36475
2024-05-16 21:00:00,583,Ramanathapuram,0.5,18.777,-10.36475
2024-05-17 05:00:00,583,Ramanathapuram,0.5,18.777,-10.35275
2024-05-17 06:00:00,583,Ramanathapuram,6.0,18.777,-10.35275
2024-05-17 07:00:00,583,Ramanathapuram,0.5,18.777,-10.35275
2024-05-17 07:10:00,583,Ramanathapuram,0.5,18.777,-10.35275
2024-05-17 07:15:00,583,Ramanathapuram,1.0,18.777,-10.35275
2024-05-17 07:20:00,583,Ramanathapuram,1.0,18.777,-10.35275
2024-05-17 07:25:00,583,Ramanathapuram,1.0,18.777,-10.35275
2024-05-17 07:30:00,583,Ramanathapuram,1.0,18.777,-10.35275
2024-05-17 07:35:00,583,Ramanathapuram,1.0,18.778,-10.35275
2024-05-17 07:40:00,583,Ramanathapuram,1.0,18.778,-10.35275
2024-05-17 08:00:00,583,Ramanathapuram,1.0,18.778,-10.35275
2024-05-17 09:00:00,583,Ramanathapuram,0.5,18.778,-10.35275
2024-05-17 10:00:00,583,Ramanathapuram,0.5,18.777,-10.332
2024-05-17 11:00:00,583,Ramanathapuram,3.0,18.777,-10.332
2024-05-17 12:00:00,583,Ramanathapuram,1.3333333333333333,18.778,-10.332
2024-05-17 13:00:00,583,Ramanathapuram,0.5,18.776,-10.332
2024-05-18 15:00:00,583,Ramanathapuram,9.0,18.777,-10.2955
2024-05-18 16:00:00,583,Ramanathapuram,2.0,18.778,-10.3265
2024-05-19 04:00:00,583,Ramanathapuram,0.5,18.777,-10.248
2024-05-19 06:00:00,583,Ramanathapuram,1.0,18.777,-10.248
2024-05-19 07:00:00,583,Ramanathapuram,1.3333333333333333,18.777,-10.248
2024-05-19 08:00:00,583,Ramanathapuram,3.0,18.778,-10.248
2024-05-19 09:00:00,583,Ramanathapuram,0.5,18.777,-10.248
2024-05-19 10:00:00,583,Ramanathapuram,0.5,18.777,-10.25425
2024-05-19 16:00:00,583,Ramanathapuram,0.5,18.778,-10.2465
2024-05-19 17:00:00,583,Ramanathapuram,2.0,18.777,-10.2465
2024-05-19 18:00:00,583,Ramanathapuram,1.0,18.777,-10.2465
2024-05-19 19:00:00,583,Ramanathapuram,0.5,18.777,-10.2465
2024-05-19 22:00:00,583,Ramanathapuram,1.5,18.777,-10.23075
2024-05-19 23:00:00,583,Ramanathapuram,3.0,18.778,-10.23075
2024-05-20 00:00:00,583,Ramanathapuram,0.75,18.777,-10.23075
2024-05-20 01:00:00,583,Ramanathapuram,0.5,18.778,-10.23075
2024-05-20 08:00:00,583,Ramanathapuram,0.5,18.778,-10.22375
2024-05-20 14:00:00,583,Ramanathapuram,0.5,18.777,-10.227
2024-05-20 15:00:00,583,Ramanathapuram,4.0,18.777,-10.227
2024-05-20 16:00:00,583,Ramanathapuram,13.75,18.777,-10.194
2024-05-20 17:00:00,583,Ramanathapuram,4.0,18.778,-10.194
2024-05-20 18:00:00,583,Ramanathapuram,1.75,18.777,-10.194
2024-05-20 19:00:00,583,Ramanathapuram,3.333333333333333,18.777,-10.194
2024-05-20 20:00:00,583,Ramanathapuram,1.6666666666666667,18.778,-10.194
2024-05-20 21:00:00,583,Ramanathapuram,0.875,18.777,-10.194
2024-05-20 22:00:00,583,Ramanathapuram,0.8333333333333334,18.777,-10.1835
2024-05-21 00:00:00,583,Ramanathapuram,0.5,18.777,-10.1835
2024-05-21 13:00:00,583,Ramanathapuram,1.0,18.777,-10.17125
2024-05-21 14:00:00,583,Ramanathapuram,7.5,18.777,-10.17125
2024-05-21 15:00:00,583,Ramanathapuram,2.0,18.777,-10.17125
2024-05-22 15:00:00,583,Ramanathapuram,2.75,18.777,-10.14525
2024-05-22 16:00:00,583,Ramanathapuram,2.0,18.777,-10.17
2024-05-22 17:00:00,583,Ramanathapuram,38.0,18.777,-10.17
2024-05-22 18:00:00,583,Ramanathapuram,0.5,18.777,-10.17
2024-05-22 19:00:00,583,Ramanathapuram,0.5,18.777,-10.17
2024-05-22 21:00:00,583,Ramanathapuram,0.5,18.777,-10.17
2024-05-23 18:40:00,583,Ramanathapuram,1.0,18.777,-6.91
2024-05-23 18:45:00,583,Ramanathapuram,1.0,18.777,-6.91
2024-05-23 18:50:00,583,Ramanathapuram,1.5,18.777,-6.91
2024-05-23 18:55:00,583,Ramanathapuram,2.0,18.777,-6.91
2024-05-23 19:00:00,583,Ramanathapuram,1.25,18.777,-6.91
2024-05-23 20:00:00,583,Ramanathapuram,1.0,18.777,-6.91
2024-05-23 21:00:00,583,Ramanathapuram,1.5,18.777,-6.91
2024-05-24 17:00:00,583,Ramanathapuram,3.5,18.777,-10.19325
2024-05-24 18:00:00,583,Ramanathapuram,1.5,18.778,-10.19325
2024-05-24 19:00:00,583,Ramanathapuram,0.5,18.777,-10.19325
2024-05-24 20:00:00,583,Ramanathapuram,1.0,18.778,-10.19325
2024-05-24 21:00:00,583,Ramanathapuram,0.5,18.777,-10.19325
2024-05-24 23:00:00,583,Ramanathapuram,1.0,18.778,-10.10875
2024-05-25 00:00:00,583,Ramanathapuram,0.5,18.778,-10.10875
2024-05-31 19:00:00,583,Ramanathapuram,18.0,18.777,-10.36975
2024-05-31 20:00:00,583,Ramanathapuram,0.5,18.778,-10.36975
2024-06-01 16:00:00,583,Ramanathapuram,0.5,18.777,-10.36825
2024-06-01 18:00:00,583,Ramanathapuram,2.0,18.778,-10.36825
2024-06-01 19:00:00,583,Ramanathapuram,0.5,18.777,-10.36825
2024-06-02 19:00:00,583,Ramanathapuram,4.5,18.778,-10.4675
2024-06-02 20:00:00,583,Ramanathapuram,15.666666666666666,18.778,-10.4675
2024-06-02 21:00:00,583,Ramanathapuram,4.2,18.777,-10.4675
2024-06-03 04:00:00,583,Ramanathapuram,1.0,18.778,-10.38825
2024-06-04 14:00:00,583,Ramanathapuram,2.0,18.778,-10.32075
2024-06-04 16:00:00,583,Ramanathapuram,1.75,18.777,-10.297
2024-06-04 17:00:00,583,Ramanathapuram,8.5,18.777,-10.297
2024-06-04 18:00:00,583,Ramanathapuram,7.0,18.777,-10.297
2024-06-04 19:00:00,583,Ramanathapuram,0.5,18.777,-10.297
2024-06-05 14:00:00,583,Ramanathapuram,2.5,18.778,-10.3
2024-06-05 15:00:00,583,Ramanathapuram,0.5,18.777,-10.3
2024-06-06 01:00:00,583,Ramanathapuram,4.5,18.777,-10.2295
2024-06-06 02:00:00,583,Ramanathapuram,13.5,18.778,-10.2295
2024-06-06 04:00:00,583,Ramanathapuram,5.0,18.777,-10.21125
2024-06-06 08:00:00,583,Ramanathapuram,2.0,18.778,-10.21125
2024-06-06 09:00:00,583,Ramanathapuram,1.5,18.777,-10.21125
2024-06-06 21:00:00,583,Ramanathapuram,2.25,18.778,-10.22075
2024-06-06 22:00:00,583,Ramanathapuram,16.25,18.777,-10.1845
2024-06-06 23:00:00,583,Ramanathapuram,10.0,18.778,-10.1845
2024-06-07 00:00:00,583,Ramanathapuram,0.5,18.777,-10.1845
2024-06-07 02:00:00,583,Ramanathapuram,3.0,18.778,-10.1845
2024-06-07 03:00:00,583,Ramanathapuram,2.333333333333333,18.777,-10.1845
2024-06-07 04:00:00,583,Ramanathapuram,0.5,18.777,-10.15675
2024-06-07 09:00:00,583,Ramanathapuram,0.5,18.778,-10.15675
2024-06-08 14:00:00,583,Ramanathapuram,0.5,18.777,-10.13575
2024-06-18 16:00:00,583,Ramanathapuram,2.0,18.777,-10.622
2024-06-18 18:00:00,583,Ramanathapuram,1.5,18.778,-10.622
2024-06-18 19:00:00,583,Ramanathapuram,5.5,18.777,-10.622
2024-06-19 00:00:00,583,Ramanathapuram,0.5,18.777,-10.64075
2024-06-19 14:00:00,583,Ramanathapuram,2.5,18.777,-10.67025
2024-06-19 15:00:00,583,Ramanathapuram,8.625,18.777,-10.67025
2024-06-19 16:00:00,583,Ramanathapuram,7.0,18.777,-10.67825
2024-06-19 17:00:00,583,Ramanathapuram,4.75,18.777,-10.67825
2024-06-19 18:00:00,583,Ramanathapuram,0.75,18.777,-10.67825
2024-06-19 19:00:00,583,Ramanathapuram,1.0,18.776,-10.67825
2024-06-20 13:00:00,583,Ramanathapuram,1.0,18.777,-10.6495
2024-06-20 16:00:00,583,Ramanathapuram,0.5,18.778,-10.62375
2024-06-22 16:00:00,583,Ramanathapuram,1.5,18.777,-10.666
2024-06-22 17:00:00,583,Ramanathapuram,10.833333333333334,18.778,-10.666
2024-06-22 18:00:00,583,Ramanathapuram,17.75,18.777,-10.666
2024-06-22 19:00:00,583,Ramanathapuram,1.5,18.778,-10.666
2024-06-24 17:00:00,583,Ramanathapuram,3.25,18.777,-10.72625
2024-06-24 18:00:00,583,Ramanathapuram,0.75,18.777,-10.72625
2024-06-30 15:00:00,583,Ramanathapuram,0.5,18.777,-10.61525
2024-06-30 16:00:00,583,Ramanathapuram,13.5,18.777,-10.6805
2024-06-30 17:00:00,583,Ramanathapuram,1.0,18.777,-10.6805
2024-07-05 17:00:00,583,Ramanathapuram,7.0,18.777,-10.64775
2024-07-05 18:00:00,583,Ramanathapuram,7.25,18.778,-10.64775
2024-07-05 19:00:00,583,Ramanathapuram,16.0,18.778,-10.64775
2024-07-05 21:00:00,583,Ramanathapuram,0.5,18.777,-10.64775
2024-07-08 05:00:00,583,Ramanathapuram,1.0,18.777,-10.62525
2024-07-10 20:00:00,583,Ramanathapuram,0.5,18.777,-10.634
2024-07-10 21:00:00,583,Ramanathapuram,3.75,18.777,-10.634
2024-07-10 22:00:00,583,Ramanathapuram,8.75,18.777,-10.62125
2024-07-10 23:00:00,583,Ramanathapuram,0.5,18.778,-10.62125
2024-07-11 00:00:00,583,Ramanathapuram,0.5,18.778,-10.62125
2024-07-12 19:00:00,583,Ramanathapuram,13.5,18.777,-10.61425
2024-07-12 20:00:00,583,Ramanathapuram,14.0,18.777,-10.61425
2024-07-12 21:00:00,583,Ramanathapuram,1.0,18.777,-10.61425
2024-07-15 07:00:00,583,Ramanathapuram,0.5,18.777,-10.54475
2024-07-15 15:00:00,583,Ramanathapuram,2.0,18.777,-10.541
2024-07-15 16:00:00,583,Ramanathapuram,2.0,18.778,-10.539
2024-07-15 19:00:00,583,Ramanathapuram,0.5,18.777,-10.539
2024-07-15 23:00:00,583,Ramanathapuram,0.5,18.776,-10.51225
2024-08-03 20:00:00,583,Ramanathapuram,0.5,18.777,-10.298
2024-08-04 18:00:00,583,Ramanathapuram,13.75,18.778,-6.605333333333333
2024-08-04 19:00:00,583,Ramanathapuram,1.0,18.777,-6.605333333333333
2024-08-04 22:00:00,583,Ramanathapuram,15.5,18.777,-6.554666666666667
2024-08-04 23:00:00,583,Ramanathapuram,13.0,18.778,-6.554666666666667
2024-08-05 00:00:00,583,Ramanathapuram,1.0,18.777,-6.554666666666667
2024-08-05 04:00:00,583,Ramanathapuram,0.5,18.776,-10.23525
2024-08-05 16:20:00,583,Ramanathapuram,0.5,18.778,-10.26475
2024-08-05 16:25:00,583,Ramanathapuram,2.5,18.778,-10.26475
2024-08-05 16:30:00,583,Ramanathapuram,3.5,18.778,-10.26475
2024-08-05 16:35:00,583,Ramanathapuram,4.5,18.777,-10.26475
2024-08-05 16:40:00,583,Ramanathapuram,5.0,18.777,-10.26475
2024-08-05 17:10:00,583,Ramanathapuram,0.5,18.777,-10.26475
2024-08-05 17:15:00,583,Ramanathapuram,0.5,18.777,-10.26475
2024-08-05 17:20:00,583,Ramanathapuram,1.0,18.777,-10.26475
2024-08-05 17:25:00,583,Ramanathapuram,1.5,18.777,-10.26475
2024-08-05 17:30:00,583,Ramanathapuram,3.0,18.777,-10.26475
2024-08-05 17:35:00,583,Ramanathapuram,5.5,18.777,-10.26475
2024-08-05 17:40:00,583,Ramanathapuram,8.0,18.777,-10.26475
2024-08-05 17:45:00,583,Ramanathapuram,10.0,18.777,-10.26475
2024-08-05 17:50:00,583,Ramanathapuram,11.0,18.777,-10.26475
2024-08-05 17:55:00,583,Ramanathapuram,11.5,18.777,-10.26475
2024-08-05 18:00:00,583,Ramanathapuram,11.5,18.777,-10.26475
2024-08-05 18:15:00,583,Ramanathapuram,0.5,18.777,-10.26475
2024-08-05 18:20:00,583,Ramanathapuram,3.0,18.777,-10.26475
2024-08-05 20:00:00,583,Ramanathapuram,16.5,18.777,-10.26475
2024-08-05 22:00:00,583,Ramanathapuram,0.5,18.777,-10.23175
2024-08-06 19:00:00,583,Ramanathapuram,1.0,18.777,-10.2365
2024-08-06 20:00:00,583,Ramanathapuram,1.5,18.777,-10.2365
2024-08-07 15:30:00,583,Ramanathapuram,2.5,18.777,-10.198
2024-08-07 15:35:00,583,Ramanathapuram,3.0,18.777,-10.198
2024-08-07 15:40:00,583,Ramanathapuram,3.5,18.777,-10.198
2024-08-07 15:45:00,583,Ramanathapuram,3.5,18.777,-10.198
2024-08-07 15:50:00,583,Ramanathapuram,3.5,18.777,-10.198
2024-08-07 15:55:00,583,Ramanathapuram,3.5,18.777,-10.198
2024-08-07 16:00:00,583,Ramanathapuram,3.75,18.777,-10.198
2024-08-07 17:00:00,583,Ramanathapuram,10.25,18.778,-10.198
2024-08-07 18:00:00,583,Ramanathapuram,2.0,18.777,-10.198
2024-08-07 19:00:00,583,Ramanathapuram,3.0,18.778,-10.198
2024-08-07 20:00:00,583,Ramanathapuram,9.5,18.778,-10.198
2024-08-07 21:00:00,583,Ramanathapuram,0.5,18.777,-10.198
2024-08-07 22:00:00,583,Ramanathapuram,1.5,18.777,-10.1735
2024-08-08 18:00:00,583,Ramanathapuram,21.5,18.777,-10.15875
2024-08-08 18:55:00,583,Ramanathapuram,0.5,18.777,-10.15875
2024-08-08 19:00:00,583,Ramanathapuram,1.75,18.777,-10.15875
2024-08-08 19:05:00,583,Ramanathapuram,2.5,18.777,-10.15875
2024-08-08 19:10:00,583,Ramanathapuram,5.5,18.777,-10.15875
2024-08-08 19:15:00,583,Ramanathapuram,7.5,18.777,-10.15875
2024-08-08 19:20:00,583,Ramanathapuram,9.0,18.777,-10.15875
2024-08-08 19:25:00,583,Ramanathapuram,10.0,18.777,-10.15875
2024-08-08 19:30:00,583,Ramanathapuram,11.0,18.777,-10.15875
2024-08-08 19:35:00,583,Ramanathapuram,12.5,18.778,-10.15875
2024-08-08 19:40:00,583,Ramanathapuram,16.0,18.778,-10.15875
2024-08-08 20:00:00,583,Ramanathapuram,2.0,18.778,-10.15875
2024-08-08 21:00:00,583,Ramanathapuram,2.833333333333333,18.777,-10.15875
2024-08-08 22:00:00,583,Ramanathapuram,2.25,18.777,-10.15075
2024-08-08 23:00:00,583,Ramanathapuram,3.0,18.778,-10.15075
2024-08-09 00:00:00,583,Ramanathapuram,2.5,18.778,-10.15075
2024-08-09 01:00:00,583,Ramanathapuram,0.75,18.778,-10.15075
2024-08-09 08:00:00,583,Ramanathapuram,0.5,18.777,-10.142
2024-08-09 12:00:00,583,Ramanathapuram,0.5,18.778,-10.15
2024-08-10 12:00:00,583,Ramanathapuram,0.5,18.777,-12.160000000000002
2024-08-11 18:00:00,583,Ramanathapuram,0.5,18.777,-12.525
2024-08-11 22:00:00,583,Ramanathapuram,1.0,18.778,-12.5245
2024-08-12 16:00:00,583,Ramanathapuram,0.5,18.777,-9.917333333333334
2024-08-13 15:00:00,583,Ramanathapuram,1.0,18.777,-10.097
2024-08-13 15:30:00,583,Ramanathapuram,1.0,18.777,-11.945
2024-08-13 15:35:00,583,Ramanathapuram,8.0,18.778,-11.945
2024-08-13 15:40:00,583,Ramanathapuram,13.5,18.778,-11.945
2024-08-13 15:45:00,583,Ramanathapuram,19.5,18.778,-11.945
2024-08-13 15:50:00,583,Ramanathapuram,23.5,18.778,-11.945
2024-08-13 15:55:00,583,Ramanathapuram,31.0,18.778,-11.945
2024-08-13 16:00:00,583,Ramanathapuram,26.5,18.778,-11.945
2024-08-13 16:05:00,583,Ramanathapuram,8.5,18.778,-11.945
2024-08-13 16:10:00,583,Ramanathapuram,12.0,18.778,-11.945
2024-08-13 16:15:00,583,Ramanathapuram,16.5,18.778,-11.945
2024-08-13 16:20:00,583,Ramanathapuram,24.0,18.778,-11.945
2024-08-13 16:25:00,583,Ramanathapuram,24.0,18.778,-11.945
2024-08-13 16:30:00,583,Ramanathapuram,25.0,18.778,-11.945
2024-08-13 16:35:00,583,Ramanathapuram,25.0,18.777,-11.945
2024-08-13 16:40:00,583,Ramanathapuram,25.5,18.777,-11.945
2024-08-13 16:45:00,583,Ramanathapuram,25.5,18.777,-11.945
2024-08-13 16:50:00,583,Ramanathapuram,26.0,18.777,-11.945
2024-08-13 16:55:00,583,Ramanathapuram,26.0,18.777,-11.945
2024-08-13 17:00:00,583,Ramanathapuram,26.0,18.777,-11.945
2024-08-13 20:00:00,583,Ramanathapuram,0.5,18.777,-11.945
2024-08-13 21:00:00,583,Ramanathapuram,2.5,18.777,-11.945
2024-08-13 22:00:00,583,Ramanathapuram,1.5,18.777,-11.936333333333332
2024-08-13 23:00:00,583,Ramanathapuram,2.5,18.777,-11.936333333333332
2024-08-14 00:00:00,583,Ramanathapuram,0.5,18.778,-11.936333333333332
2024-08-14 05:00:00,583,Ramanathapuram,0.5,18.778,-10.074
2024-08-14 14:00:00,583,Ramanathapuram,3.0,18.777,-10.0795
2024-08-14 16:00:00,583,Ramanathapuram,3.5,18.778,-10.0655
2024-08-14 17:00:00,583,Ramanathapuram,0.5,18.777,-10.0655
2024-08-15 00:00:00,583,Ramanathapuram,0.5,18.777,-10.06675
2024-08-15 12:00:00,583,Ramanathapuram,14.5,18.777,-10.0685
2024-08-15 14:00:00,583,Ramanathapuram,22.5,18.776,-10.0685
2024-08-16 05:00:00,583,Ramanathapuram,0.5,18.777,-9.771
2024-08-16 15:00:00,583,Ramanathapuram,4.5,18.777,-9.775
2024-08-16 15:45:00,583,Ramanathapuram,0.5,18.777,-9.790666666666668
2024-08-16 15:50:00,583,Ramanathapuram,0.5,18.777,-9.790666666666668
2024-08-16 15:55:00,583,Ramanathapuram,0.5,18.777,-9.790666666666668
2024-08-16 16:00:00,583,Ramanathapuram,1.75,18.777,-9.790666666666668
2024-08-16 16:25:00,583,Ramanathapuram,0.5,18.777,-9.790666666666668
2024-08-16 16:30:00,583,Ramanathapuram,0.5,18.777,-9.790666666666668
2024-08-16 16:35:00,583,Ramanathapuram,1.0,18.777,-9.790666666666668
2024-08-16 16:40:00,583,Ramanathapuram,1.0,18.777,-9.790666666666668
2024-08-16 16:45:00,583,Ramanathapuram,1.0,18.777,-9.790666666666668
2024-08-16 16:50:00,583,Ramanathapuram,1.0,18.777,-9.790666666666668
2024-08-16 16:55:00,583,Ramanathapuram,1.0,18.777,-9.790666666666668
2024-08-16 17:00:00,583,Ramanathapuram,1.0,18.777,-9.790666666666668
2024-08-17 04:00:00,583,Ramanathapuram,1.5,18.777,-9.755666666666666
2024-08-17 05:00:00,583,Ramanathapuram,6.0,18.777,-9.755666666666666
2024-08-18 08:00:00,583,Ramanathapuram,0.5,18.777,-11.905333333333331
2024-08-18 13:00:00,583,Ramanathapuram,7.5,18.778,-11.865
2024-08-18 15:00:00,583,Ramanathapuram,1.5,18.776,-11.865
2024-08-19 08:00:00,583,Ramanathapuram,0.5,18.777,-10.022749999999998
2024-08-20 15:00:00,583,Ramanathapuram,3.0,18.777,-12.5015
2024-08-21 16:00:00,583,Ramanathapuram,0.5,18.778,-9.994
2024-08-22 19:00:00,583,Ramanathapuram,0.5,18.778,-10.097
2024-08-24 20:00:00,583,Ramanathapuram,0.5,18.777,-9.944
2024-08-25 17:00:00,583,Ramanathapuram,0.5,18.777,-11.760666666666664
2024-08-26 16:00:00,583,Ramanathapuram,0.5,18.778,-9.9905
2024-08-27 11:00:00,583,Ramanathapuram,0.5,18.777,-11.769666666666666
2024-08-28 10:00:00,583,Ramanathapuram,0.5,18.777,-9.8985
2024-08-29 10:00:00,583,Ramanathapuram,0.5,18.777,-9.88375
2024-08-29 21:00:00,583,Ramanathapuram,0.5,18.777,-9.909
2024-08-29 22:00:00,583,Ramanathapuram,1.5,18.777,-9.87275
2024-08-30 16:00:00,583,Ramanathapuram,0.5,18.777,-9.8595
2024-08-31 19:00:00,583,Ramanathapuram,1.5,18.777,-9.85625
2024-09-01 17:00:00,583,Ramanathapuram,2.5,18.777,-9.86125
2024-09-01 18:00:00,583,Ramanathapuram,1.0,18.777,-9.86125
2024-09-01 19:00:00,583,Ramanathapuram,0.5,18.777,-9.86125
2024-09-01 21:00:00,583,Ramanathapuram,0.5,18.778,-9.86125
2024-09-03 16:00:00,583,Ramanathapuram,0.5,18.777,-9.855
2024-09-13 22:00:00,583,Ramanathapuram,1.0,18.778,-10.323
2024-09-18 17:00:00,583,Ramanathapuram,2.0,18.777,-10.3645
2024-09-23 18:00:00,583,Ramanathapuram,0.5,18.777,-10.372
2024-09-29 00:00:00,583,Ramanathapuram,2.5,18.778,-10.542
2024-09-29 06:00:00,583,Ramanathapuram,0.5,18.778,-10.52425
2024-09-29 07:00:00,583,Ramanathapuram,2.5,18.777,-10.52425
2024-09-29 08:00:00,583,Ramanathapuram,1.0,18.778,-10.52425
2024-09-29 11:00:00,583,Ramanathapuram,1.0,18.777,-10.44625
2024-09-29 12:00:00,583,Ramanathapuram,0.5,18.777,-10.44625
2024-09-30 04:00:00,583,Ramanathapuram,0.5,18.777,-10.53625
2024-09-30 05:00:00,583,Ramanathapuram,2.0,18.777,-10.53625
2024-09-30 06:00:00,583,Ramanathapuram,5.75,18.777,-10.53625
2024-09-30 07:00:00,583,Ramanathapuram,0.5,18.777,-10.53625
2024-09-30 08:00:00,583,Ramanathapuram,0.75,18.777,-10.53625
2024-09-30 08:10:00,583,Ramanathapuram,0.5,18.777,-10.53625
2024-09-30 08:15:00,583,Ramanathapuram,2.5,18.777,-10.53625
2024-09-30 08:20:00,583,Ramanathapuram,4.0,18.777,-10.53625
2024-09-30 08:25:00,583,Ramanathapuram,5.0,18.777,-10.53625
2024-09-30 08:30:00,583,Ramanathapuram,9.5,18.777,-10.53625
2024-09-30 08:35:00,583,Ramanathapuram,12.0,18.777,-10.53625
2024-09-30 08:40:00,583,Ramanathapuram,12.0,18.777,-10.53625
2024-09-30 08:45:00,583,Ramanathapuram,12.0,18.777,-10.53625
2024-09-30 08:50:00,583,Ramanathapuram,12.0,18.777,-10.53625
2024-09-30 08:55:00,583,Ramanathapuram,12.0,18.777,-10.53625
2024-09-30 09:00:00,583,Ramanathapuram,6.25,18.777,-10.53625
2024-09-30 09:30:00,583,Ramanathapuram,1.5,18.777,-10.51125
2024-09-30 09:35:00,583,Ramanathapuram,4.0,18.777,-10.51125
2024-09-30 09:40:00,583,Ramanathapuram,5.0,18.777,-10.51125
2024-09-30 09:45:00,583,Ramanathapuram,6.0,18.777,-10.51125
2024-09-30 09:50:00,583,Ramanathapuram,10.5,18.777,-10.51125
2024-09-30 09:55:00,583,Ramanathapuram,12.0,18.777,-10.51125
2024-09-30 10:00:00,583,Ramanathapuram,3.4,18.777,-10.51125
2024-09-30 10:05:00,583,Ramanathapuram,0.5,18.777,-10.51125
2024-09-30 10:10:00,583,Ramanathapuram,0.5,18.777,-10.51125
2024-09-30 10:15:00,583,Ramanathapuram,0.5,18.777,-10.51125
2024-09-30 10:20:00,583,Ramanathapuram,0.5,18.777,-10.51125
2024-09-30 10:25:00,583,Ramanathapuram,0.5,18.777,-10.51125
2024-09-30 10:30:00,583,Ramanathapuram,0.5,18.777,-10.51125
2024-09-30 10:35:00,583,Ramanathapuram,0.5,18.778,-10.51125
2024-09-30 10:40:00,583,Ramanathapuram,0.5,18.778,-10.51125
2024-09-30 10:45:00,583,Ramanathapuram,0.5,18.778,-10.51125
2024-09-30 10:50:00,583,Ramanathapuram,0.5,18.778,-10.51125
2024-09-30 10:55:00,583,Ramanathapuram,0.5,18.778,-10.51125
2024-09-30 11:00:00,583,Ramanathapuram,0.9166666666666666,18.778,-10.51125
2024-09-30 12:00:00,583,Ramanathapuram,0.5,18.777,-10.51125
2024-09-30 14:00:00,583,Ramanathapuram,0.5,18.778,-10.51125
2024-09-30 16:00:00,583,Ramanathapuram,3.75,18.777,-10.5415
2024-09-30 17:00:00,583,Ramanathapuram,2.75,18.777,-10.5415
2024-09-30 22:00:00,583,Ramanathapuram,0.5,18.777,-10.53125
2024-10-01 05:00:00,583,Ramanathapuram,0.5,18.777,-10.45425
2024-10-01 12:00:00,583,Ramanathapuram,0.5,18.777,-10.51225
2024-10-01 19:00:00,583,Ramanathapuram,0.5,18.777,-10.55875
2024-10-02 05:00:00,583,Ramanathapuram,0.5,18.777,-10.45675
2024-10-02 16:00:00,583,Ramanathapuram,0.5,18.777,-10.53325
2024-10-03 07:00:00,583,Ramanathapuram,0.5,18.777,-10.482
2024-10-04 04:00:00,583,Ramanathapuram,0.5,18.777,-10.54425
2024-10-04 16:00:00,583,Ramanathapuram,0.5,18.778,-10.603
2024-10-04 21:00:00,583,Ramanathapuram,1.0,18.777,-10.603
2024-10-05 00:00:00,583,Ramanathapuram,0.5,18.778,-10.57375
2024-10-05 01:00:00,583,Ramanathapuram,16.0,18.778,-10.57375
2024-10-05 02:00:00,583,Ramanathapuram,17.5,18.777,-10.57375
2024-10-05 02:30:00,583,Ramanathapuram,3.0,18.777,-10.57375
2024-10-05 03:00:00,583,Ramanathapuram,16.25,18.777,-10.57375
2024-10-05 03:30:00,583,Ramanathapuram,19.0,18.777,-10.5765
2024-10-05 04:00:00,583,Ramanathapuram,47.0,18.777,-10.5765
2024-10-05 04:30:00,583,Ramanathapuram,28.5,18.777,-10.5765
2024-10-05 05:00:00,583,Ramanathapuram,18.5,18.777,-10.5765
2024-10-05 05:30:00,583,Ramanathapuram,11.0,18.777,-10.5765
2024-10-05 06:00:00,583,Ramanathapuram,12.0,18.777,-10.5765
2024-10-05 08:00:00,583,Ramanathapuram,0.5,18.777,-10.5765
2024-10-05 08:30:00,583,Ramanathapuram,0.5,18.777,-10.5765
2024-10-05 09:00:00,583,Ramanathapuram,0.5,18.777,-10.5765
2024-10-05 14:00:00,583,Ramanathapuram,6.5,18.777,-10.486999999999998
2024-10-05 15:00:00,583,Ramanathapuram,6.5,18.778,-10.486999999999998
2024-10-05 16:00:00,583,Ramanathapuram,2.0,18.777,-10.619
2024-10-05 17:00:00,583,Ramanathapuram,1.0,18.778,-10.619
2024-10-06 05:00:00,583,Ramanathapuram,5.0,18.777,-10.633
2024-10-06 06:00:00,583,Ramanathapuram,1.0,18.777,-10.633
2024-10-06 07:00:00,583,Ramanathapuram,5.75,18.777,-10.633
2024-10-06 07:30:00,583,Ramanathapuram,31.0,18.777,-10.633
2024-10-06 08:00:00,583,Ramanathapuram,34.0,18.777,-10.633
2024-10-06 08:30:00,583,Ramanathapuram,0.5,18.777,-10.633
2024-10-06 09:00:00,583,Ramanathapuram,0.5,18.778,-10.633
2024-10-06 10:00:00,583,Ramanathapuram,0.5,18.778,-10.576
2024-10-06 21:00:00,583,Ramanathapuram,0.5,18.778,-10.6635
2024-10-07 11:00:00,583,Ramanathapuram,0.5,18.777,-10.633
2024-10-07 12:00:00,583,Ramanathapuram,4.0,18.778,-10.633
2024-10-07 13:00:00,583,Ramanathapuram,12.0,18.777,-10.633
2024-10-07 14:00:00,583,Ramanathapuram,2.833333333333333,18.777,-10.633
2024-10-07 15:00:00,583,Ramanathapuram,1.0,18.778,-10.633
2024-10-08 05:00:00,583,Ramanathapuram,0.5,18.777,-10.6595
2024-10-08 15:00:00,583,Ramanathapuram,0.5,18.778,-10.515
2024-10-08 16:00:00,583,Ramanathapuram,3.0,18.777,-10.63875
2024-10-08 17:00:00,583,Ramanathapuram,1.5,18.777,-10.63875
2024-10-09 00:30:00,583,Ramanathapuram,6.5,18.777,-10.54875
2024-10-09 01:00:00,583,Ramanathapuram,12.5,18.778,-10.54875
2024-10-09 12:00:00,583,Ramanathapuram,26.0,18.778,-10.577
2024-10-09 13:00:00,583,Ramanathapuram,5.25,18.778,-10.577
2024-10-09 14:00:00,583,Ramanathapuram,1.0,18.778,-10.577
2024-10-09 15:00:00,583,Ramanathapuram,0.5,18.777,-10.577
2024-10-10 05:00:00,583,Ramanathapuram,0.5,18.778,-10.52475
2024-10-10 13:00:00,583,Ramanathapuram,1.0,18.777,-10.6135
2024-10-10 14:00:00,583,Ramanathapuram,0.75,18.777,-10.6135
2024-10-10 15:00:00,583,Ramanathapuram,0.5,18.778,-10.6135
2024-10-10 21:00:00,583,Ramanathapuram,0.5,18.777,-10.5925
2024-10-10 22:00:00,583,Ramanathapuram,2.5,18.777,-10.64475
2024-10-11 01:00:00,583,Ramanathapuram,0.5,18.778,-10.64475
2024-10-11 03:00:00,583,Ramanathapuram,1.0,18.777,-10.64475
2024-10-11 05:00:00,583,Ramanathapuram,0.5,18.777,-10.55625
2024-10-11 06:30:00,583,Ramanathapuram,3.5,18.777,-10.55625
2024-10-11 07:00:00,583,Ramanathapuram,4.0,18.778,-10.55625
2024-10-11 11:00:00,583,Ramanathapuram,0.5,18.777,-10.5565
2024-10-11 12:00:00,583,Ramanathapuram,0.5,18.777,-10.5565
2024-10-11 13:00:00,583,Ramanathapuram,0.5,18.777,-10.5565
2024-10-11 14:00:00,583,Ramanathapuram,0.5,18.777,-10.5565
2024-10-11 20:00:00,583,Ramanathapuram,5.0,18.777,-10.73
2024-10-11 21:00:00,583,Ramanathapuram,4.5,18.776,-10.73
2024-10-12 00:00:00,583,Ramanathapuram,0.5,18.777,-10.5865
2024-10-12 03:30:00,583,Ramanathapuram,0.5,18.777,-10.55675
2024-10-12 04:00:00,583,Ramanathapuram,0.5,18.777,-10.55675
2024-10-12 05:30:00,583,Ramanathapuram,0.5,18.777,-10.55675
2024-10-12 06:00:00,583,Ramanathapuram,0.5,18.777,-10.55675
2024-10-12 14:00:00,583,Ramanathapuram,0.5,18.777,-10.729
2024-10-12 15:00:00,583,Ramanathapuram,0.5,18.777,-10.729
2024-10-12 16:00:00,583,Ramanathapuram,6.5,18.778,-10.6465
2024-10-12 17:00:00,583,Ramanathapuram,0.5,18.777,-10.6465
2024-10-12 20:00:00,583,Ramanathapuram,0.5,18.777,-10.6465
2024-10-12 21:00:00,583,Ramanathapuram,4.0,18.778,-10.6465
2024-10-12 22:00:00,583,Ramanathapuram,11.5,18.778,-10.5615
2024-10-13 00:00:00,583,Ramanathapuram,2.5,18.778,-10.5615
2024-10-13 01:00:00,583,Ramanathapuram,4.75,18.777,-10.5615
2024-10-13 03:00:00,583,Ramanathapuram,0.5,18.778,-10.5615
2024-10-13 04:00:00,583,Ramanathapuram,2.0,18.777,-10.6515
2024-10-13 05:00:00,583,Ramanathapuram,1.75,18.777,-10.6515
2024-10-13 06:00:00,583,Ramanathapuram,0.5,18.778,-10.6515
2024-10-13 07:00:00,583,Ramanathapuram,0.5,18.778,-10.6515
2024-10-13 08:00:00,583,Ramanathapuram,0.5,18.777,-10.6515
2024-10-13 09:00:00,583,Ramanathapuram,1.0,18.777,-10.6515
2024-10-13 10:00:00,583,Ramanathapuram,1.0,18.777,-10.57925
2024-10-13 16:00:00,583,Ramanathapuram,0.5,18.777,-10.71475
2024-10-13 21:00:00,583,Ramanathapuram,0.5,18.777,-10.71475
2024-10-13 22:00:00,583,Ramanathapuram,0.5,18.777,-10.63125
2024-10-13 23:00:00,583,Ramanathapuram,11.5,18.777,-10.63125
2024-10-14 00:00:00,583,Ramanathapuram,3.0,18.777,-10.63125
2024-10-14 00:30:00,583,Ramanathapuram,24.5,18.777,-10.63125
2024-10-14 01:00:00,583,Ramanathapuram,23.5,18.777,-10.63125
2024-10-14 02:00:00,583,Ramanathapuram,2.0,18.777,-10.63125
2024-10-14 02:30:00,583,Ramanathapuram,0.5,18.777,-10.63125
2024-10-14 03:00:00,583,Ramanathapuram,1.1666666666666667,18.777,-10.63125
2024-10-14 03:30:00,583,Ramanathapuram,4.5,18.777,-10.65275
2024-10-14 04:00:00,583,Ramanathapuram,2.833333333333333,18.778,-10.65275
2024-10-14 04:30:00,583,Ramanathapuram,0.5,18.778,-10.65275
2024-10-14 05:00:00,583,Ramanathapuram,3.0,18.777,-10.65275
2024-10-14 05:30:00,583,Ramanathapuram,2.0,18.777,-10.65275
2024-10-14 06:00:00,583,Ramanathapuram,1.5,18.777,-10.65275
2024-10-14 07:00:00,583,Ramanathapuram,0.5,18.777,-10.65275
2024-10-14 08:00:00,583,Ramanathapuram,0.6666666666666666,18.777,-10.65275
2024-10-14 08:30:00,583,Ramanathapuram,0.75,18.777,-10.65275
2024-10-14 09:00:00,583,Ramanathapuram,0.9,18.777,-10.65275
2024-10-14 10:30:00,583,Ramanathapuram,0.5,18.777,-10.5855
2024-10-14 11:00:00,583,Ramanathapuram,0.5,18.777,-10.5855
2024-10-14 12:00:00,583,Ramanathapuram,0.5,18.777,-10.5855
2024-10-14 13:00:00,583,Ramanathapuram,0.5,18.777,-10.5855
2024-10-14 13:30:00,583,Ramanathapuram,0.75,18.777,-10.5855
2024-10-14 14:00:00,583,Ramanathapuram,0.6666666666666666,18.777,-10.5855
2024-10-14 14:30:00,583,Ramanathapuram,0.5,18.777,-10.5855
2024-10-14 15:00:00,583,Ramanathapuram,0.5,18.777,-10.5855
2024-10-14 17:00:00,583,Ramanathapuram,1.0,18.777,-10.67175
2024-10-14 19:00:00,583,Ramanathapuram,20.0,18.777,-10.67175
2024-10-14 20:00:00,583,Ramanathapuram,2.833333333333333,18.777,-10.67175
2024-10-14 21:00:00,583,Ramanathapuram,2.875,18.776,-10.67175
2024-10-14 22:00:00,583,Ramanathapuram,2.5,18.777,-10.594
2024-10-14 22:30:00,583,Ramanathapuram,0.5,18.777,-10.594
2024-10-14 23:00:00,583,Ramanathapuram,2.5,18.777,-10.594
2024-10-15 00:00:00,583,Ramanathapuram,0.5,18.777,-10.594
2024-10-15 02:00:00,583,Ramanathapuram,0.5,18.777,-10.594
2024-10-15 09:00:00,583,Ramanathapuram,0.5,18.777,-10.62975
2024-10-15 16:00:00,583,Ramanathapuram,0.5,18.777,-10.65875
2024-10-15 21:00:00,583,Ramanathapuram,3.0,18.778,-10.65875
2024-10-15 22:00:00,583,Ramanathapuram,12.5,18.777,-10.585
2024-10-16 08:00:00,583,Ramanathapuram,0.5,18.777,-10.5425
2024-10-16 16:30:00,583,Ramanathapuram,5.0,18.778,-10.616
2024-10-16 17:00:00,583,Ramanathapuram,5.0,18.778,-10.616
2024-10-16 20:00:00,583,Ramanathapuram,14.0,18.777,-10.616
2024-10-16 21:00:00,583,Ramanathapuram,10.0,18.777,-10.616
2024-10-16 22:00:00,583,Ramanathapuram,0.5,18.777,-10.584
2024-10-18 16:00:00,583,Ramanathapuram,0.5,18.777,-10.687
2024-10-18 17:00:00,583,Ramanathapuram,0.5,18.777,-10.687
2024-10-19 12:00:00,583,Ramanathapuram,0.5,18.777,-10.63875
2024-10-19 20:00:00,583,Ramanathapuram,0.5,18.777,-10.6215
2024-10-20 11:00:00,583,Ramanathapuram,2.0,18.777,-10.6315
2024-10-20 14:00:00,583,Ramanathapuram,0.5,18.778,-10.6315
2024-10-20 21:00:00,583,Ramanathapuram,0.5,18.777,-10.75775
2024-10-21 07:00:00,583,Ramanathapuram,5.0,18.777,-10.57425
2024-10-21 13:00:00,583,Ramanathapuram,0.5,18.777,-10.73175
2024-10-22 07:00:00,583,Ramanathapuram,0.5,18.777,-10.7235
2024-10-22 11:00:00,583,Ramanathapuram,1.0,18.777,-10.7355
2024-10-22 14:30:00,583,Ramanathapuram,0.5,18.777,-10.7355
2024-10-22 15:00:00,583,Ramanathapuram,0.5,18.777,-10.7355
2024-10-22 23:00:00,583,Ramanathapuram,0.5,18.777,-10.6725
2024-10-23 15:00:00,583,Ramanathapuram,11.5,18.777,-10.6265
2024-10-23 16:00:00,583,Ramanathapuram,10.0,18.778,-10.775
2024-10-23 17:00:00,583,Ramanathapuram,0.5,18.777,-10.775
2024-10-24 09:00:00,583,Ramanathapuram,0.5,18.777,-10.7195
2024-10-24 11:45:00,583,Ramanathapuram,1.5,18.777,-10.62775
2024-10-24 11:50:00,583,Ramanathapuram,2.5,18.777,-10.62775
2024-10-24 11:55:00,583,Ramanathapuram,2.5,18.777,-10.62775
2024-10-24 12:00:00,583,Ramanathapuram,2.5,18.777,-10.62775
2024-10-24 15:00:00,583,Ramanathapuram,342.0,18.777,-10.62775
2024-10-24 16:00:00,583,Ramanathapuram,223.5,18.778,-10.6955
2024-10-24 17:00:00,583,Ramanathapuram,8.5,18.778,-10.6955
2024-10-24 21:00:00,583,Ramanathapuram,21.0,18.777,-10.6955
2024-10-25 03:00:00,583,Ramanathapuram,0.5,18.777,-10.727
2024-10-25 08:00:00,583,Ramanathapuram,16.5,18.777,-10.648
2024-10-25 09:00:00,583,Ramanathapuram,1.0,18.777,-10.648
2024-10-25 10:00:00,583,Ramanathapuram,21.0,18.778,-10.79925
2024-10-25 11:00:00,583,Ramanathapuram,1.0,18.777,-10.79925
2024-10-25 13:00:00,583,Ramanathapuram,2.0,18.778,-10.79925
2024-10-25 14:00:00,583,Ramanathapuram,4.0,18.777,-10.79925
2024-10-25 15:00:00,583,Ramanathapuram,9.5,18.777,-10.79925
2024-10-25 16:00:00,583,Ramanathapuram,3.5,18.777,-10.687
2024-10-25 18:00:00,583,Ramanathapuram,1.5,18.777,-10.687
2024-10-25 19:00:00,583,Ramanathapuram,0.5,18.778,-10.687
2024-10-25 20:00:00,583,Ramanathapuram,0.5,18.777,-10.687
2024-10-26 10:00:00,583,Ramanathapuram,0.5,18.777,-10.7245
2024-10-26 12:00:00,583,Ramanathapuram,7.0,18.777,-10.7245
2024-10-26 12:30:00,583,Ramanathapuram,1.0,18.777,-10.7245
2024-10-26 13:00:00,583,Ramanathapuram,3.0,18.778,-10.7245
2024-10-26 13:30:00,583,Ramanathapuram,12.0,18.778,-10.7245
2024-10-26 19:00:00,583,Ramanathapuram,7.5,18.777,-10.75725
2024-10-26 20:00:00,583,Ramanathapuram,0.5,18.777,-10.75725
2024-10-27 02:00:00,583,Ramanathapuram,0.5,18.777,-10.70975
2024-10-27 16:00:00,583,Ramanathapuram,0.5,18.778,-10.67525
2024-10-28 00:00:00,583,Ramanathapuram,0.5,18.778,-10.723
2024-10-28 12:00:00,583,Ramanathapuram,0.5,18.778,-10.662
2024-10-28 13:00:00,583,Ramanathapuram,0.5,18.777,-10.662
2024-10-28 15:00:00,583,Ramanathapuram,0.5,18.777,-10.662
2024-10-28 16:00:00,583,Ramanathapuram,0.5,18.777,-10.78975
2024-10-28 17:00:00,583,Ramanathapuram,0.5,18.778,-10.78975
2024-10-28 20:00:00,583,Ramanathapuram,0.5,18.777,-10.78975
2024-10-29 00:00:00,583,Ramanathapuram,0.5,18.777,-10.68575
2024-10-29 03:00:00,583,Ramanathapuram,0.5,18.777,-10.68575
2024-10-29 06:00:00,583,Ramanathapuram,0.5,18.777,-10.75775
2024-10-29 10:00:00,583,Ramanathapuram,0.5,18.777,-10.7265
2024-10-29 13:00:00,583,Ramanathapuram,0.5,18.777,-10.7265
2024-10-29 15:00:00,583,Ramanathapuram,0.5,18.777,-10.7265
2024-10-29 16:00:00,583,Ramanathapuram,0.5,18.778,-10.7335
2024-10-29 18:00:00,583,Ramanathapuram,8.5,18.777,-10.7335
2024-10-29 19:00:00,583,Ramanathapuram,0.5,18.778,-10.7335
2024-10-30 00:00:00,583,Ramanathapuram,0.5,18.777,-10.771
2024-10-30 07:00:00,583,Ramanathapuram,0.5,18.777,-10.6995
2024-10-30 12:00:00,583,Ramanathapuram,2.0,18.777,-10.6995
2024-10-30 16:00:00,583,Ramanathapuram,0.5,18.777,-10.79875
2024-10-30 19:00:00,583,Ramanathapuram,0.5,18.777,-10.79875
2024-10-31 02:00:00,583,Ramanathapuram,0.5,18.777,-10.7105
2024-10-31 08:00:00,583,Ramanathapuram,0.5,18.777,-10.7825
2024-10-31 09:00:00,583,Ramanathapuram,0.5,18.777,-10.7825
2024-10-31 11:00:00,583,Ramanathapuram,0.5,18.778,-10.8225
2024-10-31 12:00:00,583,Ramanathapuram,0.5,18.778,-10.8225
2024-10-31 15:00:00,583,Ramanathapuram,0.5,18.777,-10.8225
2024-10-31 17:00:00,583,Ramanathapuram,0.5,18.777,-10.80225
2024-10-31 21:00:00,583,Ramanathapuram,0.5,18.777,-10.80225
2024-11-01 00:00:00,583,Ramanathapuram,0.5,18.778,-10.8195
2024-11-01 01:00:00,583,Ramanathapuram,0.5,18.777,-10.8195
2024-11-01 03:00:00,583,Ramanathapuram,0.5,18.778,-10.8195
2024-11-01 04:30:00,583,Ramanathapuram,0.5,18.777,-10.71375
2024-11-01 05:00:00,583,Ramanathapuram,0.5,18.777,-10.71375
2024-11-01 07:00:00,583,Ramanathapuram,0.5,18.778,-10.71375
2024-11-01 08:00:00,583,Ramanathapuram,0.5,18.777,-10.71375
2024-11-01 09:00:00,583,Ramanathapuram,1.0,18.777,-10.71375
2024-11-01 10:00:00,583,Ramanathapuram,1.0,18.778,-10.75375
2024-11-01 11:00:00,583,Ramanathapuram,1.5,18.777,-10.75375
2024-11-01 12:00:00,583,Ramanathapuram,6.0,18.777,-10.75375
2024-11-01 13:00:00,583,Ramanathapuram,1.125,18.777,-10.75375
2024-11-01 14:00:00,583,Ramanathapuram,2.0,18.777,-10.75375
2024-11-01 15:00:00,583,Ramanathapuram,0.5,18.777,-10.75375
2024-11-01 17:00:00,583,Ramanathapuram,0.5,18.778,-10.86525
2024-11-01 18:00:00,583,Ramanathapuram,0.5,18.777,-10.86525
2024-11-01 22:00:00,583,Ramanathapuram,0.5,18.778,-10.76175
2024-11-02 01:00:00,583,Ramanathapuram,13.5,18.777,-10.76175
2024-11-02 01:30:00,583,Ramanathapuram,17.5,18.777,-10.76175
2024-11-02 02:00:00,583,Ramanathapuram,18.5,18.777,-10.76175
2024-11-02 02:30:00,583,Ramanathapuram,27.0,18.777,-10.76175
2024-11-02 03:00:00,583,Ramanathapuram,28.5,18.777,-10.76175
2024-11-02 04:00:00,583,Ramanathapuram,1.5,18.777,-10.74825
2024-11-02 08:00:00,583,Ramanathapuram,0.5,18.777,-10.74825
2024-11-02 09:00:00,583,Ramanathapuram,0.5,18.777,-10.74825
2024-11-02 10:00:00,583,Ramanathapuram,0.5,18.777,-10.8105
2024-11-02 11:00:00,583,Ramanathapuram,0.5,18.778,-10.8105
2024-11-02 12:00:00,583,Ramanathapuram,3.8333333333333335,18.777,-10.8105
2024-11-02 13:00:00,583,Ramanathapuram,2.25,18.777,-10.8105
2024-11-02 14:00:00,583,Ramanathapuram,10.166666666666666,18.778,-10.8105
2024-11-02 15:00:00,583,Ramanathapuram,0.5,18.778,-10.8105
2024-11-02 16:00:00,583,Ramanathapuram,0.5,18.777,-10.75875
2024-11-02 21:00:00,583,Ramanathapuram,0.5,18.778,-10.75875
2024-11-02 23:00:00,583,Ramanathapuram,6.25,18.777,-10.7805
2024-11-03 00:00:00,583,Ramanathapuram,5.666666666666667,18.777,-10.7805
2024-11-03 01:00:00,583,Ramanathapuram,0.5,18.777,-10.7805
2024-11-03 02:00:00,583,Ramanathapuram,0.75,18.777,-10.7805
2024-11-03 05:00:00,583,Ramanathapuram,3.0,18.778,-10.81175
2024-11-03 06:00:00,583,Ramanathapuram,0.5,18.777,-10.81175
2024-11-03 09:00:00,583,Ramanathapuram,0.5,18.777,-10.81175
2024-11-03 10:00:00,583,Ramanathapuram,65.33333333333333,18.777,-10.8305
2024-11-03 11:00:00,583,Ramanathapuram,0.5,18.777,-10.8305
2024-11-03 12:00:00,583,Ramanathapuram,7.0,18.777,-10.8305
2024-11-03 14:00:00,583,Ramanathapuram,3.0,18.777,-10.8305
2024-11-03 16:00:00,583,Ramanathapuram,0.5,18.777,-10.808
2024-11-03 17:00:00,583,Ramanathapuram,1.25,18.777,-10.808
2024-11-03 18:00:00,583,Ramanathapuram,0.5,18.777,-10.808
2024-11-03 19:00:00,583,Ramanathapuram,0.5,18.777,-10.808
2024-11-03 20:00:00,583,Ramanathapuram,0.5,18.777,-10.808
2024-11-03 22:00:00,583,Ramanathapuram,0.5,18.777,-10.8235
2024-11-04 00:00:00,583,Ramanathapuram,0.5,18.778,-10.8235
2024-11-04 03:00:00,583,Ramanathapuram,0.5,18.778,-10.8235
2024-11-04 06:00:00,583,Ramanathapuram,0.5,18.777,-10.795
2024-11-04 08:00:00,583,Ramanathapuram,0.5,18.777,-10.795
2024-11-04 10:00:00,583,Ramanathapuram,2.0,18.777,-10.739999999999998
2024-11-04 11:00:00,583,Ramanathapuram,1.0,18.777,-10.739999999999998
2024-11-04 12:00:00,583,Ramanathapuram,0.5,18.777,-10.739999999999998
2024-11-04 14:00:00,583,Ramanathapuram,0.5,18.777,-10.739999999999998
2024-11-04 16:00:00,583,Ramanathapuram,0.5,18.778,-10.841
2024-11-04 17:00:00,583,Ramanathapuram,0.5,18.777,-10.841
2024-11-04 18:00:00,583,Ramanathapuram,0.5,18.777,-10.841
2024-11-04 19:00:00,583,Ramanathapuram,0.5,18.778,-10.841
2024-11-04 21:00:00,583,Ramanathapuram,0.5,18.777,-10.841
2024-11-05 01:00:00,583,Ramanathapuram,0.5,18.777,-10.773
2024-11-05 17:00:00,583,Ramanathapuram,0.5,18.777,-10.82275
2024-11-05 20:00:00,583,Ramanathapuram,0.5,18.777,-10.82275
2024-11-05 22:00:00,583,Ramanathapuram,0.5,18.777,-10.8475
2024-11-06 02:00:00,583,Ramanathapuram,0.5,18.777,-10.8475
2024-11-06 04:00:00,583,Ramanathapuram,0.5,18.777,-10.867
2024-11-06 06:00:00,583,Ramanathapuram,0.5,18.777,-10.867
2024-11-06 08:00:00,583,Ramanathapuram,0.5,18.777,-10.867
2024-11-06 19:00:00,583,Ramanathapuram,0.5,18.777,-10.93675
2024-11-06 21:00:00,583,Ramanathapuram,0.5,18.777,-10.93675
2024-11-06 23:00:00,583,Ramanathapuram,1.5,18.777,-10.873
2024-11-07 00:00:00,583,Ramanathapuram,2.5,18.777,-10.873
2024-11-07 01:00:00,583,Ramanathapuram,4.5,18.777,-10.873
2024-11-07 02:00:00,583,Ramanathapuram,13.5,18.777,-10.873
2024-11-07 03:00:00,583,Ramanathapuram,1.5,18.777,-10.873
2024-11-07 04:00:00,583,Ramanathapuram,0.5,18.777,-10.786
2024-11-07 06:00:00,583,Ramanathapuram,0.5,18.777,-10.786
2024-11-07 07:00:00,583,Ramanathapuram,0.5,18.777,-10.786
2024-11-07 11:00:00,583,Ramanathapuram,5.0,18.777,-10.851
2024-11-07 12:00:00,583,Ramanathapuram,1.5,18.777,-10.851
2024-11-07 13:00:00,583,Ramanathapuram,0.5,18.778,-10.851
2024-11-07 14:00:00,583,Ramanathapuram,1.5,18.778,-10.851
2024-11-07 15:00:00,583,Ramanathapuram,2.5,18.778,-10.851
2024-11-07 16:00:00,583,Ramanathapuram,2.0,18.778,-10.8675
2024-11-07 17:00:00,583,Ramanathapuram,2.0,18.777,-10.8675
2024-11-07 18:00:00,583,Ramanathapuram,8.5,18.777,-10.8675
2024-11-07 19:00:00,583,Ramanathapuram,2.0,18.777,-10.8675
2024-11-07 20:00:00,583,Ramanathapuram,2.5,18.777,-10.8675
2024-11-07 21:00:00,583,Ramanathapuram,2.5,18.777,-10.8675
2024-11-07 23:00:00,583,Ramanathapuram,0.5,18.777,-10.8625
2024-11-08 00:00:00,583,Ramanathapuram,1.5,18.777,-10.8625
2024-11-08 01:00:00,583,Ramanathapuram,1.0,18.778,-10.8625
2024-11-08 08:45:00,583,Ramanathapuram,2.5,18.777,-13.061666666666667
2024-11-08 08:50:00,583,Ramanathapuram,4.5,18.777,-13.061666666666667
2024-11-08 09:00:00,583,Ramanathapuram,4.5,18.777,-13.061666666666667
2024-11-08 11:00:00,583,Ramanathapuram,0.5,18.777,-13.128333333333332
2024-11-08 11:20:00,583,Ramanathapuram,4.0,18.777,-13.128333333333332
2024-11-08 11:25:00,583,Ramanathapuram,4.0,18.777,-13.128333333333332
2024-11-08 11:30:00,583,Ramanathapuram,4.0,18.777,-13.128333333333332
2024-11-08 12:00:00,583,Ramanathapuram,4.0,18.777,-13.128333333333332
2024-11-08 13:00:00,583,Ramanathapuram,2.1666666666666665,18.777,-13.128333333333332
2024-11-08 13:10:00,583,Ramanathapuram,0.5,18.777,-13.128333333333332
2024-11-08 13:20:00,583,Ramanathapuram,0.5,18.777,-13.128333333333332
2024-11-08 13:25:00,583,Ramanathapuram,0.5,18.777,-13.128333333333332
2024-11-08 13:30:00,583,Ramanathapuram,0.5,18.777,-13.128333333333332
2024-11-08 13:35:00,583,Ramanathapuram,0.5,18.777,-13.128333333333332
2024-11-08 13:45:00,583,Ramanathapuram,0.5,18.777,-13.128333333333332
2024-11-08 13:55:00,583,Ramanathapuram,0.5,18.777,-13.128333333333332
2024-11-08 14:00:00,583,Ramanathapuram,2.5,18.777,-13.128333333333332
2024-11-08 15:00:00,583,Ramanathapuram,2.5,18.777,-13.128333333333332
2024-11-08 15:30:00,583,Ramanathapuram,2.5,18.777,-10.80025
2024-11-08 15:35:00,583,Ramanathapuram,0.5,18.777,-10.80025
2024-11-08 15:45:00,583,Ramanathapuram,2.5,18.777,-10.80025
2024-11-08 15:50:00,583,Ramanathapuram,2.5,18.777,-10.80025
2024-11-08 15:55:00,583,Ramanathapuram,0.5,18.777,-10.80025
2024-11-08 16:00:00,583,Ramanathapuram,3.5,18.777,-10.80025
2024-11-08 16:30:00,583,Ramanathapuram,1.0,18.777,-10.80025
2024-11-08 17:00:00,583,Ramanathapuram,1.5,18.777,-10.80025
2024-11-08 17:30:00,583,Ramanathapuram,0.5,18.777,-10.80025
2024-11-08 18:00:00,583,Ramanathapuram,0.5,18.777,-10.80025
2024-11-12 18:30:00,583,Ramanathapuram,6.5,18.778,-10.9815
2024-11-12 19:00:00,583,Ramanathapuram,6.5,18.777,-10.9815
2024-11-14 05:00:00,583,Ramanathapuram,0.5,18.778,-9.9
2024-11-14 07:00:00,583,Ramanathapuram,0.5,18.777,-9.9
2024-11-14 08:00:00,583,Ramanathapuram,5.5,18.777,-9.9
2024-11-14 11:00:00,583,Ramanathapuram,0.5,18.777,-9.893666666666666
2024-11-14 12:00:00,583,Ramanathapuram,13.5,18.777,-9.893666666666666
2024-11-14 13:00:00,583,Ramanathapuram,6.5,18.778,-9.893666666666666
2024-11-14 15:00:00,583,Ramanathapuram,2.5,18.777,-9.893666666666666
2024-11-14 16:00:00,583,Ramanathapuram,4.0,18.777,-9.787333333333333
2024-11-14 16:30:00,583,Ramanathapuram,1.5,18.777,-9.787333333333333
2024-11-14 17:00:00,583,Ramanathapuram,1.5,18.777,-9.787333333333333
2024-11-14 19:30:00,583,Ramanathapuram,1.0,18.777,-9.787333333333333
2024-11-14 20:00:00,583,Ramanathapuram,1.0,18.777,-9.787333333333333
2024-11-14 22:30:00,583,Ramanathapuram,0.5,18.777,-9.909333333333334
2024-11-14 23:00:00,583,Ramanathapuram,0.5,18.777,-9.909333333333334
2024-11-15 02:00:00,583,Ramanathapuram,0.5,18.777,-9.909333333333334
2024-11-15 04:00:00,583,Ramanathapuram,10.0,18.776,-10.84925
2024-11-15 04:30:00,583,Ramanathapuram,0.5,18.776,-10.84925
2024-11-15 05:00:00,583,Ramanathapuram,1.0,18.778,-10.84925
2024-11-15 06:00:00,583,Ramanathapuram,1.0,18.777,-10.84925
2024-11-15 07:00:00,583,Ramanathapuram,0.5,18.778,-10.84925
2024-11-15 08:00:00,583,Ramanathapuram,0.5,18.777,-10.84925
2024-11-15 09:00:00,583,Ramanathapuram,0.5,18.777,-10.84925
2024-11-15 10:00:00,583,Ramanathapuram,0.5,18.778,-10.85225
2024-11-15 12:00:00,583,Ramanathapuram,0.5,18.777,-10.85225
2024-11-15 13:00:00,583,Ramanathapuram,1.0,18.777,-10.85225
2024-11-15 13:30:00,583,Ramanathapuram,15.0,18.777,-10.85225
2024-11-15 14:00:00,583,Ramanathapuram,10.5,18.777,-10.85225
2024-11-15 15:00:00,583,Ramanathapuram,2.375,18.778,-10.85225
2024-11-15 15:30:00,583,Ramanathapuram,0.5,18.778,-10.97475
2024-11-15 16:00:00,583,Ramanathapuram,0.75,18.777,-10.97475
2024-11-15 16:30:00,583,Ramanathapuram,0.5,18.777,-10.97475
2024-11-15 17:00:00,583,Ramanathapuram,0.5,18.777,-10.97475
2024-11-15 22:00:00,583,Ramanathapuram,0.5,18.777,-10.899
2024-11-15 23:30:00,583,Ramanathapuram,0.5,18.777,-10.899
2024-11-16 00:00:00,583,Ramanathapuram,0.5,18.777,-10.899
2024-11-16 03:00:00,583,Ramanathapuram,0.5,18.778,-10.899
2024-11-16 04:00:00,583,Ramanathapuram,0.5,18.778,-10.9275
2024-11-16 07:00:00,583,Ramanathapuram,8.0,18.777,-10.9275
2024-11-16 07:30:00,583,Ramanathapuram,1.0,18.777,-10.9275
2024-11-16 08:00:00,583,Ramanathapuram,1.25,18.778,-10.9275
2024-11-16 09:00:00,583,Ramanathapuram,6.5,18.777,-10.9275
2024-11-16 10:00:00,583,Ramanathapuram,5.0,18.777,-10.8785
2024-11-16 11:00:00,583,Ramanathapuram,1.25,18.777,-10.8785
2024-11-16 15:00:00,583,Ramanathapuram,4.0,18.778,-10.8785
2024-11-16 23:00:00,583,Ramanathapuram,0.5,18.777,-10.91025
2024-11-17 10:00:00,583,Ramanathapuram,3.0,18.777,-10.8985
2024-11-17 10:30:00,583,Ramanathapuram,1.5,18.777,-10.8985
2024-11-17 11:00:00,583,Ramanathapuram,1.25,18.778,-10.8985
2024-11-17 12:00:00,583,Ramanathapuram,4.0,18.777,-10.8985
2024-11-17 12:30:00,583,Ramanathapuram,3.75,18.777,-10.8985
2024-11-17 13:00:00,583,Ramanathapuram,3.875,18.777,-10.8985
2024-11-17 15:00:00,583,Ramanathapuram,1.75,18.777,-10.8985
2024-11-17 16:00:00,583,Ramanathapuram,15.666666666666666,18.777,-11.00225
2024-11-18 00:00:00,583,Ramanathapuram,2.0,18.778,-10.8575
2024-11-18 00:30:00,583,Ramanathapuram,1.5,18.777,-10.8575
2024-11-18 01:00:00,583,Ramanathapuram,2.0,18.778,-10.8575
2024-11-18 02:00:00,583,Ramanathapuram,1.0,18.777,-10.8575
2024-11-18 03:30:00,583,Ramanathapuram,2.0,18.777,-10.8775
2024-11-18 04:00:00,583,Ramanathapuram,3.0,18.777,-10.8775
2024-11-18 05:00:00,583,Ramanathapuram,1.5,18.776,-10.8775
2024-11-18 06:00:00,583,Ramanathapuram,1.5,18.777,-10.8775
2024-11-18 07:00:00,583,Ramanathapuram,1.25,18.776,-10.8775
2024-11-18 08:00:00,583,Ramanathapuram,0.5,18.777,-10.8775
2024-11-18 08:30:00,583,Ramanathapuram,0.5,18.777,-10.8775
2024-11-18 09:00:00,583,Ramanathapuram,1.0,18.778,-10.8775
2024-11-18 18:00:00,583,Ramanathapuram,0.5,18.778,-10.84675
2024-11-18 19:30:00,583,Ramanathapuram,0.5,18.777,-10.84675
2024-11-18 20:00:00,583,Ramanathapuram,1.5,18.777,-10.84675
2024-11-18 22:00:00,583,Ramanathapuram,1.25,18.777,-10.9515
2024-11-18 23:00:00,583,Ramanathapuram,2.75,18.777,-10.9515
2024-11-18 23:30:00,583,Ramanathapuram,0.5,18.777,-10.9515
2024-11-19 00:00:00,583,Ramanathapuram,1.0,18.777,-10.9515
2024-11-19 01:00:00,583,Ramanathapuram,0.5,18.777,-10.9515
2024-11-19 03:00:00,583,Ramanathapuram,2.0,18.777,-10.9515
2024-11-19 04:00:00,583,Ramanathapuram,2.5,18.777,-10.9475
2024-11-19 04:30:00,583,Ramanathapuram,0.5,18.777,-10.9475
2024-11-19 05:00:00,583,Ramanathapuram,2.0,18.777,-10.9475
2024-11-19 06:00:00,583,Ramanathapuram,1.75,18.778,-10.9475
2024-11-19 06:30:00,583,Ramanathapuram,0.5,18.778,-10.9475
2024-11-19 07:00:00,583,Ramanathapuram,3.5,18.778,-10.9475
2024-11-19 08:00:00,583,Ramanathapuram,2.0,18.777,-10.9475
2024-11-19 08:30:00,583,Ramanathapuram,3.5,18.777,-10.9475
2024-11-19 09:00:00,583,Ramanathapuram,3.75,18.777,-10.9475
2024-11-19 09:30:00,583,Ramanathapuram,1.5,18.777,-10.82675
2024-11-19 10:00:00,583,Ramanathapuram,1.25,18.777,-10.82675
2024-11-19 11:00:00,583,Ramanathapuram,0.75,18.778,-10.82675
2024-11-19 12:00:00,583,Ramanathapuram,0.75,18.778,-10.82675
2024-11-19 14:00:00,583,Ramanathapuram,0.5,18.777,-10.82675
2024-11-19 14:30:00,583,Ramanathapuram,0.5,18.777,-10.82675
2024-11-19 15:00:00,583,Ramanathapuram,0.5,18.778,-10.82675
2024-11-19 17:00:00,583,Ramanathapuram,1.0,18.777,-10.96325
2024-11-19 17:30:00,583,Ramanathapuram,1.0,18.778,-10.96325
2024-11-19 18:00:00,583,Ramanathapuram,1.0,18.777,-10.96325
2024-11-19 19:00:00,583,Ramanathapuram,2.5,18.777,-10.96325
2024-11-19 21:00:00,583,Ramanathapuram,0.5,18.777,-10.96325
2024-11-19 22:00:00,583,Ramanathapuram,0.5,18.778,-10.85725
2024-11-19 22:30:00,583,Ramanathapuram,0.5,18.777,-10.85725
2024-11-19 23:00:00,583,Ramanathapuram,9.0,18.777,-10.85725
2024-11-19 23:30:00,583,Ramanathapuram,9.0,18.778,-10.85725
2024-11-20 00:00:00,583,Ramanathapuram,6.25,18.777,-10.85725
2024-11-20 00:30:00,583,Ramanathapuram,1.0,18.778,-10.85725
2024-11-20 01:00:00,583,Ramanathapuram,2.3,18.777,-10.85725
2024-11-20 01:30:00,583,Ramanathapuram,0.5,18.779,-10.85725
2024-11-20 02:00:00,583,Ramanathapuram,3.6,18.777,-10.85725
2024-11-20 02:30:00,583,Ramanathapuram,1.5,18.778,-10.85725
2024-11-20 03:00:00,583,Ramanathapuram,5.4,18.777,-10.85725
2024-11-20 03:30:00,583,Ramanathapuram,1.5,18.777,-10.79625
2024-11-20 04:00:00,583,Ramanathapuram,6.5,18.778,-10.79625
2024-11-20 04:30:00,583,Ramanathapuram,4.5,18.778,-10.79625
2024-11-20 05:00:00,583,Ramanathapuram,4.1,18.778,-10.79625
2024-11-20 05:30:00,583,Ramanathapuram,0.5,18.777,-10.79625
2024-11-20 06:00:00,583,Ramanathapuram,3.6,18.777,-10.79625
2024-11-20 06:30:00,583,Ramanathapuram,2.25,18.777,-10.79625
2024-11-20 07:00:00,583,Ramanathapuram,3.5,18.778,-10.79625
2024-11-20 07:30:00,583,Ramanathapuram,0.5,18.777,-10.79625
2024-11-20 08:00:00,583,Ramanathapuram,1.1,18.777,-10.79625
2024-11-20 08:30:00,583,Ramanathapuram,0.5,18.777,-10.79625
2024-11-20 09:00:00,583,Ramanathapuram,1.5,18.777,-10.79625
2024-11-20 09:30:00,583,Ramanathapuram,3.25,18.777,-10.81475
2024-11-20 10:00:00,583,Ramanathapuram,4.2,18.778,-10.81475
2024-11-20 10:30:00,583,Ramanathapuram,9.5,18.778,-10.81475
2024-11-20 11:00:00,583,Ramanathapuram,6.2,18.778,-10.81475
2024-11-20 11:30:00,583,Ramanathapuram,2.75,18.778,-10.81475
2024-11-20 12:00:00,583,Ramanathapuram,6.9,18.778,-10.81475
2024-11-20 12:30:00,583,Ramanathapuram,6.0,18.777,-10.81475
2024-11-20 13:00:00,583,Ramanathapuram,15.0,18.777,-10.81475
2024-11-20 13:30:00,583,Ramanathapuram,81.0,18.777,-10.81475
2024-11-20 14:00:00,583,Ramanathapuram,45.0,18.778,-10.81475
2024-11-20 14:30:00,583,Ramanathapuram,28.5,18.777,-10.81475
2024-11-20 15:00:00,583,Ramanathapuram,10.4,18.777,-10.81475
2024-11-20 15:30:00,583,Ramanathapuram,6.75,18.776,-10.90575
2024-11-20 16:00:00,583,Ramanathapuram,5.333333333333333,18.777,-10.90575
2024-11-20 16:30:00,583,Ramanathapuram,0.5,18.778,-10.90575
2024-11-20 17:00:00,583,Ramanathapuram,0.6666666666666666,18.777,-10.90575
2024-11-21 03:30:00,583,Ramanathapuram,4.0,18.777,-4.085
2024-11-21 08:00:00,583,Ramanathapuram,0.75,18.777,-4.085
2024-11-21 09:00:00,583,Ramanathapuram,8.5,18.777,-4.085
2024-11-21 09:30:00,583,Ramanathapuram,3.5,18.777,-4.0815
2024-11-21 10:00:00,583,Ramanathapuram,3.0,18.777,-4.0815
2024-11-21 10:30:00,583,Ramanathapuram,9.0,18.777,-4.0815
2024-11-21 11:00:00,583,Ramanathapuram,12.166666666666666,18.778,-4.0815
2024-11-21 11:30:00,583,Ramanathapuram,3.75,18.777,-4.0815
2024-11-21 12:00:00,583,Ramanathapuram,2.833333333333333,18.777,-4.0815
2024-11-21 12:30:00,583,Ramanathapuram,5.5,18.777,-4.0815
2024-11-21 13:00:00,583,Ramanathapuram,2.25,18.777,-4.0815
2024-11-21 14:00:00,583,Ramanathapuram,1.75,18.777,-4.0815
2024-11-21 15:00:00,583,Ramanathapuram,0.75,18.777,-4.0815
2024-11-21 15:30:00,583,Ramanathapuram,1.0,18.777,-4.0755
2024-11-21 16:00:00,583,Ramanathapuram,0.5,18.777,-4.0755
2024-11-21 16:30:00,583,Ramanathapuram,1.0,18.778,-4.0755
2024-11-21 17:00:00,583,Ramanathapuram,1.0,18.778,-4.0755
2024-11-23 20:00:00,583,Ramanathapuram,1.0,18.777,-7.452333333333333
2024-11-25 14:30:00,583,Ramanathapuram,0.5,18.776,-7.378
2024-11-25 15:00:00,583,Ramanathapuram,0.5,18.777,-7.378
2024-11-25 16:30:00,583,Ramanathapuram,0.5,18.777,-7.427
2024-11-25 17:00:00,583,Ramanathapuram,0.5,18.777,-7.427
2024-11-26 10:00:00,583,Ramanathapuram,1.0,18.777,-7.411333333333334
2024-11-26 10:30:00,583,Ramanathapuram,3.5,18.777,-7.411333333333334
2024-11-26 11:00:00,583,Ramanathapuram,4.75,18.777,-7.411333333333334
2024-11-26 11:30:00,583,Ramanathapuram,2.0,18.778,-7.411333333333334
2024-11-26 12:00:00,583,Ramanathapuram,2.0,18.778,-7.411333333333334
2024-11-26 12:30:00,583,Ramanathapuram,0.5,18.777,-7.411333333333334
2024-11-26 13:00:00,583,Ramanathapuram,1.1666666666666667,18.778,-7.411333333333334
2024-11-26 13:30:00,583,Ramanathapuram,0.5,18.777,-7.411333333333334
2024-11-26 14:00:00,583,Ramanathapuram,1.25,18.777,-7.411333333333334
2024-11-26 14:30:00,583,Ramanathapuram,0.75,18.777,-7.411333333333334
2024-11-26 15:00:00,583,Ramanathapuram,1.75,18.777,-7.411333333333334
2024-11-26 15:30:00,583,Ramanathapuram,1.25,18.777,-7.417999999999999
2024-11-26 16:00:00,583,Ramanathapuram,2.4,18.778,-7.417999999999999
2024-11-26 16:30:00,583,Ramanathapuram,0.5,18.778,-7.417999999999999
2024-11-26 17:00:00,583,Ramanathapuram,1.125,18.777,-7.417999999999999
2024-11-26 18:00:00,583,Ramanathapuram,1.0,18.778,-7.417999999999999
2024-11-26 19:00:00,583,Ramanathapuram,2.5,18.776,-7.417999999999999
2024-11-26 19:30:00,583,Ramanathapuram,1.0,18.777,-7.417999999999999
2024-11-26 20:00:00,583,Ramanathapuram,2.5,18.777,-7.417999999999999
2024-11-26 21:00:00,583,Ramanathapuram,0.8333333333333334,18.778,-7.417999999999999
2024-11-26 21:30:00,583,Ramanathapuram,0.75,18.777,-7.371666666666667
2024-11-26 22:00:00,583,Ramanathapuram,1.125,18.777,-7.371666666666667
2024-11-26 22:30:00,583,Ramanathapuram,3.0,18.777,-7.371666666666667
2024-11-26 23:00:00,583,Ramanathapuram,1.0,18.778,-7.371666666666667
2024-11-26 23:30:00,583,Ramanathapuram,0.5,18.777,-7.371666666666667
2024-11-27 00:00:00,583,Ramanathapuram,1.8,18.777,-7.371666666666667
2024-11-27 00:30:00,583,Ramanathapuram,1.0,18.777,-7.371666666666667
2024-11-27 01:00:00,583,Ramanathapuram,1.75,18.777,-7.371666666666667
2024-11-27 01:30:00,583,Ramanathapuram,1.25,18.778,-7.371666666666667
2024-11-27 02:00:00,583,Ramanathapuram,1.3,18.777,-7.371666666666667
2024-11-27 02:30:00,583,Ramanathapuram,1.0,18.777,-7.371666666666667
2024-11-27 03:00:00,583,Ramanathapuram,1.1666666666666667,18.777,-7.371666666666667
2024-11-27 03:30:00,583,Ramanathapuram,0.5,18.777,-7.379666666666666
2024-11-27 04:00:00,583,Ramanathapuram,1.0,18.777,-7.379666666666666
2024-11-27 04:30:00,583,Ramanathapuram,0.5,18.778,-7.379666666666666
2024-11-27 05:00:00,583,Ramanathapuram,0.8333333333333334,18.777,-7.379666666666666
2024-11-27 06:00:00,583,Ramanathapuram,0.5,18.778,-7.379666666666666
2024-11-27 07:00:00,583,Ramanathapuram,0.5,18.777,-7.379666666666666
2024-11-27 07:30:00,583,Ramanathapuram,0.5,18.777,-7.379666666666666
2024-11-27 08:00:00,583,Ramanathapuram,0.6666666666666666,18.777,-7.379666666666666
2024-11-27 08:30:00,583,Ramanathapuram,0.5,18.778,-7.379666666666666
2024-11-27 09:00:00,583,Ramanathapuram,0.5,18.777,-7.379666666666666
2024-11-27 09:30:00,583,Ramanathapuram,0.5,18.778,-7.355666666666667
2024-11-27 10:00:00,583,Ramanathapuram,0.75,18.778,-7.355666666666667
2024-11-27 10:30:00,583,Ramanathapuram,0.5,18.777,-7.355666666666667
2024-11-27 11:00:00,583,Ramanathapuram,1.0,18.777,-7.355666666666667
2024-11-27 11:30:00,583,Ramanathapuram,1.0,18.777,-7.355666666666667
2024-11-27 12:00:00,583,Ramanathapuram,1.5,18.777,-7.355666666666667
2024-11-27 12:30:00,583,Ramanathapuram,0.75,18.777,-7.355666666666667
2024-11-27 13:00:00,583,Ramanathapuram,1.0,18.777,-7.355666666666667
2024-11-27 13:30:00,583,Ramanathapuram,0.5,18.777,-7.355666666666667
2024-11-27 14:00:00,583,Ramanathapuram,0.5,18.777,-7.355666666666667
2024-11-27 14:30:00,583,Ramanathapuram,0.5,18.778,-7.355666666666667
2024-11-27 15:00:00,583,Ramanathapuram,0.5,18.777,-7.355666666666667
2024-11-27 16:00:00,583,Ramanathapuram,0.5,18.777,-7.428666666666666
2024-11-27 18:00:00,583,Ramanathapuram,0.5,18.777,-7.428666666666666
2024-11-29 10:00:00,583,Ramanathapuram,1.0,18.777,-7.359999999999999
2024-11-29 13:00:00,583,Ramanathapuram,1.25,18.777,-7.359999999999999
2024-11-29 13:30:00,583,Ramanathapuram,1.0,18.777,-7.359999999999999
2024-11-29 14:00:00,583,Ramanathapuram,1.0,18.777,-7.359999999999999
2024-12-01 14:00:00,583,Ramanathapuram,0.5,18.778,-7.411
2024-12-01 18:00:00,583,Ramanathapuram,3.0,18.777,-9.22
2024-12-01 19:00:00,583,Ramanathapuram,1.75,18.777,-9.22
2024-12-01 20:00:00,583,Ramanathapuram,2.0,18.777,-9.22
2024-12-02 15:30:00,583,Ramanathapuram,0.5,18.776,-7.439333333333334
2024-12-02 16:00:00,583,Ramanathapuram,4.25,18.777,-7.439333333333334
2024-12-04 19:30:00,583,Ramanathapuram,0.5,18.777,-7.529666666666666
2024-12-04 20:00:00,583,Ramanathapuram,1.5,18.777,-7.529666666666666
2024-12-04 21:30:00,583,Ramanathapuram,2.0,18.777,-7.448666666666667
2024-12-04 22:00:00,583,Ramanathapuram,1.5,18.778,-7.448666666666667
2024-12-04 23:00:00,583,Ramanathapuram,9.25,18.778,-7.448666666666667
2024-12-05 00:00:00,583,Ramanathapuram,6.5,18.778,-7.448666666666667
2024-12-05 01:00:00,583,Ramanathapuram,1.8333333333333333,18.777,-7.448666666666667
2024-12-05 01:30:00,583,Ramanathapuram,1.0,18.777,-7.448666666666667
2024-12-05 02:00:00,583,Ramanathapuram,1.1,18.777,-7.448666666666667
2024-12-05 02:30:00,583,Ramanathapuram,0.5,18.777,-7.448666666666667
2024-12-05 03:00:00,583,Ramanathapuram,4.0,18.778,-7.448666666666667
2024-12-05 04:00:00,583,Ramanathapuram,3.5,18.777,-7.460666666666666
2024-12-05 05:00:00,583,Ramanathapuram,0.5,18.777,-7.460666666666666
2024-12-05 05:30:00,583,Ramanathapuram,1.0,18.777,-7.460666666666666
2024-12-05 06:00:00,583,Ramanathapuram,1.0,18.777,-7.460666666666666
2024-12-11 15:00:00,583,Ramanathapuram,1.0,18.777,-7.543
2024-12-12 00:30:00,583,Ramanathapuram,0.5,18.777,-7.538999999999999
2024-12-12 01:00:00,583,Ramanathapuram,2.0,18.777,-7.538999999999999
2024-12-12 01:30:00,583,Ramanathapuram,3.5,18.777,-7.538999999999999
2024-12-12 02:00:00,583,Ramanathapuram,2.5,18.777,-7.538999999999999
2024-12-12 02:30:00,583,Ramanathapuram,0.75,18.777,-7.538999999999999
2024-12-12 03:00:00,583,Ramanathapuram,2.3,18.777,-7.538999999999999
2024-12-12 03:30:00,583,Ramanathapuram,0.5,18.777,-7.550666666666667
2024-12-12 04:00:00,583,Ramanathapuram,4.666666666666667,18.777,-7.550666666666667
2024-12-12 05:00:00,583,Ramanathapuram,5.8,18.777,-7.550666666666667
2024-12-12 05:30:00,583,Ramanathapuram,2.75,18.777,-7.550666666666667
2024-12-12 06:00:00,583,Ramanathapuram,3.083333333333333,18.778,-7.550666666666667
2024-12-12 06:30:00,583,Ramanathapuram,1.0,18.778,-7.550666666666667
2024-12-12 07:00:00,583,Ramanathapuram,2.4166666666666665,18.777,-7.550666666666667
2024-12-12 07:30:00,583,Ramanathapuram,1.75,18.777,-7.550666666666667
2024-12-12 08:00:00,583,Ramanathapuram,4.666666666666667,18.777,-7.550666666666667
2024-12-12 08:30:00,583,Ramanathapuram,11.5,18.777,-7.550666666666667
2024-12-12 09:00:00,583,Ramanathapuram,8.1,18.777,-7.550666666666667
2024-12-12 09:30:00,583,Ramanathapuram,0.5,18.777,-7.501
2024-12-12 10:00:00,583,Ramanathapuram,2.1666666666666665,18.776,-7.501
2024-12-12 10:30:00,583,Ramanathapuram,0.5,18.776,-7.501
2024-12-12 11:00:00,583,Ramanathapuram,1.875,18.777,-7.501
2024-12-12 12:00:00,583,Ramanathapuram,7.75,18.777,-7.501
2024-12-12 12:30:00,583,Ramanathapuram,13.0,18.777,-7.501
2024-12-12 13:00:00,583,Ramanathapuram,6.833333333333333,18.777,-7.501
2024-12-12 14:00:00,583,Ramanathapuram,0.5,18.777,-7.501
2024-12-12 15:30:00,583,Ramanathapuram,1.0,18.777,-7.591666666666666
2024-12-12 16:00:00,583,Ramanathapuram,1.25,18.777,-7.591666666666666
2024-12-12 16:30:00,583,Ramanathapuram,2.0,18.777,-7.591666666666666
2024-12-12 17:00:00,583,Ramanathapuram,2.75,18.777,-7.591666666666666
2024-12-12 18:00:00,583,Ramanathapuram,2.125,18.777,-7.591666666666666
2024-12-12 18:30:00,583,Ramanathapuram,3.25,18.777,-7.591666666666666
2024-12-12 19:00:00,583,Ramanathapuram,4.0,18.778,-7.591666666666666
2024-12-12 19:30:00,583,Ramanathapuram,13.75,18.778,-7.591666666666666
2024-12-12 20:00:00,583,Ramanathapuram,6.916666666666667,18.777,-7.591666666666666
2024-12-12 21:00:00,583,Ramanathapuram,7.625,18.777,-7.591666666666666
2024-12-12 21:30:00,583,Ramanathapuram,20.0,18.777,-7.462333333333333
2024-12-12 22:00:00,583,Ramanathapuram,7.8,18.777,-7.462333333333333
2024-12-12 22:30:00,583,Ramanathapuram,13.0,18.777,-7.462333333333333
2024-12-12 23:00:00,583,Ramanathapuram,9.333333333333334,18.777,-7.462333333333333
2024-12-12 23:30:00,583,Ramanathapuram,26.5,18.777,-7.462333333333333
2024-12-13 00:00:00,583,Ramanathapuram,6.9,18.777,-7.462333333333333
2024-12-13 01:00:00,583,Ramanathapuram,4.5,18.778,-7.462333333333333
2024-12-13 02:00:00,583,Ramanathapuram,5.666666666666667,18.777,-7.462333333333333
2024-12-13 02:30:00,583,Ramanathapuram,1.5,18.777,-7.462333333333333
2024-12-13 03:00:00,583,Ramanathapuram,5.333333333333333,18.778,-7.462333333333333
2024-12-13 04:00:00,583,Ramanathapuram,1.0,18.777,-7.429333333333333
2024-12-13 04:30:00,583,Ramanathapuram,1.0,18.777,-7.429333333333333
2024-12-13 05:00:00,583,Ramanathapuram,10.75,18.777,-7.429333333333333
2024-12-13 05:30:00,583,Ramanathapuram,0.5,18.777,-7.429333333333333
2024-12-13 06:00:00,583,Ramanathapuram,1.6666666666666667,18.778,-7.429333333333333
2024-12-13 07:00:00,583,Ramanathapuram,7.5,18.778,-7.429333333333333
2024-12-13 07:30:00,583,Ramanathapuram,1.5,18.778,-7.429333333333333
2024-12-13 08:00:00,583,Ramanathapuram,7.5,18.778,-7.429333333333333
2024-12-13 09:00:00,583,Ramanathapuram,0.5,18.778,-7.429333333333333
2024-12-13 10:00:00,583,Ramanathapuram,1.5,18.777,-7.466666666666666
2024-12-13 10:30:00,583,Ramanathapuram,1.0,18.777,-7.466666666666666
2024-12-13 11:00:00,583,Ramanathapuram,4.75,18.777,-7.466666666666666
2024-12-13 11:30:00,583,Ramanathapuram,0.5,18.777,-7.466666666666666
2024-12-13 12:00:00,583,Ramanathapuram,1.25,18.777,-7.466666666666666
2024-12-13 13:30:00,583,Ramanathapuram,1.0,18.777,-7.466666666666666
2024-12-13 14:00:00,583,Ramanathapuram,1.5,18.777,-7.466666666666666
2024-12-13 15:00:00,583,Ramanathapuram,1.0,18.776,-7.466666666666666
2024-12-13 18:30:00,583,Ramanathapuram,0.5,18.777,-7.466666666666666
2024-12-13 19:00:00,583,Ramanathapuram,1.0,18.776,-7.466666666666666
2024-12-13 20:00:00,583,Ramanathapuram,0.5,18.777,-7.466666666666666
2024-12-13 21:00:00,583,Ramanathapuram,0.5,18.777,-7.466666666666666
2024-12-13 22:00:00,583,Ramanathapuram,1.5,18.777,-7.398666666666666
2024-12-13 23:00:00,583,Ramanathapuram,2.0,18.777,-7.398666666666666
2024-12-14 00:00:00,583,Ramanathapuram,1.5,18.777,-7.398666666666666
2024-12-14 01:00:00,583,Ramanathapuram,1.0,18.778,-7.398666666666666
2024-12-14 02:00:00,583,Ramanathapuram,0.5,18.777,-7.398666666666666
2024-12-14 03:00:00,583,Ramanathapuram,0.5,18.777,-7.398666666666666
2024-12-14 04:00:00,583,Ramanathapuram,4.0,18.778,-7.3756666666666675
2024-12-14 05:00:00,583,Ramanathapuram,4.5,18.777,-7.3756666666666675
2024-12-14 06:00:00,583,Ramanathapuram,1.625,18.778,-7.3756666666666675
2024-12-14 07:00:00,583,Ramanathapuram,4.5,18.777,-7.3756666666666675
2024-12-14 08:00:00,583,Ramanathapuram,2.6666666666666665,18.777,-7.3756666666666675
2024-12-14 09:00:00,583,Ramanathapuram,1.3333333333333333,18.777,-7.3756666666666675
2024-12-14 10:00:00,583,Ramanathapuram,1.5,18.777,-7.373666666666668
2024-12-14 11:00:00,583,Ramanathapuram,0.75,18.778,-7.373666666666668
2024-12-14 12:00:00,583,Ramanathapuram,6.5,18.778,-7.373666666666668
2024-12-14 13:00:00,583,Ramanathapuram,2.0,18.777,-7.373666666666668
2024-12-14 14:00:00,583,Ramanathapuram,1.0,18.777,-7.373666666666668
2024-12-14 15:00:00,583,Ramanathapuram,0.5,18.777,-7.373666666666668
2024-12-14 16:00:00,583,Ramanathapuram,0.5,18.778,-7.455000000000001
2024-12-21 23:00:00,583,Ramanathapuram,1.5,18.777,-7.294333333333334
2024-12-22 00:00:00,583,Ramanathapuram,6.75,18.778,-7.294333333333334
2024-12-22 01:00:00,583,Ramanathapuram,0.75,18.777,-7.294333333333334
2024-12-22 06:00:00,583,Ramanathapuram,0.5,18.777,-7.280666666666666
2024-12-26 05:00:00,583,Ramanathapuram,0.5,18.777,-7.328
2024-12-26 06:00:00,583,Ramanathapuram,1.0,18.777,-7.328
2024-12-27 01:00:00,583,Ramanathapuram,1.0,18.777,-7.395333333333333
2024-12-27 21:00:00,583,Ramanathapuram,0.5,18.777,-7.384333333333333
2024-12-29 20:00:00,583,Ramanathapuram,0.5,18.777,-7.382000000000001
2024-12-29 20:30:00,583,Ramanathapuram,0.5,18.777,-7.382000000000001
2024-12-29 21:00:00,583,Ramanathapuram,0.5,18.777,-7.382000000000001
2025-01-08 12:00:00,583,Ramanathapuram,0.5,30.23,-7.368333333333333
2025-01-08 12:30:00,583,Ramanathapuram,0.5,30.23,-7.368333333333333
2025-01-08 13:00:00,583,Ramanathapuram,0.5,30.23,-7.368333333333333
2025-01-12 06:30:00,583,Ramanathapuram,0.5,30.23,-7.331666666666667
2025-01-12 07:00:00,583,Ramanathapuram,1.0,30.23,-7.331666666666667
2025-01-12 07:30:00,583,Ramanathapuram,1.0,30.23,-7.331666666666667
2025-01-12 08:00:00,583,Ramanathapuram,6.5,30.23,-7.331666666666667
2025-01-12 09:00:00,583,Ramanathapuram,1.0,30.23,-7.331666666666667
2025-01-12 09:30:00,583,Ramanathapuram,1.0,30.23,-7.359333333333333
2025-01-12 10:00:00,583,Ramanathapuram,0.8333333333333334,30.23,-7.359333333333333
2025-01-12 10:30:00,583,Ramanathapuram,1.5,30.23,-7.359333333333333
2025-01-12 11:00:00,583,Ramanathapuram,1.25,30.23,-7.359333333333333
2025-01-12 11:30:00,583,Ramanathapuram,0.5,30.23,-7.359333333333333
2025-01-12 12:00:00,583,Ramanathapuram,0.5,30.23,-7.359333333333333
2025-01-12 17:30:00,583,Ramanathapuram,0.5,30.23,-9.13
2025-01-12 18:00:00,583,Ramanathapuram,0.5,30.23,-9.13
2025-01-13 03:00:00,583,Ramanathapuram,0.5,30.23,-9.1
2025-01-13 08:00:00,583,Ramanathapuram,0.5,30.23,-7.323333333333333
2025-01-13 17:00:00,583,Ramanathapuram,0.5,30.23,-7.523333333333333
2025-01-14 11:30:00,583,Ramanathapuram,0.5,30.23,-9.17
2025-01-14 12:00:00,583,Ramanathapuram,0.5,30.23,-9.17
2025-01-14 14:30:00,583,Ramanathapuram,0.5,30.23,-9.17
2025-01-14 15:30:00,583,Ramanathapuram,2.5,30.23,-7.367333333333334
2025-01-14 16:00:00,583,Ramanathapuram,2.0,30.23,-7.367333333333334
2025-01-14 16:30:00,583,Ramanathapuram,0.5,30.23,-7.367333333333334
2025-01-14 17:00:00,583,Ramanathapuram,0.5,30.23,-7.367333333333334
2025-01-14 18:00:00,583,Ramanathapuram,1.0,30.23,-7.367333333333334
2025-01-14 19:00:00,583,Ramanathapuram,0.5,30.23,-7.367333333333334
2025-01-14 20:00:00,583,Ramanathapuram,2.0,30.23,-7.367333333333334
2025-01-14 20:30:00,583,Ramanathapuram,1.0,30.23,-7.367333333333334
2025-01-14 21:00:00,583,Ramanathapuram,1.25,30.23,-7.367333333333334
2025-01-14 21:30:00,583,Ramanathapuram,1.5,30.23,-7.346333333333334
2025-01-14 22:00:00,583,Ramanathapuram,1.5,30.23,-7.346333333333334
2025-01-14 22:30:00,583,Ramanathapuram,8.5,30.23,-7.346333333333334
2025-01-14 23:00:00,583,Ramanathapuram,2.5,30.23,-7.346333333333334
2025-01-14 23:30:00,583,Ramanathapuram,0.5,30.23,-7.346333333333334
2025-01-15 00:00:00,583,Ramanathapuram,0.625,30.23,-7.346333333333334
2025-01-15 01:00:00,583,Ramanathapuram,0.6666666666666666,30.23,-7.346333333333334
2025-01-15 02:00:00,583,Ramanathapuram,1.3333333333333333,30.23,-7.346333333333334
2025-01-15 03:00:00,583,Ramanathapuram,0.5,30.23,-7.346333333333334
2025-01-15 14:00:00,583,Ramanathapuram,0.5,30.23,-7.378666666666667
2025-01-15 14:30:00,583,Ramanathapuram,1.0,30.23,-7.378666666666667
2025-01-15 15:00:00,583,Ramanathapuram,3.0,30.23,-7.378666666666667
2025-01-15 15:30:00,583,Ramanathapuram,0.5,30.23,-7.366333333333333
2025-01-15 16:00:00,583,Ramanathapuram,5.0,30.23,-7.366333333333333
2025-01-15 17:00:00,583,Ramanathapuram,1.25,30.23,-7.366333333333333
2025-01-15 19:00:00,583,Ramanathapuram,1.5,30.23,-7.366333333333333
2025-01-18 12:00:00,583,Ramanathapuram,0.5,30.23,-7.311666666666667
2025-01-18 16:00:00,583,Ramanathapuram,0.5,30.23,-7.319
2025-01-18 18:00:00,583,Ramanathapuram,0.5,30.23,-7.319
2025-01-18 19:30:00,583,Ramanathapuram,9.5,30.23,-7.319
2025-01-18 20:00:00,583,Ramanathapuram,7.25,30.23,-7.319
2025-01-18 21:00:00,583,Ramanathapuram,0.6666666666666666,30.23,-7.319
2025-01-18 22:00:00,583,Ramanathapuram,0.75,30.23,-7.280333333333334
2025-01-18 23:00:00,583,Ramanathapuram,0.5,30.23,-7.280333333333334
2025-01-18 23:30:00,583,Ramanathapuram,0.5,30.23,-7.280333333333334
2025-01-19 00:00:00,583,Ramanathapuram,1.0,30.23,-7.280333333333334
2025-01-19 01:30:00,583,Ramanathapuram,0.5,30.23,-7.280333333333334
2025-01-19 02:00:00,583,Ramanathapuram,0.5,30.23,-7.280333333333334
2025-01-19 02:30:00,583,Ramanathapuram,0.5,30.23,-7.280333333333334
2025-01-19 03:00:00,583,Ramanathapuram,0.5,30.23,-7.280333333333334
2025-01-19 04:00:00,583,Ramanathapuram,2.5,30.23,-7.270333333333333
2025-01-19 05:00:00,583,Ramanathapuram,0.5,30.23,-7.270333333333333
2025-01-19 06:00:00,583,Ramanathapuram,0.5,30.23,-7.270333333333333
2025-01-19 07:00:00,583,Ramanathapuram,0.5,30.23,-7.270333333333333
2025-01-19 07:30:00,583,Ramanathapuram,5.5,30.23,-7.270333333333333
2025-01-19 08:00:00,583,Ramanathapuram,10.0,30.23,-7.270333333333333
2025-01-19 09:00:00,583,Ramanathapuram,2.5,30.23,-7.270333333333333
2025-01-19 09:30:00,583,Ramanathapuram,1.0,30.23,-7.281666666666666
2025-01-19 10:00:00,583,Ramanathapuram,3.0,30.23,-7.281666666666666
2025-01-19 10:30:00,583,Ramanathapuram,2.0,30.23,-7.281666666666666
2025-01-19 11:00:00,583,Ramanathapuram,3.0,30.23,-7.281666666666666
2025-01-19 11:30:00,583,Ramanathapuram,3.5,30.23,-7.281666666666666
2025-01-19 12:00:00,583,Ramanathapuram,2.0,30.23,-7.281666666666666
2025-01-19 12:30:00,583,Ramanathapuram,0.5,30.23,-7.281666666666666
2025-01-19 13:00:00,583,Ramanathapuram,8.5,30.23,-7.281666666666666
2025-01-19 13:30:00,583,Ramanathapuram,1.5,30.23,-7.281666666666666
2025-01-19 14:00:00,583,Ramanathapuram,2.25,30.23,-7.281666666666666
2025-01-19 15:00:00,583,Ramanathapuram,1.0,30.23,-7.281666666666666
2025-01-19 15:30:00,583,Ramanathapuram,15.5,30.23,-7.276
2025-01-19 16:00:00,583,Ramanathapuram,24.5,30.23,-7.276
2025-01-19 16:30:00,583,Ramanathapuram,33.0,30.23,-7.276
2025-01-19 17:00:00,583,Ramanathapuram,37.5,30.23,-7.276
2025-01-19 18:00:00,583,Ramanathapuram,1.75,30.23,-7.276
2025-01-19 19:00:00,583,Ramanathapuram,0.5,30.23,-7.276
2025-01-20 03:00:00,583,Ramanathapuram,0.5,30.23,-7.260333333333333
2025-01-22 10:00:00,583,Ramanathapuram,0.5,30.23,-7.218333333333334
2025-01-22 10:30:00,583,Ramanathapuram,0.5,30.23,-7.218333333333334
2025-01-22 11:00:00,583,Ramanathapuram,0.5,30.23,-7.218333333333334
2025-01-22 12:00:00,583,Ramanathapuram,0.5,30.23,-7.218333333333334
2025-01-22 13:00:00,583,Ramanathapuram,1.0,30.23,-7.218333333333334
2025-01-22 14:00:00,583,Ramanathapuram,0.5,30.23,-7.218333333333334
2025-01-22 15:00:00,583,Ramanathapuram,0.5,30.23,-7.218333333333334
2025-01-22 15:30:00,583,Ramanathapuram,2.5,30.23,-7.291666666666667
2025-01-22 16:00:00,583,Ramanathapuram,7.0,30.23,-7.291666666666667
2025-01-22 16:30:00,583,Ramanathapuram,4.0,30.23,-7.291666666666667
2025-01-22 17:00:00,583,Ramanathapuram,9.5,30.23,-7.291666666666667
2025-01-22 17:30:00,583,Ramanathapuram,1.25,30.23,-7.291666666666667
2025-01-22 18:00:00,583,Ramanathapuram,1.5,30.23,-7.291666666666667
2025-01-22 19:00:00,583,Ramanathapuram,1.0,30.23,-7.291666666666667
2025-01-22 23:00:00,583,Ramanathapuram,0.5,30.23,-7.212666666666666
2025-01-23 01:00:00,583,Ramanathapuram,0.5,30.23,-7.212666666666666
2025-01-30 14:30:00,583,Ramanathapuram,0.5,30.23,-7.266333333333333
2025-01-30 15:00:00,583,Ramanathapuram,0.5,30.23,-7.266333333333333
2025-01-31 08:00:00,583,Ramanathapuram,0.5,30.23,-7.228666666666666
2025-02-17 12:40:00,583,Ramanathapuram,2.5,30.23,-7.343666666666667
2025-02-17 12:45:00,583,Ramanathapuram,2.5,30.23,-7.343666666666667
2025-02-17 12:50:00,583,Ramanathapuram,2.5,30.23,-7.343666666666667
2025-02-17 12:55:00,583,Ramanathapuram,2.5,30.23,-7.343666666666667
2025-02-17 13:00:00,583,Ramanathapuram,2.5,30.23,-7.343666666666667
2025-02-17 14:55:00,583,Ramanathapuram,0.5,30.23,-7.343666666666667
2025-02-17 15:00:00,583,Ramanathapuram,3.0,30.23,-7.343666666666667
2025-02-28 00:00:00,583,Ramanathapuram,1.0,30.23,-10.382
2025-02-28 01:00:00,583,Ramanathapuram,0.5,30.23,-10.382
2025-02-28 03:00:00,583,Ramanathapuram,0.5,30.23,-10.382
2025-02-28 04:00:00,583,Ramanathapuram,1.0,30.23,-12.517
2025-02-28 05:30:00,583,Ramanathapuram,0.5,30.23,-12.517
2025-02-28 06:00:00,583,Ramanathapuram,0.5,30.23,-12.517
2025-02-28 10:00:00,583,Ramanathapuram,1.0,30.23,-12.52
2025-02-28 15:00:00,583,Ramanathapuram,1.0,30.23,-12.52
2025-02-28 16:00:00,583,Ramanathapuram,4.0,30.259,-12.522666666666666
2025-02-28 16:30:00,583,Ramanathapuram,17.0,30.259,-12.522666666666666
2025-02-28 17:00:00,583,Ramanathapuram,25.5,30.249,-12.522666666666666
2025-02-28 18:00:00,583,Ramanathapuram,3.0,30.252,-12.522666666666666
2025-02-28 19:00:00,583,Ramanathapuram,7.25,30.23,-12.522666666666666
2025-02-28 20:00:00,583,Ramanathapuram,0.5,30.24,-12.522666666666666
2025-02-28 21:00:00,583,Ramanathapuram,0.5,30.239,-12.522666666666666
2025-02-28 22:00:00,583,Ramanathapuram,2.0,30.239,-12.483666666666666
2025-02-28 23:00:00,583,Ramanathapuram,0.5,30.24,-12.483666666666666
2025-03-01 00:00:00,583,Ramanathapuram,0.5,30.23,-12.483666666666666
2025-03-01 01:00:00,583,Ramanathapuram,0.5,30.239,-12.483666666666666
2025-03-01 02:00:00,583,Ramanathapuram,0.8333333333333334,30.23,-12.483666666666666
2025-03-01 03:00:00,583,Ramanathapuram,3.5,30.23,-12.483666666666666
2025-03-01 04:00:00,583,Ramanathapuram,1.0,30.23,-12.453666666666669
2025-03-01 05:00:00,583,Ramanathapuram,2.0,30.23,-12.453666666666669
2025-03-01 05:30:00,583,Ramanathapuram,0.5,30.23,-12.453666666666669
2025-03-01 06:00:00,583,Ramanathapuram,3.333333333333333,30.23,-12.453666666666669
2025-03-01 07:00:00,583,Ramanathapuram,2.5,30.23,-12.453666666666669
2025-03-01 08:00:00,583,Ramanathapuram,7.75,30.23,-12.453666666666669
2025-03-01 12:00:00,583,Ramanathapuram,2.5,30.23,-12.466666666666669
2025-03-01 13:00:00,583,Ramanathapuram,0.5,30.23,-12.466666666666669
2025-03-01 14:00:00,583,Ramanathapuram,1.5,30.23,-12.466666666666669
2025-03-01 22:00:00,583,Ramanathapuram,7.0,30.254,-12.418666666666669
2025-03-01 23:00:00,583,Ramanathapuram,6.5,30.254,-12.418666666666669
2025-03-01 23:30:00,583,Ramanathapuram,0.5,30.254,-12.418666666666669
2025-03-02 00:00:00,583,Ramanathapuram,1.5,30.252,-12.418666666666669
2025-03-02 01:00:00,583,Ramanathapuram,1.25,30.23,-12.418666666666669
2025-03-02 02:00:00,583,Ramanathapuram,1.0,30.23,-12.418666666666669
2025-03-02 03:00:00,583,Ramanathapuram,11.333333333333334,30.257,-12.418666666666669
2025-03-02 04:00:00,583,Ramanathapuram,5.5,30.23,-12.378666666666666
2025-03-02 04:30:00,583,Ramanathapuram,5.0,30.23,-12.378666666666666
2025-03-02 05:00:00,583,Ramanathapuram,14.0,30.23,-12.378666666666666
2025-03-02 05:30:00,583,Ramanathapuram,1.0,30.23,-12.378666666666666
2025-03-02 06:00:00,583,Ramanathapuram,3.125,30.23,-12.378666666666666
2025-03-02 06:30:00,583,Ramanathapuram,26.0,30.23,-12.378666666666666
2025-03-02 07:00:00,583,Ramanathapuram,18.33333333333333,30.23,-12.378666666666666
2025-03-02 08:00:00,583,Ramanathapuram,0.5,30.23,-12.378666666666666
2025-03-02 09:00:00,583,Ramanathapuram,6.0,30.23,-12.378666666666666
2025-03-02 10:00:00,583,Ramanathapuram,0.5,30.23,-12.410666666666666
2025-03-02 14:00:00,583,Ramanathapuram,3.0,30.23,-12.410666666666666
2025-03-11 00:00:00,583,Ramanathapuram,0.5,30.23,-12.118
2025-03-11 01:00:00,583,Ramanathapuram,0.5,30.23,-12.118
2025-03-11 02:00:00,583,Ramanathapuram,0.5,30.257,-12.118
2025-03-11 04:00:00,583,Ramanathapuram,1.0,30.264,-10.0535
2025-03-11 04:30:00,583,Ramanathapuram,11.0,30.264,-10.0535
2025-03-11 05:00:00,583,Ramanathapuram,12.0,30.258,-10.0535
2025-03-11 06:00:00,583,Ramanathapuram,6.625,30.23,-10.0535
2025-03-11 07:00:00,583,Ramanathapuram,0.6666666666666666,30.235,-10.0535
2025-03-11 08:00:00,583,Ramanathapuram,1.1666666666666667,30.241,-10.0535
2025-03-11 09:00:00,583,Ramanathapuram,7.4,30.234,-10.0535
2025-03-11 10:00:00,583,Ramanathapuram,20.5,30.255,-10.0375
2025-03-11 11:00:00,583,Ramanathapuram,8.0,30.23,-10.0375
2025-03-11 12:00:00,583,Ramanathapuram,1.75,30.23,-10.0375
2025-03-11 13:00:00,583,Ramanathapuram,4.7,30.23,-10.0375
2025-03-11 14:00:00,583,Ramanathapuram,2.25,30.23,-10.0375
2025-03-11 15:00:00,583,Ramanathapuram,0.5,30.23,-10.0375
2025-03-11 16:00:00,583,Ramanathapuram,2.5,30.23,-10.040500000000002
2025-03-11 17:00:00,583,Ramanathapuram,1.0,30.23,-10.040500000000002
2025-03-11 18:00:00,583,Ramanathapuram,0.75,30.23,-10.040500000000002
2025-03-11 19:00:00,583,Ramanathapuram,1.0,30.23,-10.040500000000002
2025-03-12 02:00:00,583,Ramanathapuram,0.5,30.241,-10.01575
2025-03-12 07:00:00,583,Ramanathapuram,2.25,30.23,-9.9985
2025-03-12 07:30:00,583,Ramanathapuram,0.5,30.23,-9.9985
2025-03-12 08:00:00,583,Ramanathapuram,2.5,30.255,-9.9985
2025-03-12 09:00:00,583,Ramanathapuram,14.125,30.238,-9.9985
2025-03-12 10:00:00,583,Ramanathapuram,5.5,30.23,-9.998
2025-03-12 11:00:00,583,Ramanathapuram,1.3333333333333333,30.23,-9.998
2025-03-16 07:00:00,583,Ramanathapuram,0.5,30.23,-9.88275
2025-03-16 13:00:00,583,Ramanathapuram,6.5,30.23,-9.8985
2025-03-22 12:00:00,583,Ramanathapuram,19.0,30.23,-9.863499999999998
2025-03-22 13:00:00,583,Ramanathapuram,1.5,30.25,-9.863499999999998
2025-03-22 14:00:00,583,Ramanathapuram,3.5,30.253,-9.863499999999998
2025-04-02 22:00:00,583,Ramanathapuram,8.5,30.275,-10.46875
2025-04-03 02:00:00,583,Ramanathapuram,10.0,30.28,-10.46875
2025-04-03 03:00:00,583,Ramanathapuram,1.25,30.283,-10.46875
2025-04-03 04:00:00,583,Ramanathapuram,2.25,30.281,-10.46025
2025-04-03 04:30:00,583,Ramanathapuram,13.5,30.281,-10.46025
2025-04-03 05:00:00,583,Ramanathapuram,9.833333333333334,30.244,-10.46025
2025-04-03 06:00:00,583,Ramanathapuram,0.75,30.243,-10.46025
2025-04-03 07:00:00,583,Ramanathapuram,1.0,30.245,-10.46025
2025-04-03 08:00:00,583,Ramanathapuram,2.833333333333333,30.248,-10.46025
2025-04-03 09:00:00,583,Ramanathapuram,2.0,30.23,-10.46025
2025-04-03 10:00:00,583,Ramanathapuram,1.5,30.277,-10.45925
2025-04-03 11:00:00,583,Ramanathapuram,0.5,30.243,-10.45925
2025-04-03 11:30:00,583,Ramanathapuram,17.5,30.243,-10.45925
2025-04-03 12:00:00,583,Ramanathapuram,0.5,30.23,-10.45925
2025-04-03 12:30:00,583,Ramanathapuram,5.5,30.23,-10.45925
2025-04-03 13:00:00,583,Ramanathapuram,6.0,30.23,-10.45925
2025-04-03 14:00:00,583,Ramanathapuram,11.5,30.23,-10.45925
2025-04-03 14:30:00,583,Ramanathapuram,0.5,30.23,-10.45925
2025-04-03 15:00:00,583,Ramanathapuram,0.5,30.23,-10.45925
2025-04-03 16:00:00,583,Ramanathapuram,13.0,30.23,-10.46775
2025-04-03 16:30:00,583,Ramanathapuram,1.0,30.23,-10.46775
2025-04-03 17:00:00,583,Ramanathapuram,5.25,30.23,-10.46775
2025-04-03 17:30:00,583,Ramanathapuram,0.5,30.23,-10.46775
2025-04-03 18:00:00,583,Ramanathapuram,0.5,30.23,-10.46775
2025-04-04 01:00:00,583,Ramanathapuram,2.0,30.23,-10.444
2025-04-04 02:00:00,583,Ramanathapuram,11.0,30.23,-10.444
2025-04-04 03:00:00,583,Ramanathapuram,2.5,30.23,-10.444
2025-04-04 08:00:00,583,Ramanathapuram,1.0,30.23,-10.43375
2025-04-04 13:10:00,583,Ramanathapuram,1.0,30.23,-10.46175
2025-04-04 13:15:00,583,Ramanathapuram,1.0,30.23,-10.46175
2025-04-04 13:20:00,583,Ramanathapuram,1.5,30.23,-10.46175
2025-04-04 13:25:00,583,Ramanathapuram,1.5,30.23,-10.46175
2025-04-04 13:30:00,583,Ramanathapuram,1.5,30.23,-10.46175
2025-04-04 13:35:00,583,Ramanathapuram,1.5,30.23,-10.46175
2025-04-04 13:40:00,583,Ramanathapuram,1.5,30.23,-10.46175
2025-04-04 13:45:00,583,Ramanathapuram,1.5,30.23,-10.46175
2025-04-04 13:50:00,583,Ramanathapuram,1.5,30.23,-10.46175
2025-04-04 13:55:00,583,Ramanathapuram,1.5,30.23,-10.46175
2025-04-04 14:00:00,583,Ramanathapuram,11.5,30.23,-10.46175
2025-04-05 01:00:00,583,Ramanathapuram,4.25,30.241,-10.44825
2025-04-06 14:00:00,583,Ramanathapuram,1.5,30.27,-12.591
2025-04-07 02:00:00,583,Ramanathapuram,1.0,30.23,-12.556
2025-04-07 02:30:00,583,Ramanathapuram,0.5,30.23,-12.556
2025-04-07 03:00:00,583,Ramanathapuram,0.875,30.23,-12.556
2025-04-07 04:00:00,583,Ramanathapuram,0.5,30.23,-12.518333333333333
2025-04-07 04:30:00,583,Ramanathapuram,0.5,30.23,-12.518333333333333
2025-04-07 06:00:00,583,Ramanathapuram,0.5,30.23,-12.518333333333333
2025-04-09 08:00:00,583,Ramanathapuram,2.5,30.244,-12.414
2025-04-12 01:00:00,583,Ramanathapuram,1.5,30.23,-10.258
2025-04-12 03:00:00,583,Ramanathapuram,0.5,30.23,-10.258
2025-04-12 05:00:00,583,Ramanathapuram,1.0,30.23,-10.24925
2025-04-12 05:30:00,583,Ramanathapuram,2.5,30.23,-10.24925
2025-04-12 06:00:00,583,Ramanathapuram,2.5,30.232,-10.24925
2025-04-16 10:00:00,583,Ramanathapuram,0.5,30.237,-10.3715
2025-04-20 17:00:00,583,Ramanathapuram,3.0,30.23,-9.255
2025-04-21 13:00:00,583,Ramanathapuram,5.0,30.23,-9.305
2025-04-22 16:00:00,583,Ramanathapuram,1.0,30.23,-9.285
2025-04-22 17:00:00,583,Ramanathapuram,7.5,30.23,-9.285
2025-04-23 16:00:00,583,Ramanathapuram,12.0,30.23,-9.32
2025-04-26 12:00:00,583,Ramanathapuram,5.5,30.23,-9.385
2025-04-27 13:00:00,583,Ramanathapuram,18.0,30.23,-9.415
2025-04-27 14:00:00,583,Ramanathapuram,5.5,30.23,-9.415
2025-04-28 12:00:00,583,Ramanathapuram,1.75,30.23,-9.355
2025-04-28 13:00:00,583,Ramanathapuram,25.25,30.23,-9.355
2025-04-28 14:00:00,583,Ramanathapuram,1.0,30.23,-9.355
2025-04-28 15:00:00,583,Ramanathapuram,0.5,30.23,-9.355
2025-04-29 04:00:00,583,Ramanathapuram,13.5,30.23,-9.375
2025-04-29 04:30:00,583,Ramanathapuram,3.5,30.23,-9.375
2025-04-29 05:00:00,583,Ramanathapuram,5.0,30.23,-9.375
2025-04-29 06:00:00,583,Ramanathapuram,18.5,30.23,-9.375
2025-04-30 10:00:00,583,Ramanathapuram,1.5,30.23,-9.4
2025-05-05 00:00:00,583,Ramanathapuram,1.0,30.23,-9.43
2025-05-05 01:00:00,583,Ramanathapuram,0.5,30.23,-9.43
2025-05-05 01:30:00,583,Ramanathapuram,2.5,30.23,-9.43
2025-05-05 02:00:00,583,Ramanathapuram,5.0,30.23,-9.43
2025-05-05 03:00:00,583,Ramanathapuram,38.0,30.23,-9.43
2025-05-05 03:30:00,583,Ramanathapuram,17.5,30.23,-9.415
2025-05-05 04:00:00,583,Ramanathapuram,21.0,30.23,-9.415
2025-05-05 04:30:00,583,Ramanathapuram,1.0,30.23,-9.415
2025-05-05 05:00:00,583,Ramanathapuram,1.0,30.23,-9.415
2025-05-06 19:00:00,583,Ramanathapuram,4.5,30.23,-9.445
2025-05-06 20:00:00,583,Ramanathapuram,10.666666666666666,30.23,-9.445
2025-05-06 21:00:00,583,Ramanathapuram,1.3333333333333333,30.23,-9.445
2025-05-06 22:00:00,583,Ramanathapuram,0.5,30.23,-9.415
2025-05-07 05:00:00,583,Ramanathapuram,0.5,30.23,-9.415
2025-05-09 17:00:00,583,Ramanathapuram,0.5,30.23,-9.51
2025-05-11 13:00:00,583,Ramanathapuram,0.5,30.23,-9.505
2025-05-14 17:00:00,583,Ramanathapuram,0.5,30.23,-3.47
2025-05-14 18:00:00,583,Ramanathapuram,17.75,30.23,-3.47
2025-05-14 19:00:00,583,Ramanathapuram,13.0,30.23,-3.47
2025-05-14 20:00:00,583,Ramanathapuram,2.5,30.23,-3.47
2025-05-14 21:00:00,583,Ramanathapuram,0.5,30.23,-3.47
2025-05-15 20:00:00,583,Ramanathapuram,4.5,30.23,-9.52
2025-05-15 21:00:00,583,Ramanathapuram,0.75,30.23,-9.52
2025-05-16 20:00:00,583,Ramanathapuram,1.5,30.23,-9.555
2025-05-17 08:00:00,583,Ramanathapuram,0.5,30.23,-9.485
2025-05-17 08:30:00,583,Ramanathapuram,1.0,30.23,-9.485
2025-05-17 09:00:00,583,Ramanathapuram,0.9,30.23,-9.485
2025-05-17 10:00:00,583,Ramanathapuram,0.5,30.23,-9.5
2025-05-17 13:00:00,583,Ramanathapuram,0.5,30.23,-9.5
2025-05-17 23:30:00,583,Ramanathapuram,4.0,30.23,-9.495
2025-05-18 00:00:00,583,Ramanathapuram,7.0,30.23,-9.495
2025-05-18 00:30:00,583,Ramanathapuram,0.5,30.23,-9.495
2025-05-18 02:00:00,583,Ramanathapuram,5.375,30.23,-9.495
2025-05-18 03:00:00,583,Ramanathapuram,1.1666666666666667,30.23,-9.495
2025-05-18 03:30:00,583,Ramanathapuram,2.0,30.23,-9.485
2025-05-18 04:00:00,583,Ramanathapuram,1.5,30.23,-9.485
2025-05-18 05:00:00,583,Ramanathapuram,0.5,30.23,-9.485
2025-05-18 05:30:00,583,Ramanathapuram,0.5,30.23,-9.485
2025-05-18 06:00:00,583,Ramanathapuram,0.5,30.23,-9.485
2025-05-18 07:00:00,583,Ramanathapuram,0.5,30.23,-9.485
2025-05-18 09:00:00,583,Ramanathapuram,0.5,30.23,-9.485
2025-05-18 18:00:00,583,Ramanathapuram,0.5,30.23,-9.55
2025-05-18 20:00:00,583,Ramanathapuram,19.5,30.23,-9.55
2025-05-18 21:00:00,583,Ramanathapuram,8.5,30.23,-9.55
2025-05-19 02:30:00,583,Ramanathapuram,33.5,30.23,-9.485
2025-05-19 03:00:00,583,Ramanathapuram,19.25,30.23,-9.485
2025-05-19 03:30:00,583,Ramanathapuram,4.0,30.23,-9.485
2025-05-19 04:00:00,583,Ramanathapuram,1.5,30.23,-9.485
2025-05-19 04:30:00,583,Ramanathapuram,0.5,30.23,-9.485
2025-05-19 05:00:00,583,Ramanathapuram,0.5,30.23,-9.485
2025-05-19 05:30:00,583,Ramanathapuram,0.5,30.23,-9.485
2025-05-19 06:00:00,583,Ramanathapuram,0.5,30.23,-9.485
2025-05-19 07:00:00,583,Ramanathapuram,0.5,30.23,-9.485
2025-05-19 14:00:00,583,Ramanathapuram,1.0,30.23,-9.5
2025-05-19 20:00:00,583,Ramanathapuram,0.5,30.23,-9.525
2025-05-20 23:00:00,583,Ramanathapuram,0.5,30.23,-9.495
2025-05-30 10:00:00,583,Ramanathapuram,3.5,30.23,-9.65
2025-05-30 11:00:00,583,Ramanathapuram,4.0,30.23,-9.65
2025-06-04 17:00:00,583,Ramanathapuram,21.5,30.23,-9.745
2025-06-04 18:00:00,583,Ramanathapuram,0.5,30.23,-9.745
2025-06-04 19:00:00,583,Ramanathapuram,0.5,30.23,-9.745
2025-06-10 00:00:00,583,Ramanathapuram,0.5,30.23,-9.785
2025-06-10 18:00:00,583,Ramanathapuram,8.0,30.23,-9.78
2025-06-10 19:00:00,583,Ramanathapuram,0.5,30.23,-9.78
2025-06-10 20:00:00,583,Ramanathapuram,0.5,30.23,-9.78
2025-06-10 21:00:00,583,Ramanathapuram,0.5,30.23,-9.78
2025-06-11 04:00:00,583,Ramanathapuram,0.5,30.234,-9.775
2025-06-11 14:00:00,583,Ramanathapuram,0.5,30.235,-9.785
2025-06-11 16:00:00,583,Ramanathapuram,3.5,30.23,-9.785
2025-06-11 17:00:00,583,Ramanathapuram,7.5,30.234,-9.785
2025-06-11 18:00:00,583,Ramanathapuram,7.0,30.232,-9.785
2025-06-11 19:00:00,583,Ramanathapuram,3.5,30.23,-9.785
2025-06-13 16:00:00,583,Ramanathapuram,0.5,30.235,-3.69
2025-06-14 18:00:00,583,Ramanathapuram,0.5,30.234,-9.845
2025-06-15 22:00:00,583,Ramanathapuram,0.5,30.23,-9.865
2025-06-22 16:00:00,583,Ramanathapuram,17.0,30.246,-9.995
2025-06-22 17:00:00,583,Ramanathapuram,7.5,30.242,-9.995
2025-06-22 18:00:00,583,Ramanathapuram,5.25,30.239,-9.995
2025-06-22 19:00:00,583,Ramanathapuram,1.0,30.239,-9.995
2025-06-22 20:00:00,583,Ramanathapuram,0.5,30.236,-9.995
2025-06-22 21:00:00,583,Ramanathapuram,0.5,30.235,-9.995
2025-07-11 16:00:00,583,Ramanathapuram,0.5,30.233,-10.155
2025-07-11 17:00:00,583,Ramanathapuram,1.0,30.23,-10.155
2025-07-15 20:00:00,583,Ramanathapuram,2.5,30.23,-10.305
2025-07-16 15:00:00,583,Ramanathapuram,5.5,30.23,-10.275
2025-07-16 16:00:00,583,Ramanathapuram,1.0,30.23,-10.295000000000002
2025-07-16 17:00:00,583,Ramanathapuram,1.3333333333333333,30.23,-10.295000000000002
2025-07-23 08:00:00,583,Ramanathapuram,0.5,30.23,-10.365
2025-07-23 17:00:00,583,Ramanathapuram,4.5,30.236,-10.425
2025-07-31 19:00:00,583,Ramanathapuram,1.0,30.236,-10.465
2025-08-01 20:00:00,583,Ramanathapuram,15.25,30.23,-10.47
2025-08-01 21:00:00,583,Ramanathapuram,3.333333333333333,30.23,-10.47
2025-08-01 22:00:00,583,Ramanathapuram,5.5,30.23,-10.47
2025-08-01 23:00:00,583,Ramanathapuram,0.5,30.23,-10.47
2025-08-02 03:00:00,583,Ramanathapuram,0.5,30.23,-10.47
2025-08-02 09:00:00,583,Ramanathapuram,0.5,30.23,-10.48
2025-08-02 15:00:00,583,Ramanathapuram,0.5,30.23,-10.495
2025-08-02 17:00:00,583,Ramanathapuram,17.5,30.23,-10.49
2025-08-02 18:00:00,583,Ramanathapuram,2.25,30.23,-10.49
2025-08-02 19:00:00,583,Ramanathapuram,6.5,30.23,-10.49
2025-08-02 22:00:00,583,Ramanathapuram,10.5,30.23,-10.485
2025-08-02 23:00:00,583,Ramanathapuram,1.5,30.23,-10.485
2025-08-03 01:00:00,583,Ramanathapuram,1.0,30.23,-10.485
2025-08-03 02:00:00,583,Ramanathapuram,1.25,30.23,-10.485
2025-08-03 03:00:00,583,Ramanathapuram,0.625,30.23,-10.485
2025-08-03 14:00:00,583,Ramanathapuram,0.5,30.23,-10.51
2025-08-03 15:00:00,583,Ramanathapuram,1.0,30.23,-10.51
2025-08-04 14:00:00,583,Ramanathapuram,11.5,30.23,-10.485
2025-08-04 15:00:00,583,Ramanathapuram,6.75,30.23,-10.485
2025-08-04 16:00:00,583,Ramanathapuram,26.5,30.23,-10.475
2025-08-05 13:00:00,583,Ramanathapuram,1.0,30.23,-10.475
2025-08-05 14:00:00,583,Ramanathapuram,3.0,30.23,-10.475
2025-08-05 15:00:00,583,Ramanathapuram,0.5,30.23,-10.475
2025-08-05 16:00:00,583,Ramanathapuram,0.5,30.23,-10.46
2025-08-05 19:00:00,583,Ramanathapuram,0.5,30.23,-10.46
2025-08-05 20:00:00,583,Ramanathapuram,0.5,30.23,-10.46
2025-08-06 00:00:00,583,Ramanathapuram,0.5,30.23,-10.45
2025-08-06 08:00:00,583,Ramanathapuram,0.5,30.23,-10.45
2025-08-06 14:00:00,583,Ramanathapuram,0.5,30.24,-10.5
2025-08-06 22:00:00,583,Ramanathapuram,0.5,30.23,-10.445
2025-08-07 10:00:00,583,Ramanathapuram,0.5,30.23,-10.44
2025-08-07 17:00:00,583,Ramanathapuram,0.5,30.235,-10.455000000000002
2025-08-08 06:00:00,583,Ramanathapuram,0.5,30.23,-10.43
2025-08-08 14:00:00,583,Ramanathapuram,2.5,30.23,-10.46
2025-08-08 15:00:00,583,Ramanathapuram,0.5,30.23,-10.46
2025-08-09 03:00:00,583,Ramanathapuram,0.5,30.23,-10.44
2025-08-09 08:00:00,583,Ramanathapuram,1.5,30.23,-10.425
2025-08-09 15:00:00,583,Ramanathapuram,0.5,30.23,-10.445
2025-08-09 16:00:00,583,Ramanathapuram,3.5,30.23,-10.48
2025-08-09 17:00:00,583,Ramanathapuram,2.5,30.23,-10.48
2025-08-10 07:00:00,583,Ramanathapuram,0.5,30.23,-10.475
2025-08-11 00:00:00,583,Ramanathapuram,0.5,30.23,-10.445
2025-08-11 06:00:00,583,Ramanathapuram,0.5,30.23,-10.455
2025-08-11 07:00:00,583,Ramanathapuram,0.5,30.23,-10.455
2025-08-11 08:00:00,583,Ramanathapuram,1.5,30.23,-10.455
2025-08-11 09:00:00,583,Ramanathapuram,1.5,30.23,-10.455
2025-08-11 12:00:00,583,Ramanathapuram,0.5,30.243,-10.48
2025-08-11 13:00:00,583,Ramanathapuram,0.5,30.252,-10.48
2025-08-11 19:00:00,583,Ramanathapuram,0.5,30.23,-10.46
2025-08-12 11:00:00,583,Ramanathapuram,0.5,30.23,-10.48
2025-08-12 17:00:00,583,Ramanathapuram,3.0,30.23,-10.445
2025-08-13 05:00:00,583,Ramanathapuram,0.5,30.23,-10.435
2025-08-13 21:00:00,583,Ramanathapuram,0.5,30.23,-10.45
2025-08-14 18:00:00,583,Ramanathapuram,0.5,30.23,-10.43
2025-08-15 17:00:00,583,Ramanathapuram,0.5,30.254,-10.5
2025-08-15 18:00:00,583,Ramanathapuram,0.5,30.247,-10.5
2025-08-21 14:45:00,583,Ramanathapuram,2.0,30.436,-10.595
2025-08-21 15:00:00,583,Ramanathapuram,2.0,30.436,-10.595
2025-08-21 16:15:00,583,Ramanathapuram,2.5,30.431,-10.625
2025-08-21 17:00:00,583,Ramanathapuram,2.5,30.43,-10.625
2025-08-21 17:10:00,583,Ramanathapuram,2.5,30.43,-10.625
2025-08-21 17:15:00,583,Ramanathapuram,2.5,30.43,-10.625
2025-08-21 18:00:00,583,Ramanathapuram,2.5,30.43,-10.625
2025-08-21 18:20:00,583,Ramanathapuram,2.5,30.43,-10.625
2025-08-21 19:00:00,583,Ramanathapuram,2.5,30.43,-10.625
2025-08-21 19:20:00,583,Ramanathapuram,1.5,30.43,-10.625
2025-08-21 20:00:00,583,Ramanathapuram,1.5,30.43,-10.625
2025-08-22 08:15:00,583,Ramanathapuram,2.5,30.43,-10.565
2025-08-22 09:00:00,583,Ramanathapuram,2.5,30.43,-10.565
2025-08-22 14:00:00,583,Ramanathapuram,0.5,30.444,-10.575
2025-08-22 17:00:00,583,Ramanathapuram,17.0,30.434,-10.585
2025-08-23 14:00:00,583,Ramanathapuram,0.8333333333333334,30.43,-10.585
2025-08-23 15:00:00,583,Ramanathapuram,10.0,30.442,-10.585
2025-08-23 16:00:00,583,Ramanathapuram,1.75,30.445,-10.645
2025-08-23 19:00:00,583,Ramanathapuram,30.5,30.45,-10.645
2025-08-23 20:00:00,583,Ramanathapuram,3.0,30.449,-10.645
2025-08-23 21:00:00,583,Ramanathapuram,0.5,30.447,-10.645
2025-08-24 20:00:00,583,Ramanathapuram,0.5,41.719,-10.61
2025-08-24 21:00:00,583,Ramanathapuram,19.5,30.43,-10.61
2025-08-24 22:00:00,583,Ramanathapuram,3.5,30.432,-10.585
2025-08-27 16:00:00,583,Ramanathapuram,0.5,30.453,-10.63
2025-08-27 17:00:00,583,Ramanathapuram,0.5,30.449,-10.63
2025-09-01 16:00:00,583,Ramanathapuram,4.5,30.433,-10.7
2025-09-01 17:00:00,583,Ramanathapuram,10.0,30.43,-10.7
2025-09-01 18:00:00,583,Ramanathapuram,2.5,30.43,-10.7
2025-09-01 22:00:00,583,Ramanathapuram,9.5,30.43,-10.675
2025-09-05 17:00:00,583,Ramanathapuram,3.25,30.43,-10.735
2025-09-05 19:00:00,583,Ramanathapuram,1.0,30.43,-10.735
2025-09-05 20:00:00,583,Ramanathapuram,0.5,41.391,-10.735
2025-09-06 14:00:00,583,Ramanathapuram,0.5,30.43,-10.755
2025-09-06 16:00:00,583,Ramanathapuram,2.0,30.43,-10.73
2025-09-06 19:00:00,583,Ramanathapuram,15.5,41.436,-10.73
2025-09-06 20:00:00,583,Ramanathapuram,3.0,30.43,-10.73
2025-09-06 21:00:00,583,Ramanathapuram,1.0,30.43,-10.73
2025-09-07 14:00:00,583,Ramanathapuram,6.5,30.43,-10.72
2025-09-07 15:00:00,583,Ramanathapuram,12.0,30.437,-10.72
2025-09-07 18:00:00,583,Ramanathapuram,0.5,30.435,-10.73
2025-09-07 19:00:00,583,Ramanathapuram,1.0,49.168,-10.73
2025-09-07 20:00:00,583,Ramanathapuram,0.5,45.92,-10.73
2025-09-08 03:30:00,583,Ramanathapuram,0.5,30.43,-10.71
2025-09-08 04:00:00,583,Ramanathapuram,1.0,30.43,-10.71
2025-09-08 05:00:00,583,Ramanathapuram,0.5,30.43,-10.71
2025-09-08 06:00:00,583,Ramanathapuram,0.5,30.43,-10.71
2025-09-08 07:00:00,583,Ramanathapuram,0.5,30.43,-10.71
2025-09-08 09:00:00,583,Ramanathapuram,0.5,30.43,-10.71
2025-09-08 16:00:00,583,Ramanathapuram,3.0,30.431,-10.76
2025-09-08 17:00:00,583,Ramanathapuram,4.5,30.43,-10.76
2025-09-09 14:00:00,583,Ramanathapuram,34.0,30.43,-10.725
2025-09-09 15:00:00,583,Ramanathapuram,11.25,30.437,-10.725
2025-09-09 16:00:00,583,Ramanathapuram,1.0,30.434,-10.725
2025-09-10 13:00:00,583,Ramanathapuram,6.5,30.43,-10.72
2025-09-10 14:00:00,583,Ramanathapuram,0.5,30.43,-10.72
2025-09-10 15:00:00,583,Ramanathapuram,41.0,30.452,-10.72
2025-09-10 16:00:00,583,Ramanathapuram,1.0,30.463,-10.735
2025-09-10 17:00:00,583,Ramanathapuram,0.5,30.461,-10.735
2025-09-12 16:00:00,583,Ramanathapuram,2.5,30.43,-10.755
2025-09-16 17:00:00,583,Ramanathapuram,2.0,30.435,-10.725
2025-09-16 18:00:00,583,Ramanathapuram,32.5,49.084,-10.725
2025-09-17 11:00:00,583,Ramanathapuram,0.5,30.43,-10.74
2025-09-17 11:30:00,583,Ramanathapuram,1.5,30.43,-10.74
2025-09-17 12:00:00,583,Ramanathapuram,4.0,30.43,-10.74
2025-09-17 12:30:00,583,Ramanathapuram,2.0,30.43,-10.74
2025-09-17 13:00:00,583,Ramanathapuram,2.0,30.43,-10.74
2025-09-17 14:00:00,583,Ramanathapuram,31.0,30.43,-10.74
2025-09-17 14:30:00,583,Ramanathapuram,0.5,30.43,-10.74
2025-09-17 15:00:00,583,Ramanathapuram,0.5,30.43,-10.74
2025-09-18 16:00:00,583,Ramanathapuram,4.5,30.43,-10.785
2025-09-18 17:00:00,583,Ramanathapuram,11.25,30.43,-10.785
2025-09-20 18:00:00,583,Ramanathapuram,0.5,30.43,-10.79
2025-09-21 00:00:00,583,Ramanathapuram,1.5,30.43,-10.755
2025-09-22 16:00:00,583,Ramanathapuram,1.0,30.448,-10.83
2025-09-22 18:00:00,583,Ramanathapuram,0.5,30.433,-10.83
2025-09-22 19:00:00,583,Ramanathapuram,3.5,41.72,-10.83
2025-09-23 16:00:00,583,Ramanathapuram,2.5,30.448,-10.86
2025-09-23 17:00:00,583,Ramanathapuram,3.0,30.449,-10.86
2025-09-23 18:00:00,583,Ramanathapuram,0.5,41.443,-10.86
2025-09-25 15:00:00,583,Ramanathapuram,3.5,30.43,-10.855
2025-09-25 16:00:00,583,Ramanathapuram,0.5,30.43,-10.89
2025-09-25 17:00:00,583,Ramanathapuram,3.25,30.43,-10.89
2025-09-25 18:00:00,583,Ramanathapuram,1.5,49.099,-10.89
2025-10-03 20:00:00,583,Ramanathapuram,6.0,41.716,-11.055
2025-10-04 10:30:00,583,Ramanathapuram,1.0,30.43,-11.03
2025-10-04 11:00:00,583,Ramanathapuram,2.0,30.43,-11.03
2025-10-04 12:00:00,583,Ramanathapuram,1.0,30.43,-11.03
2025-10-04 12:30:00,583,Ramanathapuram,0.5,30.43,-11.03
2025-10-04 13:00:00,583,Ramanathapuram,0.5,30.43,-11.03
2025-10-04 20:00:00,583,Ramanathapuram,2.0,49.144,-11.1
2025-10-05 15:00:00,583,Ramanathapuram,0.75,30.43,-11.06
2025-10-05 16:00:00,583,Ramanathapuram,0.5,30.43,-11.09
2025-10-05 17:00:00,583,Ramanathapuram,2.0,30.43,-11.09
2025-10-05 18:00:00,583,Ramanathapuram,9.5,30.43,-11.09
2025-10-05 19:00:00,583,Ramanathapuram,1.5,49.17,-11.09
2025-10-06 13:00:00,583,Ramanathapuram,32.0,30.43,-11.05
2025-10-16 00:00:00,583,Ramanathapuram,0.5,30.43,-10.4395
2025-10-16 01:30:00,583,Ramanathapuram,2.0,30.43,-10.4395
2025-10-16 02:00:00,583,Ramanathapuram,2.0,30.43,-10.4395
2025-10-16 03:00:00,583,Ramanathapuram,0.5,30.43,-10.4395
2025-10-16 03:30:00,583,Ramanathapuram,8.5,30.43,-10.4395
2025-10-16 04:00:00,583,Ramanathapuram,8.25,30.43,-10.4395
2025-10-16 04:30:00,583,Ramanathapuram,0.5,30.43,-10.4395
2025-10-16 05:00:00,583,Ramanathapuram,0.75,30.43,-10.4395
2025-10-16 06:00:00,583,Ramanathapuram,3.5,30.43,-10.4395
2025-10-16 06:30:00,583,Ramanathapuram,2.0,30.43,-10.4395
2025-10-16 07:00:00,583,Ramanathapuram,5.75,30.43,-10.4395
2025-10-16 07:30:00,583,Ramanathapuram,2.5,30.43,-10.4395
2025-10-16 08:00:00,583,Ramanathapuram,7.0,30.436,-10.4395
2025-10-16 08:30:00,583,Ramanathapuram,3.0,30.436,-10.4395
2025-10-16 09:00:00,583,Ramanathapuram,8.642857142857142,30.43,-10.4395
2025-10-16 10:00:00,583,Ramanathapuram,2.5,30.43,-10.4395
2025-10-16 11:00:00,583,Ramanathapuram,2.375,30.43,-10.4395
2025-10-16 12:00:00,583,Ramanathapuram,4.5,30.43,-10.4395
2025-10-16 13:00:00,583,Ramanathapuram,2.75,30.43,-10.4395
2025-10-16 14:00:00,583,Ramanathapuram,2.5,30.43,-10.4395
2025-10-16 15:00:00,583,Ramanathapuram,2.0,30.435,-10.4395
2025-10-16 16:00:00,583,Ramanathapuram,1.5,30.43,-10.4395
2025-10-16 16:30:00,583,Ramanathapuram,2.0,30.43,-10.4395
2025-10-16 17:00:00,583,Ramanathapuram,3.0,30.434,-10.4395
2025-10-16 17:30:00,583,Ramanathapuram,1.0,30.434,-10.4395
2025-10-16 18:00:00,583,Ramanathapuram,1.0,47.276,-10.4395
2025-10-16 19:00:00,583,Ramanathapuram,0.75,41.72,-10.4395
2025-10-16 20:00:00,583,Ramanathapuram,0.5,30.43,-10.4395
2025-10-16 21:00:00,583,Ramanathapuram,0.5,30.43,-10.4395
2025-10-16 22:00:00,583,Ramanathapuram,0.5,30.43,-10.4395
2025-10-17 00:00:00,583,Ramanathapuram,0.5,30.43,-10.4395
2025-10-17 03:00:00,583,Ramanathapuram,0.5,30.43,-10.4395
2025-10-17 05:00:00,583,Ramanathapuram,1.0,30.43,-10.4395
2025-10-17 06:00:00,583,Ramanathapuram,0.5,30.43,-10.4395
2025-10-17 07:00:00,583,Ramanathapuram,2.0,30.435,-10.4395
2025-10-17 08:00:00,583,Ramanathapuram,0.5,30.43,-10.4395
2025-10-17 09:00:00,583,Ramanathapuram,1.0,30.43,-10.4395
2025-10-17 10:00:00,583,Ramanathapuram,1.5,30.43,-10.4395
2025-10-17 11:00:00,583,Ramanathapuram,15.5,30.444,-10.4395
2025-10-17 12:00:00,583,Ramanathapuram,16.0,30.43,-10.4395
2025-10-17 15:00:00,583,Ramanathapuram,0.5,30.44,-10.4395
2025-10-17 17:00:00,583,Ramanathapuram,1.5,30.43,-10.4395
2025-10-17 18:00:00,583,Ramanathapuram,14.5,49.178,-10.4395
2025-10-17 19:00:00,583,Ramanathapuram,5.5,46.591,-10.4395
2025-10-17 21:00:00,583,Ramanathapuram,3.75,30.43,-10.4395
2025-10-17 22:00:00,583,Ramanathapuram,1.3333333333333333,30.43,-10.4395
2025-10-17 22:30:00,583,Ramanathapuram,7.5,30.43,-10.4395
2025-10-17 23:00:00,583,Ramanathapuram,13.125,30.43,-10.4395
2025-10-17 23:30:00,583,Ramanathapuram,2.5,30.43,-10.4395
2025-10-18 00:00:00,583,Ramanathapuram,4.0,30.43,-10.4395
2025-10-18 01:00:00,583,Ramanathapuram,6.6,30.43,-10.4395
2025-10-18 02:00:00,583,Ramanathapuram,1.875,30.43,-10.4395
2025-10-18 03:00:00,583,Ramanathapuram,0.6666666666666666,30.444,-10.4395
2025-10-18 08:00:00,583,Ramanathapuram,0.5,30.43,-10.4395
2025-10-18 09:00:00,583,Ramanathapuram,1.0,30.43,-10.4395
2025-10-18 11:00:00,583,Ramanathapuram,0.75,30.444,-10.4395
2025-10-18 11:30:00,583,Ramanathapuram,0.5,30.444,-10.4395
2025-10-18 12:00:00,583,Ramanathapuram,5.0,30.434,-10.4395
2025-10-18 12:30:00,583,Ramanathapuram,0.5,30.434,-10.4395
2025-10-18 13:00:00,583,Ramanathapuram,1.25,30.43,-10.4395
2025-10-18 14:00:00,583,Ramanathapuram,4.5,30.43,-10.4395
2025-10-18 15:00:00,583,Ramanathapuram,8.0,30.43,-10.4395
2025-10-18 16:00:00,583,Ramanathapuram,2.0,30.43,-10.4395
2025-10-18 19:00:00,583,Ramanathapuram,0.5,31.68,-10.4395
2025-10-18 23:00:00,583,Ramanathapuram,0.5,30.43,-10.4395
2025-10-19 00:00:00,583,Ramanathapuram,26.0,30.43,-10.4395
2025-10-19 00:30:00,583,Ramanathapuram,7.5,30.43,-10.4395
2025-10-19 01:00:00,583,Ramanathapuram,6.0,30.456,-10.4395
2025-10-19 01:30:00,583,Ramanathapuram,2.0,30.456,-10.4395
2025-10-19 02:00:00,583,Ramanathapuram,15.166666666666666,30.448,-10.4395
2025-10-19 02:30:00,583,Ramanathapuram,21.5,30.448,-10.4395
2025-10-19 03:00:00,583,Ramanathapuram,14.5,30.435,-10.4395
2025-10-19 03:30:00,583,Ramanathapuram,0.5,30.435,-10.4395
2025-10-19 04:00:00,583,Ramanathapuram,4.6,30.43,-10.4395
2025-10-19 04:30:00,583,Ramanathapuram,1.0,30.43,-10.4395
2025-10-19 05:00:00,583,Ramanathapuram,1.1666666666666667,30.446,-10.4395
2025-10-19 06:00:00,583,Ramanathapuram,0.5,30.451,-10.4395
2025-10-19 08:00:00,583,Ramanathapuram,0.5,30.445,-10.4395
2025-10-19 09:00:00,583,Ramanathapuram,0.5,30.44,-10.4395
2025-10-19 10:00:00,583,Ramanathapuram,1.0,30.438,-10.4395
2025-10-19 11:00:00,583,Ramanathapuram,0.5,30.43,-10.4395
2025-10-19 13:00:00,583,Ramanathapuram,41.5,30.475,-10.4395
2025-10-19 14:00:00,583,Ramanathapuram,80.0,30.43,-10.4395
2025-10-19 15:00:00,583,Ramanathapuram,6.0,30.43,-10.4395
2025-10-19 16:00:00,583,Ramanathapuram,34.0,30.486,-10.4395
2025-10-19 23:00:00,583,Ramanathapuram,2.0,30.458,-10.4395
2025-10-19 23:30:00,583,Ramanathapuram,3.0,30.458,-10.4395
2025-10-20 00:00:00,583,Ramanathapuram,6.75,30.459,-10.4395
2025-10-20 00:30:00,583,Ramanathapuram,0.5,30.459,-10.4395
2025-10-20 01:00:00,583,Ramanathapuram,4.833333333333333,30.456,-10.4395
2025-10-20 02:00:00,583,Ramanathapuram,3.25,30.43,-10.4395
2025-10-20 03:00:00,583,Ramanathapuram,3.6666666666666665,30.43,-10.4395
2025-10-20 04:00:00,583,Ramanathapuram,14.5,30.43,-10.4395
2025-10-20 04:30:00,583,Ramanathapuram,3.0,30.43,-10.4395
2025-10-20 05:00:00,583,Ramanathapuram,3.8333333333333335,30.43,-10.4395
2025-10-20 05:30:00,583,Ramanathapuram,3.5,30.43,-10.4395
2025-10-20 06:00:00,583,Ramanathapuram,2.0,30.43,-10.4395
2025-10-20 07:00:00,583,Ramanathapuram,0.75,30.441,-10.4395
2025-10-20 07:30:00,583,Ramanathapuram,5.5,30.441,-10.4395
2025-10-20 08:00:00,583,Ramanathapuram,9.25,30.43,-10.4395
2025-10-20 08:30:00,583,Ramanathapuram,0.5,30.43,-10.4395
2025-10-20 09:00:00,583,Ramanathapuram,0.5,30.43,-10.4395
2025-10-20 10:00:00,583,Ramanathapuram,0.5,30.437,-10.4395
2025-10-20 10:30:00,583,Ramanathapuram,0.5,30.437,-10.4395
2025-10-20 11:00:00,583,Ramanathapuram,0.5,30.43,-10.4395
2025-10-20 12:30:00,583,Ramanathapuram,1.0,30.43,-10.4395
2025-10-20 13:00:00,583,Ramanathapuram,1.25,30.43,-10.4395
2025-10-20 14:00:00,583,Ramanathapuram,2.5,30.43,-10.4395
2025-10-20 14:30:00,583,Ramanathapuram,0.5,30.43,-10.4395
2025-10-20 15:00:00,583,Ramanathapuram,1.0,30.43,-10.4395
2025-10-20 15:30:00,583,Ramanathapuram,6.5,30.43,-10.4395
2025-10-20 16:00:00,583,Ramanathapuram,2.75,30.43,-10.4395
2025-10-20 16:30:00,583,Ramanathapuram,1.0,30.43,-10.4395
2025-10-20 17:00:00,583,Ramanathapuram,1.5,30.43,-10.4395
2025-10-20 17:30:00,583,Ramanathapuram,1.0,30.43,-10.4395
2025-10-20 18:00:00,583,Ramanathapuram,0.75,30.43,-10.4395
2025-10-20 18:30:00,583,Ramanathapuram,0.5,49.168,-10.4395
2025-10-20 19:00:00,583,Ramanathapuram,7.5,49.168,-10.4395
2025-10-20 19:30:00,583,Ramanathapuram,1.5,49.168,-10.4395
2025-10-20 20:00:00,583,Ramanathapuram,1.0,30.43,-10.4395
2025-10-21 00:00:00,583,Ramanathapuram,3.333333333333333,30.43,-10.4395
2025-10-21 00:30:00,583,Ramanathapuram,1.0,30.43,-10.4395
2025-10-21 01:00:00,583,Ramanathapuram,2.0,30.43,-10.4395
2025-10-21 01:30:00,583,Ramanathapuram,10.0,30.43,-10.4395
2025-10-21 02:00:00,583,Ramanathapuram,7.5,30.437,-10.4395
2025-10-21 02:30:00,583,Ramanathapuram,5.0,30.437,-10.4395
2025-10-21 03:00:00,583,Ramanathapuram,3.75,30.43,-10.4395
2025-10-21 03:30:00,583,Ramanathapuram,0.5,30.43,-10.4395
2025-10-21 04:00:00,583,Ramanathapuram,1.5,30.43,-10.4395
2025-10-21 04:30:00,583,Ramanathapuram,0.5,30.43,-10.4395
2025-10-21 05:00:00,583,Ramanathapuram,2.833333333333333,30.43,-10.4395
2025-10-21 05:30:00,583,Ramanathapuram,8.5,30.43,-10.4395
2025-10-21 06:00:00,583,Ramanathapuram,7.2,30.437,-10.4395
2025-10-21 06:30:00,583,Ramanathapuram,11.5,30.437,-10.4395
2025-10-21 07:00:00,583,Ramanathapuram,5.083333333333333,30.434,-10.4395
2025-10-21 07:30:00,583,Ramanathapuram,2.0,30.434,-10.4395
2025-10-21 08:00:00,583,Ramanathapuram,2.6666666666666665,30.43,-10.4395
2025-10-21 08:30:00,583,Ramanathapuram,1.0,30.43,-10.4395
2025-10-21 09:00:00,583,Ramanathapuram,8.25,30.43,-10.4395
2025-10-21 09:30:00,583,Ramanathapuram,9.5,30.43,-10.4395
2025-10-21 10:00:00,583,Ramanathapuram,5.0,30.436,-10.4395
2025-10-21 10:30:00,583,Ramanathapuram,2.5,30.436,-10.4395
2025-10-21 11:00:00,583,Ramanathapuram,2.75,30.44,-10.4395
2025-10-21 12:00:00,583,Ramanathapuram,2.9,30.43,-10.4395
2025-10-21 13:00:00,583,Ramanathapuram,1.9166666666666667,30.43,-10.4395
2025-10-21 13:30:00,583,Ramanathapuram,1.0,30.43,-10.4395
2025-10-21 14:00:00,583,Ramanathapuram,4.0,30.436,-10.4395
2025-10-21 15:00:00,583,Ramanathapuram,3.2,30.43,-10.4395
2025-10-21 16:00:00,583,Ramanathapuram,4.125,30.437,-10.4395
2025-10-21 17:00:00,583,Ramanathapuram,5.0,30.444,-10.4395
2025-10-21 18:00:00,583,Ramanathapuram,1.25,30.445,-10.4395
2025-10-21 19:00:00,583,Ramanathapuram,6.75,30.445,-10.4395
2025-10-21 20:00:00,583,Ramanathapuram,2.75,46.246,-10.4395
2025-10-21 21:00:00,583,Ramanathapuram,0.5,30.444,-10.4395
2025-10-21 21:30:00,583,Ramanathapuram,3.0,30.444,-10.4395
2025-10-21 22:00:00,583,Ramanathapuram,2.5,30.441,-10.4395
2025-10-21 23:00:00,583,Ramanathapuram,1.25,30.439,-10.4395
2025-10-22 00:00:00,583,Ramanathapuram,15.0,30.444,-10.4395
2025-10-22 01:00:00,583,Ramanathapuram,9.5,30.447,-10.4395
2025-10-22 02:00:00,583,Ramanathapuram,0.5,30.445,-10.4395
2025-10-22 03:00:00,583,Ramanathapuram,0.5,30.436,-10.4395
2025-10-22 06:00:00,583,Ramanathapuram,0.5,30.443,-10.4395
2025-10-22 08:00:00,583,Ramanathapuram,1.5,30.448,-10.4395
2025-10-22 10:00:00,583,Ramanathapuram,3.5,30.46,-10.4395
2025-10-22 12:00:00,583,Ramanathapuram,1.0,30.43,-10.4395
2025-10-22 13:00:00,583,Ramanathapuram,33.0,30.43,-10.4395
2025-10-22 14:00:00,583,Ramanathapuram,163.0,30.452,-10.4395
2025-10-22 15:00:00,583,Ramanathapuram,89.0,30.451,-10.4395
2025-10-22 16:00:00,583,Ramanathapuram,15.0,30.447,-10.4395
2025-10-22 18:00:00,583,Ramanathapuram,5.5,30.441,-10.4395
2025-10-22 19:00:00,583,Ramanathapuram,0.5,30.444,-10.4395
2025-10-22 20:00:00,583,Ramanathapuram,35.0,46.587,-10.4395
2025-10-22 21:00:00,583,Ramanathapuram,18.5,30.444,-10.4395
2025-10-22 22:00:00,583,Ramanathapuram,4.5,30.446,-10.4395
2025-10-22 23:00:00,583,Ramanathapuram,5.5,30.444,-10.4395
2025-10-23 00:00:00,583,Ramanathapuram,4.0,30.445,-10.4395
2025-10-23 01:00:00,583,Ramanathapuram,12.0,30.444,-10.4395
2025-10-23 02:00:00,583,Ramanathapuram,10.5,30.45,-10.4395
2025-10-23 03:00:00,583,Ramanathapuram,1.0,30.449,-10.4395
2025-10-23 04:00:00,583,Ramanathapuram,1.0,30.45,-10.4155
2025-10-23 08:00:00,583,Ramanathapuram,0.5,30.445,-10.4155
2025-10-23 09:00:00,583,Ramanathapuram,19.5,30.445,-10.4155
2025-10-23 10:00:00,583,Ramanathapuram,28.5,30.448,-10.4205
2025-10-23 15:00:00,583,Ramanathapuram,2.0,30.457,-10.4205
2025-10-23 16:00:00,583,Ramanathapuram,2.0,30.456,-10.41
2025-10-23 18:00:00,583,Ramanathapuram,1.0,30.442,-10.41
2025-10-23 19:00:00,583,Ramanathapuram,0.5,47.578,-10.41
2025-10-23 23:00:00,583,Ramanathapuram,0.5,30.439,-10.4125
2025-10-24 00:00:00,583,Ramanathapuram,1.0,30.442,-10.4125
2025-10-24 01:00:00,583,Ramanathapuram,1.0,30.439,-10.4125
2025-10-24 06:00:00,583,Ramanathapuram,0.5,30.439,-10.3915
2025-10-24 10:00:00,583,Ramanathapuram,0.5,30.434,-10.41
2025-10-24 17:00:00,583,Ramanathapuram,6.5,30.45,-10.384
2025-10-24 18:00:00,583,Ramanathapuram,2.5,30.447,-10.384
2025-10-24 19:00:00,583,Ramanathapuram,0.8333333333333334,41.438,-10.384
2025-10-24 20:00:00,583,Ramanathapuram,0.5,41.719,-10.384
2025-10-25 06:00:00,583,Ramanathapuram,0.5,30.455,-16.647
2025-10-25 08:00:00,583,Ramanathapuram,0.5,30.43,-16.647
2025-10-25 11:00:00,583,Ramanathapuram,0.5,30.43,-16.65
2025-10-25 12:00:00,583,Ramanathapuram,1.5,30.437,-16.65
2025-10-25 13:00:00,583,Ramanathapuram,1.5,30.43,-16.65
2025-10-25 14:00:00,583,Ramanathapuram,0.5,30.436,-16.65
2025-10-25 15:00:00,583,Ramanathapuram,119.5,30.448,-16.65
2025-10-25 16:00:00,583,Ramanathapuram,3.0,30.444,-16.65
2025-10-25 17:00:00,583,Ramanathapuram,109.0,30.446,-16.65
2025-10-25 18:00:00,583,Ramanathapuram,5.0,46.089,-16.65
2025-10-25 19:00:00,583,Ramanathapuram,0.5,46.97,-10.354500000000002
2025-10-26 01:00:00,583,Ramanathapuram,2.0,30.448,-10.354500000000002
2025-10-26 03:00:00,583,Ramanathapuram,0.5,30.443,-10.354500000000002
2025-10-26 06:00:00,583,Ramanathapuram,5.5,30.441,-10.341
2025-10-26 17:00:00,583,Ramanathapuram,0.5,30.437,-10.3655
2025-10-26 18:00:00,583,Ramanathapuram,8.0,49.17,-10.3655
2025-10-26 19:00:00,583,Ramanathapuram,0.5,41.721,-10.3655
2025-10-26 20:00:00,583,Ramanathapuram,3.0,30.45,-10.3655
2025-10-27 01:00:00,583,Ramanathapuram,0.5,30.446,-10.334499999999998
2025-10-27 09:00:00,583,Ramanathapuram,0.5,30.431,-10.323
2025-10-27 10:00:00,583,Ramanathapuram,0.5,30.432,-10.3275
2025-10-28 01:00:00,583,Ramanathapuram,0.5,30.438,-10.3225
2025-10-28 02:00:00,583,Ramanathapuram,0.5,30.443,-10.3225
2025-10-28 09:00:00,583,Ramanathapuram,5.0,30.437,-10.311
2025-10-28 10:00:00,583,Ramanathapuram,8.0,30.43,-10.309
2025-10-29 10:00:00,583,Ramanathapuram,0.5,30.43,-10.311
2025-10-30 07:00:00,583,Ramanathapuram,1.0,30.43,-10.2945
2025-10-30 08:00:00,583,Ramanathapuram,0.5,30.43,-10.2945
2025-10-30 10:00:00,583,Ramanathapuram,1.5,30.43,-10.316
2025-10-31 03:00:00,583,Ramanathapuram,0.5,30.431,-10.297
2025-10-31 06:00:00,583,Ramanathapuram,0.5,30.43,-10.289
2025-10-31 07:00:00,583,Ramanathapuram,0.5,30.43,-10.289
2025-10-31 08:00:00,583,Ramanathapuram,0.5,30.43,-10.289
2025-10-31 10:00:00,583,Ramanathapuram,0.5,30.43,-10.2795
2025-10-31 11:00:00,583,Ramanathapuram,1.0,30.43,-10.2795
2025-10-31 12:00:00,583,Ramanathapuram,0.5,30.43,-10.2795
2025-10-31 13:00:00,583,Ramanathapuram,2.0,30.442,-10.2795
2025-10-31 15:00:00,583,Ramanathapuram,0.5,30.434,-10.2795
2025-10-31 16:00:00,583,Ramanathapuram,1.0,30.454,-10.316
2025-11-01 09:00:00,583,Ramanathapuram,0.5,30.43,-10.272
2025-11-01 10:00:00,583,Ramanathapuram,0.5,30.43,-10.2685
2025-11-01 11:00:00,583,Ramanathapuram,0.5,30.43,-10.2685
2025-11-01 12:00:00,583,Ramanathapuram,0.5,30.43,-10.2685
2025-11-01 13:00:00,583,Ramanathapuram,0.5,30.445,-10.2685
2025-11-01 14:00:00,583,Ramanathapuram,2.5,30.437,-10.2685
2025-11-01 15:00:00,583,Ramanathapuram,2.5,30.445,-10.2685
2025-11-01 16:00:00,583,Ramanathapuram,1.0,30.431,-10.2845
2025-11-01 17:00:00,583,Ramanathapuram,0.5,30.436,-10.2845
2025-11-01 18:00:00,583,Ramanathapuram,1.0,30.432,-10.2845
2025-11-02 08:00:00,583,Ramanathapuram,1.0,30.43,-10.262
2025-11-02 09:00:00,583,Ramanathapuram,1.5,30.43,-10.262
2025-11-02 10:00:00,583,Ramanathapuram,0.5,30.43,-10.2725
2025-11-02 11:00:00,583,Ramanathapuram,1.0,30.43,-10.2725
2025-11-02 12:00:00,583,Ramanathapuram,0.5,30.442,-10.2725
2025-11-02 14:00:00,583,Ramanathapuram,3.0,30.438,-10.2725
2025-11-02 15:00:00,583,Ramanathapuram,1.5,30.438,-10.2725
2025-11-02 16:00:00,583,Ramanathapuram,13.5,30.436,-4.011
2025-11-02 17:00:00,583,Ramanathapuram,10.5,30.435,-4.011
2025-11-02 18:00:00,583,Ramanathapuram,2.0,30.435,-4.011
2025-11-02 19:00:00,583,Ramanathapuram,0.5,30.435,-4.011
2025-11-02 20:00:00,583,Ramanathapuram,1.5,30.435,-4.011
2025-11-02 21:00:00,583,Ramanathapuram,0.5,30.435,-4.011
2025-11-02 22:00:00,583,Ramanathapuram,2.0,30.435,-10.2665
2025-11-05 18:00:00,583,Ramanathapuram,1.0,30.43,-10.2285
2025-11-05 19:00:00,583,Ramanathapuram,0.5,30.43,-10.2285
2025-11-05 20:00:00,583,Ramanathapuram,1.5,30.43,-10.2285
2025-11-05 21:00:00,583,Ramanathapuram,0.75,30.43,-10.2285
2025-11-05 22:00:00,583,Ramanathapuram,0.5,30.43,-10.2535
2025-11-05 23:00:00,583,Ramanathapuram,0.5,30.43,-10.2535
2025-11-06 00:00:00,583,Ramanathapuram,1.0,30.43,-10.2535
2025-11-06 01:00:00,583,Ramanathapuram,0.5,30.43,-10.2535
2025-11-06 02:00:00,583,Ramanathapuram,1.0,30.43,-10.2535
2025-11-06 03:00:00,583,Ramanathapuram,0.5,30.43,-10.2535
2025-11-06 04:00:00,583,Ramanathapuram,0.5,30.43,-10.222
2025-11-06 05:00:00,583,Ramanathapuram,0.5,30.43,-10.222
2025-11-06 06:00:00,583,Ramanathapuram,1.0,30.43,-10.222
2025-11-06 07:00:00,583,Ramanathapuram,1.0,30.43,-10.222
2025-11-06 08:00:00,583,Ramanathapuram,0.5,30.43,-10.222
2025-11-06 10:00:00,583,Ramanathapuram,0.5,30.43,-10.2335
2025-11-06 13:00:00,583,Ramanathapuram,1.5,30.43,-10.2335
2025-11-06 14:00:00,583,Ramanathapuram,0.5,30.43,-10.2335
2025-11-06 16:00:00,583,Ramanathapuram,0.5,30.43,-10.215
2025-11-06 17:00:00,583,Ramanathapuram,1.0,30.43,-10.215
2025-11-07 02:00:00,583,Ramanathapuram,7.0,30.43,-10.24
2025-11-07 03:00:00,583,Ramanathapuram,39.5,30.43,-10.24
2025-11-07 05:00:00,583,Ramanathapuram,1.0,30.43,-10.214
2025-11-07 06:00:00,583,Ramanathapuram,1.5,30.43,-10.214
2025-11-07 07:00:00,583,Ramanathapuram,1.0,30.43,-10.214
2025-11-07 09:00:00,583,Ramanathapuram,0.5,30.43,-10.214
2025-11-07 12:00:00,583,Ramanathapuram,1.0,30.43,-10.217
2025-11-07 14:00:00,583,Ramanathapuram,5.75,1.012,-10.217
2025-11-07 15:00:00,583,Ramanathapuram,4.0,1.012,-10.217
2025-11-07 16:00:00,583,Ramanathapuram,0.5,1.012,-10.2405
2025-11-07 17:00:00,583,Ramanathapuram,0.5,1.012,-10.2405
2025-11-16 12:00:00,583,Ramanathapuram,0.5,30.43,-10.1325
2025-11-16 13:00:00,583,Ramanathapuram,3.0,30.43,-10.1325
2025-11-16 14:00:00,583,Ramanathapuram,0.5,30.43,-10.1325
2025-11-16 16:00:00,583,Ramanathapuram,3.5,30.43,-10.118
2025-11-16 16:30:00,583,Ramanathapuram,1.0,30.43,-10.118
2025-11-16 17:00:00,583,Ramanathapuram,30.5,30.43,-10.118
2025-11-16 17:30:00,583,Ramanathapuram,0.5,30.43,-10.118
2025-11-16 18:00:00,583,Ramanathapuram,2.5,30.43,-10.118
2025-11-16 19:00:00,583,Ramanathapuram,1.0,30.43,-10.118
2025-11-16 19:30:00,583,Ramanathapuram,8.0,30.43,-10.118
2025-11-16 20:00:00,583,Ramanathapuram,9.0,30.43,-10.118
2025-11-16 22:00:00,583,Ramanathapuram,0.5,30.43,-10.118
2025-11-16 22:30:00,583,Ramanathapuram,0.5,30.43,-10.118
2025-11-16 23:00:00,583,Ramanathapuram,8.0,30.43,-10.118
2025-11-16 23:30:00,583,Ramanathapuram,0.5,30.43,-10.118
2025-11-17 00:00:00,583,Ramanathapuram,3.5,30.43,-10.118
2025-11-17 00:30:00,583,Ramanathapuram,21.5,30.43,-10.118
2025-11-17 01:00:00,583,Ramanathapuram,28.0,30.43,-10.118
2025-11-17 02:00:00,583,Ramanathapuram,0.5,30.43,-10.118
2025-11-17 02:30:00,583,Ramanathapuram,6.0,30.43,-10.118
2025-11-17 03:00:00,583,Ramanathapuram,6.0,30.43,-10.118
2025-11-17 04:00:00,583,Ramanathapuram,0.5,30.43,-10.1065
2025-11-17 04:30:00,583,Ramanathapuram,0.5,30.43,-10.1065
2025-11-17 05:00:00,583,Ramanathapuram,1.0,30.43,-10.1065
2025-11-17 08:30:00,583,Ramanathapuram,0.5,30.43,-10.1065
2025-11-17 09:00:00,583,Ramanathapuram,0.5,30.43,-10.1065
2025-11-17 13:30:00,583,Ramanathapuram,1.0,30.43,-10.1095
2025-11-17 14:00:00,583,Ramanathapuram,2.5,30.43,-10.1095
2025-11-17 14:30:00,583,Ramanathapuram,2.0,30.43,-10.1095
2025-11-17 15:00:00,583,Ramanathapuram,3.5,30.43,-10.1095
2025-11-17 15:30:00,583,Ramanathapuram,1.5,30.43,-10.2985
2025-11-17 16:00:00,583,Ramanathapuram,2.0,30.43,-10.2985
2025-11-22 18:00:00,583,Ramanathapuram,0.75,30.43,-13.082
2025-11-22 19:00:00,583,Ramanathapuram,0.625,30.43,-13.082
2025-11-22 20:00:00,583,Ramanathapuram,2.0,30.43,-13.082
2025-11-22 21:00:00,583,Ramanathapuram,0.75,30.43,-13.082
2025-11-22 23:00:00,583,Ramanathapuram,0.5,30.43,-13.055
2025-11-23 02:00:00,583,Ramanathapuram,0.5,30.43,-13.055
2025-11-23 03:00:00,583,Ramanathapuram,0.5,30.43,-13.055
2025-11-23 04:00:00,583,Ramanathapuram,0.5,30.43,-7.731666666666666
2025-11-23 05:00:00,583,Ramanathapuram,0.5,30.43,-7.731666666666666
2025-11-23 06:00:00,583,Ramanathapuram,0.5,30.43,-7.731666666666666
2025-11-23 07:00:00,583,Ramanathapuram,1.0,30.43,-7.731666666666666
2025-11-23 08:00:00,583,Ramanathapuram,0.5,30.43,-7.731666666666666
2025-11-23 09:00:00,583,Ramanathapuram,0.5,30.43,-7.731666666666666
2025-11-23 12:00:00,583,Ramanathapuram,0.6666666666666666,30.43,-7.763333333333333
2025-11-23 13:00:00,583,Ramanathapuram,2.5,30.43,-7.763333333333333
2025-11-23 14:00:00,583,Ramanathapuram,4.0,30.43,-7.763333333333333
2025-11-23 15:00:00,583,Ramanathapuram,0.5,30.43,-7.763333333333333
2025-11-23 16:00:00,583,Ramanathapuram,1.5,30.43,-7.73
2025-11-23 17:00:00,583,Ramanathapuram,1.875,30.43,-7.73
2025-11-23 18:00:00,583,Ramanathapuram,0.5,30.43,-7.73
2025-11-23 19:00:00,583,Ramanathapuram,0.5,30.43,-7.73
2025-11-23 20:00:00,583,Ramanathapuram,2.75,30.43,-7.73
2025-11-23 21:00:00,583,Ramanathapuram,3.7,30.43,-7.73
2025-11-23 22:00:00,583,Ramanathapuram,6.375,30.43,-10.53525
2025-11-23 23:00:00,583,Ramanathapuram,2.3,30.43,-10.53525
2025-11-24 00:00:00,583,Ramanathapuram,0.8333333333333334,30.43,-10.53525
2025-11-24 01:00:00,583,Ramanathapuram,0.5,30.43,-10.53525
2025-11-24 02:00:00,583,Ramanathapuram,0.5,30.43,-10.53525
2025-11-24 03:00:00,583,Ramanathapuram,0.5,30.43,-10.53525
2025-11-24 04:00:00,583,Ramanathapuram,0.5,30.43,-10.51725
2025-11-24 05:00:00,583,Ramanathapuram,3.125,30.43,-10.51725
2025-11-24 06:00:00,583,Ramanathapuram,3.8333333333333335,30.43,-10.51725
2025-11-24 07:00:00,583,Ramanathapuram,1.25,30.43,-10.51725
2025-11-24 08:00:00,583,Ramanathapuram,8.0,30.43,-10.51725
2025-11-24 09:00:00,583,Ramanathapuram,13.0,30.43,-10.51725
2025-11-24 10:00:00,583,Ramanathapuram,0.5,30.43,-10.519749999999998
2025-11-24 11:00:00,583,Ramanathapuram,6.75,30.43,-10.519749999999998
2025-11-24 12:00:00,583,Ramanathapuram,0.5,30.43,-10.519749999999998
2025-11-24 13:00:00,583,Ramanathapuram,37.5,30.43,-10.519749999999998
2025-11-24 14:00:00,583,Ramanathapuram,10.166666666666666,30.43,-10.519749999999998
2025-11-24 15:00:00,583,Ramanathapuram,1.5,30.43,-10.519749999999998
2025-11-24 16:00:00,583,Ramanathapuram,1.0,30.43,-10.52775
2025-12-01 18:00:00,583,Ramanathapuram,0.5,30.43,-10.28
2025-12-01 19:00:00,583,Ramanathapuram,7.75,30.43,-10.28
2025-12-01 20:00:00,583,Ramanathapuram,0.5,30.43,-10.28
2025-12-01 21:00:00,583,Ramanathapuram,0.5,30.43,-10.28
2025-12-01 22:00:00,583,Ramanathapuram,0.5,30.43,-10.277
2025-12-02 00:00:00,583,Ramanathapuram,0.5,30.43,-10.277
2025-12-02 08:00:00,583,Ramanathapuram,0.5,30.43,-10.27425
2025-12-02 12:00:00,583,Ramanathapuram,0.5,30.43,-10.2895
2025-12-02 16:00:00,583,Ramanathapuram,0.5,30.43,-10.29825
2025-12-02 21:00:00,583,Ramanathapuram,0.5,30.43,-10.29825
2025-12-03 03:00:00,583,Ramanathapuram,0.5,30.43,-10.2915
2025-12-03 07:00:00,583,Ramanathapuram,0.75,30.43,-10.2875
2025-12-03 09:00:00,583,Ramanathapuram,0.5,30.43,-10.2875
2025-12-03 10:00:00,583,Ramanathapuram,0.5,30.43,-10.3045
2025-12-03 13:00:00,583,Ramanathapuram,3.0,30.43,-10.3045
2025-12-03 14:00:00,583,Ramanathapuram,0.5,30.43,-10.3045
2025-12-03 15:00:00,583,Ramanathapuram,0.5,30.43,-10.3045
2025-12-08 02:00:00,583,Ramanathapuram,0.5,30.43,-7.371333333333333
2025-12-08 03:00:00,583,Ramanathapuram,0.5,30.43,-7.371333333333333
2025-12-08 04:00:00,583,Ramanathapuram,0.5,30.43,-15.747
2025-12-08 07:00:00,583,Ramanathapuram,0.5,30.43,-15.747
2025-12-08 08:00:00,583,Ramanathapuram,0.5,30.43,-15.747
2025-12-08 10:00:00,583,Ramanathapuram,0.5,30.43,-15.744
2025-12-08 15:00:00,583,Ramanathapuram,0.5,30.43,-15.744
2025-12-08 20:00:00,583,Ramanathapuram,0.5,30.43,-10.219
2025-12-13 02:00:00,583,Ramanathapuram,0.5,30.43,-7.331
2025-12-20 22:00:00,583,Ramanathapuram,0.5,30.43,-7.260666666666666
2025-12-21 18:00:00,583,Ramanathapuram,0.5,30.43,-7.256333333333333
2025-12-28 12:00:00,583,Ramanathapuram,0.5,30.43,-7.253
2025-12-29 02:00:00,583,Ramanathapuram,0.5,30.43,-7.256333333333334
2025-12-29 16:00:00,583,Ramanathapuram,0.5,30.43,-15.435
2026-01-10 23:00:00,583,Ramanathapuram,1.0,30.43,-7.720499999999999
2026-01-11 00:50:00,583,Ramanathapuram,0.5,30.43,-7.720499999999999
2026-01-11 01:00:00,583,Ramanathapuram,0.5,30.43,-7.720499999999999
2026-01-11 02:00:00,583,Ramanathapuram,0.5,30.43,-7.720499999999999
2026-01-11 02:40:00,583,Ramanathapuram,0.5,30.43,-7.720499999999999
2026-01-11 02:50:00,583,Ramanathapuram,0.5,30.43,-7.720499999999999
2026-01-11 03:00:00,583,Ramanathapuram,1.25,30.43,-7.720499999999999
2026-01-12 14:00:00,583,Ramanathapuram,0.5,30.43,-10.3385
2026-01-18 02:00:00,583,Ramanathapuram,0.5,30.43,-8.012272727272729
2026-01-27 09:00:00,583,Ramanathapuram,0.5,30.43,-10.697636363636365
2023-11-24 15:00:00,585,Sivaganga,0.5,0.029,-4.969285714285713
2023-11-24 17:00:00,585,Sivaganga,5.0,0.03,-4.9750000000000005
2023-11-25 14:00:00,585,Sivaganga,4.0,0.02,-7.868714285714286
2023-11-25 15:00:00,585,Sivaganga,0.75,0.018,-7.868714285714286
2023-11-25 16:00:00,585,Sivaganga,2.0,0.026,-7.803142857142857
2023-11-26 14:00:00,585,Sivaganga,2.75,0.023,-8.70375
2023-11-26 15:00:00,585,Sivaganga,1.0,0.022,-8.70375
2023-11-26 16:00:00,585,Sivaganga,0.5,0.022,-8.658625
2023-11-27 12:00:00,585,Sivaganga,0.5,0.022,-8.610375
2023-11-27 13:00:00,585,Sivaganga,4.0,0.022,-8.610375
2023-11-27 14:00:00,585,Sivaganga,2.75,0.021,-8.610375
2023-11-27 15:00:00,585,Sivaganga,2.5,0.022,-8.610375
2023-11-28 17:00:00,585,Sivaganga,0.5,0.029,-8.649125
2023-11-30 10:00:00,585,Sivaganga,0.5,0.028,-7.716571428571428
2023-11-30 11:00:00,585,Sivaganga,6.0,0.028,-7.716571428571428
2023-11-30 15:00:00,585,Sivaganga,2.5,0.028,-7.716571428571428
2023-11-30 17:00:00,585,Sivaganga,1.5,0.026,-7.658714285714285
2023-12-02 00:00:00,585,Sivaganga,0.5,0.029,-7.644571428571429
2023-12-03 04:00:00,585,Sivaganga,0.5,0.026,-7.622142857142856
2023-12-03 16:00:00,585,Sivaganga,0.5,0.021,-7.698714285714286
2023-12-03 17:00:00,585,Sivaganga,0.5,0.023,-7.698714285714286
2023-12-06 02:00:00,585,Sivaganga,27.5,0.023,-5.163250000000001
2023-12-08 04:00:00,585,Sivaganga,3.5,0.023,-5.282
2023-12-08 08:00:00,585,Sivaganga,0.5,0.021,-5.282
2023-12-09 16:00:00,585,Sivaganga,1.0,0.02,-5.7165
2023-12-09 17:00:00,585,Sivaganga,0.5,0.02,-5.7165
2023-12-16 14:00:00,585,Sivaganga,0.5,0.028,-6.1985
2023-12-16 15:00:00,585,Sivaganga,1.3333333333333333,0.028,-6.1985
2023-12-16 16:00:00,585,Sivaganga,2.0,0.026,-12.24125
2023-12-16 17:00:00,585,Sivaganga,1.8333333333333333,0.027,-12.24125
2023-12-16 18:00:00,585,Sivaganga,2.0,0.027,-12.24125
2023-12-16 19:00:00,585,Sivaganga,0.75,0.027,-12.24125
2023-12-16 22:00:00,585,Sivaganga,0.6666666666666666,0.029,-12.154
2023-12-16 23:00:00,585,Sivaganga,0.5,0.025,-12.154
2023-12-17 01:00:00,585,Sivaganga,2.1666666666666665,0.023,-12.154
2023-12-17 02:00:00,585,Sivaganga,1.75,0.019,-12.154
2023-12-17 03:00:00,585,Sivaganga,2.25,0.02,-12.154
2023-12-17 04:00:00,585,Sivaganga,0.75,0.022,-12.01025
2023-12-17 14:00:00,585,Sivaganga,2.1666666666666665,0.023,-12.260750000000002
2023-12-17 15:00:00,585,Sivaganga,0.5,0.023,-12.260750000000002
2023-12-17 16:00:00,585,Sivaganga,0.5,0.023,-12.15975
2023-12-17 17:00:00,585,Sivaganga,2.0,0.016,-12.15975
2023-12-17 18:00:00,585,Sivaganga,1.0,0.016,-12.15975
2023-12-17 19:00:00,585,Sivaganga,0.5,0.015,-12.15975
2023-12-18 00:00:00,585,Sivaganga,0.5,0.02,-5.72525
2023-12-18 01:00:00,585,Sivaganga,0.5,0.011,-5.72525
2023-12-18 03:00:00,585,Sivaganga,1.0,0.021,-5.72525
2023-12-18 04:00:00,585,Sivaganga,0.5,0.031,-5.704
2023-12-18 05:00:00,585,Sivaganga,1.5,0.03,-5.704
2023-12-18 06:00:00,585,Sivaganga,0.5,0.031,-5.704
2023-12-18 07:00:00,585,Sivaganga,0.5,0.039,-5.704
2023-12-18 08:00:00,585,Sivaganga,0.5,0.059,-5.704
2023-12-18 11:00:00,585,Sivaganga,0.5,0.086,-5.954
2023-12-18 12:00:00,585,Sivaganga,0.75,0.092,-5.954
2023-12-20 09:00:00,585,Sivaganga,0.5,0.202,-5.890499999999999
2023-12-20 17:00:00,585,Sivaganga,0.5,0.229,-12.29325
2023-12-20 18:00:00,585,Sivaganga,0.5,0.229,-12.29325
2023-12-20 19:00:00,585,Sivaganga,0.5,0.227,-12.29325
2023-12-21 09:00:00,585,Sivaganga,0.5,0.193,-12.15775
2023-12-21 12:00:00,585,Sivaganga,2.75,0.188,-12.33125
2023-12-21 13:00:00,585,Sivaganga,0.5,0.184,-12.33125
2023-12-25 09:00:00,585,Sivaganga,0.5,0.061,-7.671142857142857
2023-12-25 15:00:00,585,Sivaganga,0.5,0.043,-7.80042857142857
2023-12-25 17:00:00,585,Sivaganga,1.0,0.044,-7.788714285714286
2023-12-29 15:00:00,585,Sivaganga,1.5,0.011,-7.873714285714286
2024-01-06 17:00:00,585,Sivaganga,3.0,0.027,-9.232
2024-01-06 18:00:00,585,Sivaganga,2.5,0.028,-9.232
2024-01-06 19:00:00,585,Sivaganga,1.0,0.028,-9.232
2024-01-08 18:00:00,585,Sivaganga,0.5,0.022,-9.20225
2024-01-08 19:00:00,585,Sivaganga,3.0,0.015,-9.20225
2024-01-08 20:00:00,585,Sivaganga,0.5,0.017,-9.20225
2024-01-08 21:00:00,585,Sivaganga,0.5,0.017,-9.20225
2024-01-08 22:00:00,585,Sivaganga,0.6666666666666666,0.018,-9.1625
2024-01-08 23:00:00,585,Sivaganga,0.5,0.017,-9.1625
2024-01-09 11:00:00,585,Sivaganga,0.5,0.028,-9.114375
2024-01-09 12:00:00,585,Sivaganga,0.5,0.036,-9.114375
2024-01-09 13:00:00,585,Sivaganga,0.5,0.035,-9.114375
2024-01-09 14:00:00,585,Sivaganga,1.3333333333333333,0.036,-9.114375
2024-01-09 16:00:00,585,Sivaganga,0.5,0.037,-9.230375
2024-01-09 17:00:00,585,Sivaganga,0.5,0.042,-9.230375
2024-01-20 06:00:00,585,Sivaganga,0.5,0.005,-9.192
2024-01-20 07:00:00,585,Sivaganga,1.0,0.005,-9.192
2024-01-20 08:00:00,585,Sivaganga,8.5,0.008,-9.192
2024-01-20 09:00:00,585,Sivaganga,1.0,0.01,-9.192
2024-01-20 10:00:00,585,Sivaganga,0.75,0.01,-9.3795
2024-01-20 11:00:00,585,Sivaganga,1.0,0.011,-9.3795
2024-01-20 12:00:00,585,Sivaganga,0.5,0.009,-9.3795
2024-10-17 07:00:00,585,Sivaganga,0.5,0.001,-9.002444444444444
2024-10-19 03:00:00,585,Sivaganga,1.0,58.2,-8.884444444444446
2024-10-19 04:00:00,585,Sivaganga,1.0,58.2,-8.946777777777777
2024-10-19 05:00:00,585,Sivaganga,1.5,58.2,-8.946777777777777
2024-10-19 06:00:00,585,Sivaganga,1.0,58.2,-8.946777777777777
2024-10-19 07:00:00,585,Sivaganga,0.5,58.2,-8.946777777777777
2024-10-19 08:00:00,585,Sivaganga,0.5,58.2,-8.946777777777777
2024-10-19 19:00:00,585,Sivaganga,5.5,58.2,-8.95411111111111
2024-10-19 20:00:00,585,Sivaganga,27.0,58.2,-8.95411111111111
2024-10-21 14:00:00,585,Sivaganga,1.0,58.2,-8.920555555555556
2024-10-21 17:00:00,585,Sivaganga,0.5,58.2,-8.889666666666667
2024-10-22 14:00:00,585,Sivaganga,10.5,58.2,-8.756777777777778
2024-10-24 21:00:00,585,Sivaganga,14.5,58.2,-8.1674
2024-10-24 22:00:00,585,Sivaganga,13.333333333333334,58.2,-7.703100000000001
2024-10-24 23:00:00,585,Sivaganga,18.33333333333333,58.2,-7.703100000000001
2024-10-25 00:00:00,585,Sivaganga,1.3333333333333333,58.2,-7.703100000000001
2024-10-25 01:00:00,585,Sivaganga,1.1666666666666667,58.2,-7.703100000000001
2024-10-25 15:00:00,585,Sivaganga,19.0,58.2,-8.554444444444444
2024-10-25 16:00:00,585,Sivaganga,17.333333333333332,58.2,-8.289555555555555
2024-10-25 17:00:00,585,Sivaganga,9.166666666666666,58.2,-8.289555555555555
2024-10-25 18:00:00,585,Sivaganga,1.8333333333333333,58.2,-8.289555555555555
2024-10-25 19:00:00,585,Sivaganga,0.75,58.202,-8.289555555555555
2024-10-25 20:00:00,585,Sivaganga,0.5,58.211,-8.289555555555555
2024-10-25 21:00:00,585,Sivaganga,0.5,58.212,-8.289555555555555
2024-10-29 01:00:00,585,Sivaganga,1.5,58.611,-7.433222222222223
2024-11-27 09:00:00,585,Sivaganga,1.0,58.2,-6.649375
2024-11-27 11:00:00,585,Sivaganga,1.0,58.2,-6.681125
2024-11-27 11:20:00,585,Sivaganga,0.5,58.2,-6.681125
2024-11-27 11:25:00,585,Sivaganga,0.5,58.2,-6.681125
2024-11-27 11:30:00,585,Sivaganga,0.5,58.2,-6.681125
2024-11-27 11:35:00,585,Sivaganga,0.5,58.2,-6.681125
2024-11-27 11:40:00,585,Sivaganga,0.5,58.2,-6.681125
2024-11-27 11:45:00,585,Sivaganga,0.5,58.2,-6.681125
2024-11-27 11:50:00,585,Sivaganga,0.5,58.2,-6.681125
2024-11-27 11:55:00,585,Sivaganga,0.5,58.2,-6.681125
2024-11-27 12:00:00,585,Sivaganga,1.5,58.2,-6.681125
2024-11-27 12:15:00,585,Sivaganga,0.5,58.2,-6.681125
2024-11-27 12:20:00,585,Sivaganga,0.5,58.2,-6.681125
2024-11-27 12:25:00,585,Sivaganga,0.5,58.2,-6.681125
2024-11-27 12:30:00,585,Sivaganga,0.5,58.2,-6.681125
2024-11-27 12:35:00,585,Sivaganga,1.0,58.2,-6.681125
2024-11-27 12:40:00,585,Sivaganga,1.0,58.2,-6.681125
2024-11-27 12:45:00,585,Sivaganga,1.0,58.2,-6.681125
2024-11-27 12:50:00,585,Sivaganga,1.0,58.2,-6.681125
2024-11-27 12:55:00,585,Sivaganga,1.0,58.2,-6.681125
2024-11-27 13:00:00,585,Sivaganga,0.75,58.2,-6.681125
2024-11-27 14:00:00,585,Sivaganga,1.0,58.2,-6.681125
2024-11-29 11:00:00,585,Sivaganga,2.0,58.2,-6.6625
2024-11-29 23:00:00,585,Sivaganga,0.5,58.2,-7.185142857142857
2024-11-30 00:00:00,585,Sivaganga,1.0,58.2,-7.185142857142857
2024-12-01 15:00:00,585,Sivaganga,0.75,58.2,-7.911285714285714
2024-12-02 18:00:00,585,Sivaganga,3.5,58.2,-6.497333333333334
2024-12-02 22:00:00,585,Sivaganga,0.5,58.2,-6.515777777777778
2024-12-05 04:00:00,585,Sivaganga,0.5,58.2,-6.441111111111111
2024-12-11 12:00:00,585,Sivaganga,1.0,58.2,-7.344428571428572
2024-12-11 13:00:00,585,Sivaganga,0.75,58.2,-7.344428571428572
2024-12-11 14:00:00,585,Sivaganga,1.0,58.2,-7.344428571428572
2024-12-11 16:00:00,585,Sivaganga,0.5,58.2,-7.260714285714286
2024-12-11 17:00:00,585,Sivaganga,1.25,58.2,-7.260714285714286
2024-12-11 22:00:00,585,Sivaganga,0.5,58.2,-7.286142857142857
2024-12-11 23:00:00,585,Sivaganga,0.5,58.2,-7.286142857142857
2024-12-12 02:00:00,585,Sivaganga,0.5,58.2,-7.286142857142857
2024-12-12 03:00:00,585,Sivaganga,2.0,58.2,-7.286142857142857
2024-12-12 04:00:00,585,Sivaganga,11.75,58.2,-6.63425
2024-12-12 05:00:00,585,Sivaganga,4.0,58.2,-6.63425
2024-12-12 06:00:00,585,Sivaganga,3.75,58.2,-6.63425
2024-12-12 07:00:00,585,Sivaganga,5.5,58.2,-6.63425
2024-12-12 08:00:00,585,Sivaganga,2.25,58.2,-6.63425
2024-12-12 09:00:00,585,Sivaganga,5.75,58.2,-6.63425
2024-12-12 10:00:00,585,Sivaganga,6.75,58.2,-6.626
2024-12-12 11:00:00,585,Sivaganga,1.6666666666666667,58.2,-6.626
2024-12-12 12:00:00,585,Sivaganga,0.5,58.2,-6.626
2024-12-12 13:00:00,585,Sivaganga,4.5,58.2,-6.626
2024-12-12 14:00:00,585,Sivaganga,0.75,58.2,-6.626
2024-12-12 15:00:00,585,Sivaganga,1.8333333333333333,58.2,-6.626
2024-12-12 16:00:00,585,Sivaganga,1.5,58.2,-6.610625
2024-12-12 19:00:00,585,Sivaganga,0.5,58.2,-6.610625
2024-12-12 23:00:00,585,Sivaganga,3.5,58.2,-6.5195
2024-12-13 00:00:00,585,Sivaganga,0.5,58.2,-6.5195
2024-12-13 02:00:00,585,Sivaganga,0.5,58.2,-6.5195
2024-12-13 03:00:00,585,Sivaganga,1.0,58.2,-6.5195
2024-12-13 04:00:00,585,Sivaganga,24.5,58.2,-6.419375
2024-12-13 05:00:00,585,Sivaganga,26.25,58.2,-6.419375
2024-12-13 06:00:00,585,Sivaganga,7.75,58.2,-6.419375
2024-12-13 07:00:00,585,Sivaganga,0.5,58.2,-6.419375
2024-12-13 08:00:00,585,Sivaganga,1.75,58.2,-6.419375
2024-12-13 09:00:00,585,Sivaganga,0.6666666666666666,58.2,-6.419375
2024-12-13 10:00:00,585,Sivaganga,0.5,58.2,-6.36675
2024-12-13 11:00:00,585,Sivaganga,1.0,58.2,-6.36675
2024-12-13 16:00:00,585,Sivaganga,1.0,58.2,-6.2885
2024-12-13 20:00:00,585,Sivaganga,1.5,58.2,-6.2885
2024-12-13 21:00:00,585,Sivaganga,1.0,58.2,-6.2885
2024-12-14 03:00:00,585,Sivaganga,22.0,58.2,-6.207750000000001
2024-12-14 04:00:00,585,Sivaganga,7.0,58.2,-6.132875
2024-12-14 05:00:00,585,Sivaganga,2.0,58.2,-6.132875
2024-12-14 06:00:00,585,Sivaganga,2.5,58.2,-6.132875
2024-12-14 07:00:00,585,Sivaganga,1.0,58.2,-6.132875
2024-12-14 08:00:00,585,Sivaganga,1.0,58.2,-6.132875
2024-12-14 09:00:00,585,Sivaganga,1.0,58.2,-6.132875
2024-12-14 11:00:00,585,Sivaganga,3.0,58.2,-6.10175
2024-12-14 12:00:00,585,Sivaganga,3.25,58.2,-6.10175
2024-12-14 13:00:00,585,Sivaganga,4.0,58.2,-6.10175
2024-12-18 11:30:00,585,Sivaganga,1.5,58.2,-6.6201428571428576
2024-12-18 11:35:00,585,Sivaganga,1.5,58.2,-6.6201428571428576
2024-12-18 11:40:00,585,Sivaganga,1.5,58.2,-6.6201428571428576
2024-12-18 11:45:00,585,Sivaganga,1.5,58.2,-6.6201428571428576
2024-12-18 11:50:00,585,Sivaganga,1.5,58.2,-6.6201428571428576
2024-12-18 11:55:00,585,Sivaganga,1.5,58.2,-6.6201428571428576
2024-12-18 12:00:00,585,Sivaganga,1.5,58.2,-6.6201428571428576
2024-12-20 18:00:00,585,Sivaganga,3.5,58.2,-5.9475
2024-12-20 19:00:00,585,Sivaganga,3.0,58.2,-5.9475
2024-12-20 19:30:00,585,Sivaganga,15.0,58.2,-5.9475
2024-12-20 20:00:00,585,Sivaganga,15.0,58.2,-5.9475
2024-12-27 15:00:00,585,Sivaganga,0.5,58.2,-5.595888888888889
2024-12-27 15:30:00,585,Sivaganga,4.5,58.2,-5.531
2024-12-27 16:00:00,585,Sivaganga,13.75,58.2,-5.531
2024-12-27 18:00:00,585,Sivaganga,0.5,58.2,-5.531
2024-12-27 19:00:00,585,Sivaganga,0.5,58.2,-5.531
2024-12-27 21:30:00,585,Sivaganga,0.5,58.2,-5.529
2024-12-27 22:00:00,585,Sivaganga,0.5,58.2,-5.529
2024-12-29 18:00:00,585,Sivaganga,0.5,58.2,-5.543
2024-12-30 01:00:00,585,Sivaganga,0.5,58.2,-5.549666666666667
2024-12-30 14:00:00,585,Sivaganga,2.5,58.2,-5.567
2024-12-30 14:30:00,585,Sivaganga,1.5,58.2,-5.567
2024-12-30 15:00:00,585,Sivaganga,1.5,58.2,-5.567
2024-12-31 04:00:00,585,Sivaganga,0.5,58.2,-5.507111111111112
2024-12-31 05:00:00,585,Sivaganga,2.5,58.2,-5.507111111111112
2025-01-14 14:00:00,585,Sivaganga,0.5,58.2,-6.353375
2025-01-14 16:00:00,585,Sivaganga,2.25,58.2,-6.321875
2025-01-14 17:00:00,585,Sivaganga,7.0,58.2,-6.321875
2025-01-14 18:00:00,585,Sivaganga,0.5,58.2,-6.321875
2025-01-15 02:00:00,585,Sivaganga,0.5,58.2,-6.289625
2025-01-15 03:00:00,585,Sivaganga,0.5,58.2,-6.289625
2025-01-15 04:00:00,585,Sivaganga,0.5,58.2,-6.287875
2025-01-15 15:00:00,585,Sivaganga,0.5,58.2,-6.303
2025-01-15 16:00:00,585,Sivaganga,0.5,58.2,-6.300999999999999
2025-01-22 17:00:00,585,Sivaganga,1.0,58.2,-6.359125000000001
2025-02-01 16:00:00,585,Sivaganga,1.5,58.2,-6.48025
2025-02-28 00:00:00,585,Sivaganga,2.5,58.468,-7.156499999999999
2025-02-28 03:00:00,585,Sivaganga,4.75,58.514,-7.156499999999999
2025-02-28 11:00:00,585,Sivaganga,0.5,58.406,-7.2295
2025-02-28 15:00:00,585,Sivaganga,1.0,58.482,-7.2295
2025-03-01 08:00:00,585,Sivaganga,2.5,58.546,-7.111875
2025-03-01 14:00:00,585,Sivaganga,1.0,58.552,-7.131625
2025-04-01 15:00:00,585,Sivaganga,0.5,59.042,-7.2515
2025-04-01 15:30:00,585,Sivaganga,0.5,59.042,-7.24225
2025-04-01 16:00:00,585,Sivaganga,0.5,59.061,-7.24225
2025-04-03 03:00:00,585,Sivaganga,13.5,59.102,-7.015888888888889
2025-04-03 03:30:00,585,Sivaganga,19.5,59.102,-7.585749999999999
2025-04-03 04:00:00,585,Sivaganga,41.5,59.102,-7.585749999999999
2025-04-03 05:00:00,585,Sivaganga,2.0,59.102,-7.585749999999999
2025-04-03 06:00:00,585,Sivaganga,11.0,59.107,-7.585749999999999
2025-04-03 07:00:00,585,Sivaganga,1.0,59.102,-7.585749999999999
2025-04-03 08:00:00,585,Sivaganga,0.5,58.2,-7.585749999999999
2025-04-03 09:00:00,585,Sivaganga,0.5,59.076,-7.585749999999999
2025-04-07 02:00:00,585,Sivaganga,23.0,59.109,-7.2785
2025-04-07 03:00:00,585,Sivaganga,1.0,59.115,-7.2785
2025-04-12 01:00:00,585,Sivaganga,9.25,59.087,-9.91477777777778
2025-04-12 02:00:00,585,Sivaganga,18.5,59.097,-9.91477777777778
2025-04-12 03:00:00,585,Sivaganga,11.5,59.113,-9.91477777777778
2025-04-12 04:00:00,585,Sivaganga,6.0,59.104,-9.90877777777778
2025-04-12 05:00:00,585,Sivaganga,3.0,59.107,-9.90877777777778
2025-04-15 05:00:00,585,Sivaganga,1.0,59.048,-9.906777777777778
2025-04-16 11:40:00,585,Sivaganga,2.5,59.166,-7.112444444444445
2025-04-16 12:00:00,585,Sivaganga,2.5,59.166,-7.112444444444445
2025-04-16 12:30:00,585,Sivaganga,1.0,59.166,-7.112444444444445
2025-04-16 13:00:00,585,Sivaganga,1.0,59.174,-7.112444444444445
2025-05-04 18:00:00,585,Sivaganga,38.5,93.2,-6.881125
2025-05-04 19:00:00,585,Sivaganga,5.0,93.2,-6.881125
2025-05-04 23:00:00,585,Sivaganga,2.5,93.2,-6.885875
2025-05-06 19:00:00,585,Sivaganga,13.0,93.2,-9.824333333333334
2025-05-06 20:00:00,585,Sivaganga,0.5,93.2,-9.824333333333334
2025-05-06 21:00:00,585,Sivaganga,5.0,93.2,-9.824333333333334
2025-05-06 22:00:00,585,Sivaganga,1.0,93.2,-7.420333333333334
2025-05-07 17:00:00,585,Sivaganga,0.5,93.2,-10.12088888888889
2025-05-14 17:00:00,585,Sivaganga,9.5,93.2,-7.442666666666666
2025-05-14 18:00:00,585,Sivaganga,14.0,93.2,-7.442666666666666
2025-05-14 22:00:00,585,Sivaganga,1.0,93.2,-7.344222222222222
2025-05-15 18:00:00,585,Sivaganga,57.0,93.2,-6.159714285714286
2025-05-15 19:00:00,585,Sivaganga,26.5,93.2,-6.159714285714286
2025-05-15 20:00:00,585,Sivaganga,0.5,93.2,-6.159714285714286
2025-05-17 08:00:00,585,Sivaganga,0.5,86.48,-7.243444444444445
2025-05-17 10:00:00,585,Sivaganga,0.5,86.396,-7.2315555555555555
2025-05-18 00:00:00,585,Sivaganga,2.0,86.444,-7.217333333333333
2025-05-18 01:00:00,585,Sivaganga,1.5,86.539,-7.217333333333333
2025-05-18 03:00:00,585,Sivaganga,0.5,86.535,-7.217333333333333
2025-05-18 09:00:00,585,Sivaganga,0.5,86.441,-7.189888888888889
2025-05-18 19:00:00,585,Sivaganga,9.5,86.421,-7.173222222222222
2025-05-18 20:00:00,585,Sivaganga,19.25,86.421,-7.173222222222222
2025-05-18 21:00:00,585,Sivaganga,3.0,86.415,-7.173222222222222
2025-05-19 01:00:00,585,Sivaganga,0.5,86.419,-7.138222222222222
2025-05-19 20:00:00,585,Sivaganga,1.0,86.425,-7.111999999999999
2025-05-19 21:00:00,585,Sivaganga,0.5,86.426,-7.111999999999999
2025-05-26 10:00:00,585,Sivaganga,0.5,86.371,-7.158444444444445
2025-06-02 18:00:00,585,Sivaganga,12.0,58.2,-7.288333333333333
2025-06-02 19:00:00,585,Sivaganga,0.5,93.2,-7.288333333333333
2025-06-04 15:00:00,585,Sivaganga,1.0,93.2,-8.01825
2025-06-04 18:00:00,585,Sivaganga,1.0,86.486,-8.015625
2025-06-10 18:00:00,585,Sivaganga,12.0,86.49,-7.9115
2025-06-10 19:00:00,585,Sivaganga,1.5,86.502,-7.9115
2025-06-11 15:00:00,585,Sivaganga,42.5,86.511,-7.917375
2025-06-11 16:00:00,585,Sivaganga,12.0,86.544,-7.908374999999999
2025-06-19 19:00:00,585,Sivaganga,10.5,86.466,-7.274
2025-06-20 19:00:00,585,Sivaganga,0.5,86.518,-8.38475
2025-06-21 19:00:00,585,Sivaganga,2.5,86.415,-8.384875
2025-06-22 17:00:00,585,Sivaganga,0.75,86.485,-9.129571428571428
2025-06-22 20:00:00,585,Sivaganga,0.5,86.42,-9.129571428571428
2025-06-25 17:00:00,585,Sivaganga,3.0,86.44,-9.86
2025-07-10 18:00:00,585,Sivaganga,2.0,86.413,-10.302166666666666
2025-07-10 19:00:00,585,Sivaganga,9.0,86.425,-10.302166666666666
2025-07-11 17:00:00,585,Sivaganga,2.5,86.516,-10.316
2025-07-12 20:00:00,585,Sivaganga,0.5,86.447,-10.2346
2025-07-12 21:00:00,585,Sivaganga,0.5,86.505,-10.2346
2025-07-14 17:00:00,585,Sivaganga,2.0,86.477,-10.345333333333334
2025-07-14 18:00:00,585,Sivaganga,1.0,86.506,-10.345333333333334
2025-07-14 19:00:00,585,Sivaganga,5.0,86.492,-10.345333333333334
2025-07-14 20:00:00,585,Sivaganga,2.0,86.492,-10.345333333333334
2025-07-16 18:00:00,585,Sivaganga,7.5,86.584,-10.3738
2025-07-16 19:00:00,585,Sivaganga,2.0,86.45,-10.3738
2025-07-16 20:00:00,585,Sivaganga,0.5,86.479,-10.3738
2025-07-20 18:00:00,585,Sivaganga,0.5,86.445,-8.3662
2025-07-31 18:00:00,585,Sivaganga,1.0,86.522,-10.114999999999998
2025-08-01 17:00:00,585,Sivaganga,1.0,86.509,-10.147285714285712
2025-08-01 18:00:00,585,Sivaganga,0.5,86.482,-10.147285714285712
2025-08-01 19:00:00,585,Sivaganga,9.0,86.54,-10.147285714285712
2025-08-01 20:00:00,585,Sivaganga,9.25,86.479,-10.147285714285712
2025-08-01 21:00:00,585,Sivaganga,0.75,86.485,-10.147285714285712
2025-08-02 00:00:00,585,Sivaganga,0.5,86.374,-10.096428571428572
2025-08-02 18:00:00,585,Sivaganga,36.0,86.466,-9.997714285714284
2025-08-02 19:00:00,585,Sivaganga,4.833333333333333,86.466,-9.997714285714284
2025-08-02 20:00:00,585,Sivaganga,0.5,86.462,-9.997714285714284
2025-08-02 21:00:00,585,Sivaganga,0.5,86.47,-9.997714285714284
2025-08-02 22:00:00,585,Sivaganga,0.5,86.465,-9.929428571428572
2025-08-02 23:00:00,585,Sivaganga,1.25,86.468,-9.929428571428572
2025-08-03 23:00:00,585,Sivaganga,0.5,86.359,-9.868
2025-08-04 19:00:00,585,Sivaganga,5.5,86.38,-9.873857142857144
2025-08-04 20:00:00,585,Sivaganga,0.5,86.382,-9.873857142857144
2025-08-05 12:00:00,585,Sivaganga,4.0,86.441,-9.852285714285712
2025-08-05 18:00:00,585,Sivaganga,3.5,86.399,-9.820285714285715
2025-08-08 21:00:00,585,Sivaganga,12.5,86.447,-9.764
2025-08-08 22:00:00,585,Sivaganga,0.5,86.451,-9.77357142857143
2025-08-09 04:00:00,585,Sivaganga,0.5,86.423,-10.572666666666668
2025-08-10 17:00:00,585,Sivaganga,0.5,86.343,-9.726857142857142
2025-08-10 20:00:00,585,Sivaganga,1.0,86.46,-9.726857142857142
2025-08-10 21:00:00,585,Sivaganga,0.5,86.463,-9.726857142857142
2025-08-11 00:00:00,585,Sivaganga,3.0,86.479,-9.692285714285717
2025-08-11 08:00:00,585,Sivaganga,0.5,86.481,-9.675428571428572
2025-08-11 09:00:00,585,Sivaganga,0.5,86.489,-9.675428571428572
2025-08-13 17:00:00,585,Sivaganga,1.5,86.455,-10.721166666666669
2025-08-14 06:00:00,585,Sivaganga,0.5,86.458,-9.638
2025-08-14 17:00:00,585,Sivaganga,0.5,86.456,-9.756285714285712
2025-08-15 14:00:00,585,Sivaganga,0.5,86.461,-9.755714285714284
2025-08-15 15:00:00,585,Sivaganga,5.0,86.467,-9.755714285714284
2025-08-15 19:00:00,585,Sivaganga,0.75,86.437,-9.700285714285714
2025-08-22 11:20:00,585,Sivaganga,2.5,86.487,-9.894714285714286
2025-08-22 11:25:00,585,Sivaganga,2.5,86.487,-9.894714285714286
2025-08-22 12:00:00,585,Sivaganga,2.5,86.458,-9.894714285714286
2025-08-23 17:00:00,585,Sivaganga,9.25,86.457,-9.825857142857142
2025-08-23 18:00:00,585,Sivaganga,0.75,86.459,-9.825857142857142
2025-08-23 19:00:00,585,Sivaganga,0.5,86.43,-9.825857142857142
2025-09-04 21:00:00,585,Sivaganga,0.5,1.007,-10.276285714285716
2025-09-04 22:00:00,585,Sivaganga,0.5,1.007,-10.183857142857144
2025-09-05 17:00:00,585,Sivaganga,2.5,2.79,-10.183000000000002
2025-09-05 18:00:00,585,Sivaganga,7.0,2.79,-10.183000000000002
2025-09-05 19:00:00,585,Sivaganga,1.25,2.79,-10.183000000000002
2025-09-11 16:00:00,585,Sivaganga,7.0,1.335,-9.510000000000002
2025-09-11 17:00:00,585,Sivaganga,53.0,1.335,-9.510000000000002
2025-09-11 18:00:00,585,Sivaganga,3.0,1.335,-9.510000000000002
2025-09-11 19:00:00,585,Sivaganga,0.6666666666666666,1.335,-9.510000000000002
2025-09-11 20:00:00,585,Sivaganga,0.5,1.335,-9.510000000000002
2025-09-15 20:00:00,585,Sivaganga,20.0,8.746,-9.787875
2025-09-15 21:00:00,585,Sivaganga,14.166666666666666,8.746,-9.787875
2025-09-15 22:00:00,585,Sivaganga,0.75,8.746,-9.7535
2025-09-15 23:00:00,585,Sivaganga,0.5,8.746,-9.7535
2025-09-17 21:00:00,585,Sivaganga,9.5,8.745,-9.79875
2025-09-17 22:00:00,585,Sivaganga,0.5,8.745,-9.75975
2025-09-17 23:00:00,585,Sivaganga,0.5,8.745,-9.75975
2025-10-16 09:00:00,585,Sivaganga,0.5,2.99,-1.656
2025-10-16 10:00:00,585,Sivaganga,3.25,2.99,-1.656
2025-10-16 11:00:00,585,Sivaganga,2.5,2.99,-1.656
2025-10-19 13:00:00,585,Sivaganga,0.5,1.081,-1.656
2025-10-23 17:00:00,585,Sivaganga,9.0,1.005,-1.636
2025-10-23 18:00:00,585,Sivaganga,1.5,1.005,-1.636
2025-10-23 19:00:00,585,Sivaganga,0.5,1.005,-1.636
2025-11-18 11:00:00,585,Sivaganga,0.5,8.736,-1.812
2025-11-18 13:00:00,585,Sivaganga,2.5,8.736,-1.812
2025-11-18 18:00:00,585,Sivaganga,1.5,8.736,-1.792
2026-01-11 01:00:00,585,Sivaganga,8.5,8.752,-5.563272727272727
2026-01-11 02:00:00,585,Sivaganga,1.0,8.752,-5.563272727272727
2026-01-11 03:00:00,585,Sivaganga,1.5,8.752,-5.563272727272727
2026-01-11 04:00:00,585,Sivaganga,1.0,8.752,-4.566857142857143
2026-01-11 05:00:00,585,Sivaganga,1.0,8.752,-4.566857142857143
2026-01-11 06:00:00,585,Sivaganga,0.5,8.752,-4.566857142857143
2026-01-11 08:00:00,585,Sivaganga,0.5,8.752,-4.566857142857143
2026-01-26 07:00:00,585,Sivaganga,0.5,8.752,-5.647166666666667
2026-01-26 17:00:00,585,Sivaganga,2.0,8.752,-5.679222222222222
